-99,-171,ftqefUlBFp37U1phyY8vmImkAHk=,eszPf4QlnJ7w521cupxjZnly4Cc=
-99,-170,ftqefUlBFp37U1phyY8vmImkAHk=,eszPf4QlnJ7w521cupxjZnly4Cc=
-98,-171,ftqefUlBFp37U1phyY8vmImkAHk=,eszPf4QlnJ7w521cupxjZnly4Cc=
-98,-170,ftqefUlBFp37U1phyY8vmImkAHk=,eszPf4QlnJ7w521cupxjZnly4Cc=
-98,-173,fpFlPBloYA/WBLgoeFSmkdIijS8=,0yXxizy910z0dMZqSXqVnetJlVk=
-99,-172,fpFlPBloYA/WBLgoeFSmkdIijS8=,eszPf4QlnJ7w521cupxjZnly4Cc=
-98,-175,fpFlPBloYA/WBLgoeFSmkdIijS8=,0yXxizy910z0dMZqSXqVnetJlVk=
-98,-174,fpFlPBloYA/WBLgoeFSmkdIijS8=,0yXxizy910z0dMZqSXqVnetJlVk=
-99,-175,fpFlPBloYA/WBLgoeFSmkdIijS8=,0yXxizy910z0dMZqSXqVnetJlVk=
-99,-174,fpFlPBloYA/WBLgoeFSmkdIijS8=,0yXxizy910z0dMZqSXqVnetJlVk=
-99,-173,fpFlPBloYA/WBLgoeFSmkdIijS8=,0yXxizy910z0dMZqSXqVnetJlVk=
-98,-172,fpFlPBloYA/WBLgoeFSmkdIijS8=,eszPf4QlnJ7w521cupxjZnly4Cc=
-103,-171,fpFlPBloYA/WBLgoeFSmkdIijS8=,gdM2HtM+vpQk5THrAMjJB3bU6Yo=
-100,-171,fpFlPBloYA/WBLgoeFSmkdIijS8=,eszPf4QlnJ7w521cupxjZnly4Cc=
-100,-170,fpFlPBloYA/WBLgoeFSmkdIijS8=,eszPf4QlnJ7w521cupxjZnly4Cc=
-102,-171,fpFlPBloYA/WBLgoeFSmkdIijS8=,gdM2HtM+vpQk5THrAMjJB3bU6Yo=
-101,-171,fpFlPBloYA/WBLgoeFSmkdIijS8=,gdM2HtM+vpQk5THrAMjJB3bU6Yo=
-103,-170,fpFlPBloYA/WBLgoeFSmkdIijS8=,gdM2HtM+vpQk5THrAMjJB3bU6Yo=
-102,-170,fpFlPBloYA/WBLgoeFSmkdIijS8=,gdM2HtM+vpQk5THrAMjJB3bU6Yo=
-101,-170,fpFlPBloYA/WBLgoeFSmkdIijS8=,gdM2HtM+vpQk5THrAMjJB3bU6Yo=
-103,-172,fpFlPBloYA/WBLgoeFSmkdIijS8=,gdM2HtM+vpQk5THrAMjJB3bU6Yo=
-100,-172,fpFlPBloYA/WBLgoeFSmkdIijS8=,eszPf4QlnJ7w521cupxjZnly4Cc=
-101,-172,fpFlPBloYA/WBLgoeFSmkdIijS8=,gdM2HtM+vpQk5THrAMjJB3bU6Yo=
-103,-173,fpFlPBloYA/WBLgoeFSmkdIijS8=,0U9cdAu2tQA39XaaXVNIEuYd/8k=
-102,-173,fpFlPBloYA/WBLgoeFSmkdIijS8=,0U9cdAu2tQA39XaaXVNIEuYd/8k=
-102,-172,fpFlPBloYA/WBLgoeFSmkdIijS8=,gdM2HtM+vpQk5THrAMjJB3bU6Yo=
-103,-175,fpFlPBloYA/WBLgoeFSmkdIijS8=,0U9cdAu2tQA39XaaXVNIEuYd/8k=
-102,-174,fpFlPBloYA/WBLgoeFSmkdIijS8=,0U9cdAu2tQA39XaaXVNIEuYd/8k=
-103,-174,fpFlPBloYA/WBLgoeFSmkdIijS8=,0U9cdAu2tQA39XaaXVNIEuYd/8k=
-100,-173,fpFlPBloYA/WBLgoeFSmkdIijS8=,0yXxizy910z0dMZqSXqVnetJlVk=
-102,-175,fpFlPBloYA/WBLgoeFSmkdIijS8=,0U9cdAu2tQA39XaaXVNIEuYd/8k=
-100,-174,fpFlPBloYA/WBLgoeFSmkdIijS8=,0yXxizy910z0dMZqSXqVnetJlVk=
-101,-175,fpFlPBloYA/WBLgoeFSmkdIijS8=,0U9cdAu2tQA39XaaXVNIEuYd/8k=
-100,-175,fpFlPBloYA/WBLgoeFSmkdIijS8=,0yXxizy910z0dMZqSXqVnetJlVk=
-101,-174,fpFlPBloYA/WBLgoeFSmkdIijS8=,0U9cdAu2tQA39XaaXVNIEuYd/8k=
-106,-171,fpFlPBloYA/WBLgoeFSmkdIijS8=,8ECUKRqMmf6LnDUtnVduNjtdZrQ=
-101,-173,fpFlPBloYA/WBLgoeFSmkdIijS8=,0U9cdAu2tQA39XaaXVNIEuYd/8k=
-107,-171,fpFlPBloYA/WBLgoeFSmkdIijS8=,8ECUKRqMmf6LnDUtnVduNjtdZrQ=
-105,-171,fpFlPBloYA/WBLgoeFSmkdIijS8=,8ECUKRqMmf6LnDUtnVduNjtdZrQ=
-105,-170,fpFlPBloYA/WBLgoeFSmkdIijS8=,8ECUKRqMmf6LnDUtnVduNjtdZrQ=
-104,-171,fpFlPBloYA/WBLgoeFSmkdIijS8=,gdM2HtM+vpQk5THrAMjJB3bU6Yo=
-106,-170,fpFlPBloYA/WBLgoeFSmkdIijS8=,8ECUKRqMmf6LnDUtnVduNjtdZrQ=
-107,-170,fpFlPBloYA/WBLgoeFSmkdIijS8=,8ECUKRqMmf6LnDUtnVduNjtdZrQ=
-104,-170,fpFlPBloYA/WBLgoeFSmkdIijS8=,gdM2HtM+vpQk5THrAMjJB3bU6Yo=
-102,-168,fpFlPBloYA/WBLgoeFSmkdIijS8=,WIZQgMyfGR6oDKIZWTzASf/48cU=
-103,-167,fpFlPBloYA/WBLgoeFSmkdIijS8=,WIZQgMyfGR6oDKIZWTzASf/48cU=
-103,-169,fpFlPBloYA/WBLgoeFSmkdIijS8=,gdM2HtM+vpQk5THrAMjJB3bU6Yo=
-103,-168,fpFlPBloYA/WBLgoeFSmkdIijS8=,WIZQgMyfGR6oDKIZWTzASf/48cU=
-102,-167,fpFlPBloYA/WBLgoeFSmkdIijS8=,WIZQgMyfGR6oDKIZWTzASf/48cU=
-102,-169,fpFlPBloYA/WBLgoeFSmkdIijS8=,gdM2HtM+vpQk5THrAMjJB3bU6Yo=
-103,-166,fpFlPBloYA/WBLgoeFSmkdIijS8=,WIZQgMyfGR6oDKIZWTzASf/48cU=
-102,-166,fpFlPBloYA/WBLgoeFSmkdIijS8=,WIZQgMyfGR6oDKIZWTzASf/48cU=
-105,-166,fpFlPBloYA/WBLgoeFSmkdIijS8=,JcTNxeb3e9nCQsYwpHdKkVH566M=
-105,-167,fpFlPBloYA/WBLgoeFSmkdIijS8=,JcTNxeb3e9nCQsYwpHdKkVH566M=
-106,-166,fpFlPBloYA/WBLgoeFSmkdIijS8=,JcTNxeb3e9nCQsYwpHdKkVH566M=
-107,-166,fpFlPBloYA/WBLgoeFSmkdIijS8=,JcTNxeb3e9nCQsYwpHdKkVH566M=
-104,-167,U6xjMsG2df3YUyr8OtVmKcbIQ+4=,WIZQgMyfGR6oDKIZWTzASf/48cU=
-107,-167,U6xjMsG2df3YUyr8OtVmKcbIQ+4=,JcTNxeb3e9nCQsYwpHdKkVH566M=
-106,-167,U6xjMsG2df3YUyr8OtVmKcbIQ+4=,JcTNxeb3e9nCQsYwpHdKkVH566M=
-104,-166,U6xjMsG2df3YUyr8OtVmKcbIQ+4=,WIZQgMyfGR6oDKIZWTzASf/48cU=
-104,-168,U6xjMsG2df3YUyr8OtVmKcbIQ+4=,WIZQgMyfGR6oDKIZWTzASf/48cU=
-105,-169,U6xjMsG2df3YUyr8OtVmKcbIQ+4=,8ECUKRqMmf6LnDUtnVduNjtdZrQ=
-107,-169,U6xjMsG2df3YUyr8OtVmKcbIQ+4=,8ECUKRqMmf6LnDUtnVduNjtdZrQ=
-107,-168,U6xjMsG2df3YUyr8OtVmKcbIQ+4=,JcTNxeb3e9nCQsYwpHdKkVH566M=
-106,-169,U6xjMsG2df3YUyr8OtVmKcbIQ+4=,8ECUKRqMmf6LnDUtnVduNjtdZrQ=
-104,-169,U6xjMsG2df3YUyr8OtVmKcbIQ+4=,gdM2HtM+vpQk5THrAMjJB3bU6Yo=
-105,-168,U6xjMsG2df3YUyr8OtVmKcbIQ+4=,JcTNxeb3e9nCQsYwpHdKkVH566M=
-104,-175,U6xjMsG2df3YUyr8OtVmKcbIQ+4=,0U9cdAu2tQA39XaaXVNIEuYd/8k=
-105,-174,U6xjMsG2df3YUyr8OtVmKcbIQ+4=,UxksTnkGT4RzJMTtcXcRO0BooYg=
-104,-172,U6xjMsG2df3YUyr8OtVmKcbIQ+4=,gdM2HtM+vpQk5THrAMjJB3bU6Yo=
-107,-174,U6xjMsG2df3YUyr8OtVmKcbIQ+4=,UxksTnkGT4RzJMTtcXcRO0BooYg=
-106,-168,U6xjMsG2df3YUyr8OtVmKcbIQ+4=,JcTNxeb3e9nCQsYwpHdKkVH566M=
-105,-175,U6xjMsG2df3YUyr8OtVmKcbIQ+4=,UxksTnkGT4RzJMTtcXcRO0BooYg=
-106,-174,U6xjMsG2df3YUyr8OtVmKcbIQ+4=,UxksTnkGT4RzJMTtcXcRO0BooYg=
-106,-172,U6xjMsG2df3YUyr8OtVmKcbIQ+4=,8ECUKRqMmf6LnDUtnVduNjtdZrQ=
-106,-175,U6xjMsG2df3YUyr8OtVmKcbIQ+4=,UxksTnkGT4RzJMTtcXcRO0BooYg=
-104,-173,U6xjMsG2df3YUyr8OtVmKcbIQ+4=,0U9cdAu2tQA39XaaXVNIEuYd/8k=
-105,-173,U6xjMsG2df3YUyr8OtVmKcbIQ+4=,UxksTnkGT4RzJMTtcXcRO0BooYg=
-106,-173,U6xjMsG2df3YUyr8OtVmKcbIQ+4=,UxksTnkGT4RzJMTtcXcRO0BooYg=
-107,-175,U6xjMsG2df3YUyr8OtVmKcbIQ+4=,UxksTnkGT4RzJMTtcXcRO0BooYg=
-105,-172,U6xjMsG2df3YUyr8OtVmKcbIQ+4=,8ECUKRqMmf6LnDUtnVduNjtdZrQ=
-107,-172,U6xjMsG2df3YUyr8OtVmKcbIQ+4=,8ECUKRqMmf6LnDUtnVduNjtdZrQ=
-107,-173,U6xjMsG2df3YUyr8OtVmKcbIQ+4=,UxksTnkGT4RzJMTtcXcRO0BooYg=
-107,-164,U6xjMsG2df3YUyr8OtVmKcbIQ+4=,YBMOQAjZI7KRRYZhJVuTEbobkI4=
-106,-164,U6xjMsG2df3YUyr8OtVmKcbIQ+4=,YBMOQAjZI7KRRYZhJVuTEbobkI4=
-104,-174,U6xjMsG2df3YUyr8OtVmKcbIQ+4=,0U9cdAu2tQA39XaaXVNIEuYd/8k=
-106,-165,U6xjMsG2df3YUyr8OtVmKcbIQ+4=,JcTNxeb3e9nCQsYwpHdKkVH566M=
-107,-165,U6xjMsG2df3YUyr8OtVmKcbIQ+4=,JcTNxeb3e9nCQsYwpHdKkVH566M=
-107,-163,U6xjMsG2df3YUyr8OtVmKcbIQ+4=,YBMOQAjZI7KRRYZhJVuTEbobkI4=
-106,-163,U6xjMsG2df3YUyr8OtVmKcbIQ+4=,YBMOQAjZI7KRRYZhJVuTEbobkI4=
-107,-162,U6xjMsG2df3YUyr8OtVmKcbIQ+4=,YBMOQAjZI7KRRYZhJVuTEbobkI4=
-106,-162,U6xjMsG2df3YUyr8OtVmKcbIQ+4=,YBMOQAjZI7KRRYZhJVuTEbobkI4=
-108,-163,U6xjMsG2df3YUyr8OtVmKcbIQ+4=,YBMOQAjZI7KRRYZhJVuTEbobkI4=
-108,-162,U6xjMsG2df3YUyr8OtVmKcbIQ+4=,YBMOQAjZI7KRRYZhJVuTEbobkI4=
-111,-163,U6xjMsG2df3YUyr8OtVmKcbIQ+4=,BWiWxHXM4LWqP4Bx1euN3OeTJOU=
-110,-163,U6xjMsG2df3YUyr8OtVmKcbIQ+4=,BWiWxHXM4LWqP4Bx1euN3OeTJOU=
-109,-163,U6xjMsG2df3YUyr8OtVmKcbIQ+4=,BWiWxHXM4LWqP4Bx1euN3OeTJOU=
-111,-162,U6xjMsG2df3YUyr8OtVmKcbIQ+4=,BWiWxHXM4LWqP4Bx1euN3OeTJOU=
-109,-162,U6xjMsG2df3YUyr8OtVmKcbIQ+4=,BWiWxHXM4LWqP4Bx1euN3OeTJOU=
-110,-162,U6xjMsG2df3YUyr8OtVmKcbIQ+4=,BWiWxHXM4LWqP4Bx1euN3OeTJOU=
-103,-163,U6xjMsG2df3YUyr8OtVmKcbIQ+4=,HLkxsePhyfHDLRo6oo38hj3XPqk=
-102,-163,U6xjMsG2df3YUyr8OtVmKcbIQ+4=,HLkxsePhyfHDLRo6oo38hj3XPqk=
-104,-163,U6xjMsG2df3YUyr8OtVmKcbIQ+4=,HLkxsePhyfHDLRo6oo38hj3XPqk=
-103,-162,U6xjMsG2df3YUyr8OtVmKcbIQ+4=,HLkxsePhyfHDLRo6oo38hj3XPqk=
-104,-162,U6xjMsG2df3YUyr8OtVmKcbIQ+4=,HLkxsePhyfHDLRo6oo38hj3XPqk=
-102,-162,U6xjMsG2df3YUyr8OtVmKcbIQ+4=,HLkxsePhyfHDLRo6oo38hj3XPqk=
-104,-165,U6xjMsG2df3YUyr8OtVmKcbIQ+4=,WIZQgMyfGR6oDKIZWTzASf/48cU=
-103,-165,U6xjMsG2df3YUyr8OtVmKcbIQ+4=,WIZQgMyfGR6oDKIZWTzASf/48cU=
-105,-165,U6xjMsG2df3YUyr8OtVmKcbIQ+4=,JcTNxeb3e9nCQsYwpHdKkVH566M=
-105,-164,U6xjMsG2df3YUyr8OtVmKcbIQ+4=,YBMOQAjZI7KRRYZhJVuTEbobkI4=
-102,-165,U6xjMsG2df3YUyr8OtVmKcbIQ+4=,WIZQgMyfGR6oDKIZWTzASf/48cU=
-105,-163,U6xjMsG2df3YUyr8OtVmKcbIQ+4=,YBMOQAjZI7KRRYZhJVuTEbobkI4=
-104,-164,U6xjMsG2df3YUyr8OtVmKcbIQ+4=,HLkxsePhyfHDLRo6oo38hj3XPqk=
-105,-162,U6xjMsG2df3YUyr8OtVmKcbIQ+4=,YBMOQAjZI7KRRYZhJVuTEbobkI4=
-103,-164,U6xjMsG2df3YUyr8OtVmKcbIQ+4=,HLkxsePhyfHDLRo6oo38hj3XPqk=
-102,-164,U6xjMsG2df3YUyr8OtVmKcbIQ+4=,HLkxsePhyfHDLRo6oo38hj3XPqk=
-109,-166,U6xjMsG2df3YUyr8OtVmKcbIQ+4=,62l2TSKs+yRCYejUb99aBgdzxYU=
-111,-165,U6xjMsG2df3YUyr8OtVmKcbIQ+4=,62l2TSKs+yRCYejUb99aBgdzxYU=
-109,-164,U6xjMsG2df3YUyr8OtVmKcbIQ+4=,BWiWxHXM4LWqP4Bx1euN3OeTJOU=
-111,-167,U6xjMsG2df3YUyr8OtVmKcbIQ+4=,62l2TSKs+yRCYejUb99aBgdzxYU=
-111,-166,U6xjMsG2df3YUyr8OtVmKcbIQ+4=,62l2TSKs+yRCYejUb99aBgdzxYU=
-111,-164,U6xjMsG2df3YUyr8OtVmKcbIQ+4=,BWiWxHXM4LWqP4Bx1euN3OeTJOU=
-109,-167,U6xjMsG2df3YUyr8OtVmKcbIQ+4=,62l2TSKs+yRCYejUb99aBgdzxYU=
-109,-165,U6xjMsG2df3YUyr8OtVmKcbIQ+4=,62l2TSKs+yRCYejUb99aBgdzxYU=
-110,-165,U6xjMsG2df3YUyr8OtVmKcbIQ+4=,62l2TSKs+yRCYejUb99aBgdzxYU=
-110,-164,U6xjMsG2df3YUyr8OtVmKcbIQ+4=,BWiWxHXM4LWqP4Bx1euN3OeTJOU=
-110,-166,U6xjMsG2df3YUyr8OtVmKcbIQ+4=,62l2TSKs+yRCYejUb99aBgdzxYU=
-108,-164,U6xjMsG2df3YUyr8OtVmKcbIQ+4=,YBMOQAjZI7KRRYZhJVuTEbobkI4=
-108,-167,U6xjMsG2df3YUyr8OtVmKcbIQ+4=,JcTNxeb3e9nCQsYwpHdKkVH566M=
-110,-167,U6xjMsG2df3YUyr8OtVmKcbIQ+4=,62l2TSKs+yRCYejUb99aBgdzxYU=
-108,-165,U6xjMsG2df3YUyr8OtVmKcbIQ+4=,JcTNxeb3e9nCQsYwpHdKkVH566M=
-108,-166,U6xjMsG2df3YUyr8OtVmKcbIQ+4=,JcTNxeb3e9nCQsYwpHdKkVH566M=
-108,-169,U6xjMsG2df3YUyr8OtVmKcbIQ+4=,8ECUKRqMmf6LnDUtnVduNjtdZrQ=
-109,-170,U6xjMsG2df3YUyr8OtVmKcbIQ+4=,MuUBunAUerMqwRWcrvYxjAEFMrA=
-111,-171,U6xjMsG2df3YUyr8OtVmKcbIQ+4=,MuUBunAUerMqwRWcrvYxjAEFMrA=
-110,-170,U6xjMsG2df3YUyr8OtVmKcbIQ+4=,MuUBunAUerMqwRWcrvYxjAEFMrA=
-109,-168,U6xjMsG2df3YUyr8OtVmKcbIQ+4=,62l2TSKs+yRCYejUb99aBgdzxYU=
-110,-171,U6xjMsG2df3YUyr8OtVmKcbIQ+4=,MuUBunAUerMqwRWcrvYxjAEFMrA=
-110,-168,U6xjMsG2df3YUyr8OtVmKcbIQ+4=,62l2TSKs+yRCYejUb99aBgdzxYU=
-111,-169,U6xjMsG2df3YUyr8OtVmKcbIQ+4=,MuUBunAUerMqwRWcrvYxjAEFMrA=
-111,-170,U6xjMsG2df3YUyr8OtVmKcbIQ+4=,MuUBunAUerMqwRWcrvYxjAEFMrA=
-108,-171,U6xjMsG2df3YUyr8OtVmKcbIQ+4=,8ECUKRqMmf6LnDUtnVduNjtdZrQ=
-111,-168,U6xjMsG2df3YUyr8OtVmKcbIQ+4=,62l2TSKs+yRCYejUb99aBgdzxYU=
-109,-171,U6xjMsG2df3YUyr8OtVmKcbIQ+4=,MuUBunAUerMqwRWcrvYxjAEFMrA=
-108,-170,U6xjMsG2df3YUyr8OtVmKcbIQ+4=,8ECUKRqMmf6LnDUtnVduNjtdZrQ=
-108,-168,U6xjMsG2df3YUyr8OtVmKcbIQ+4=,JcTNxeb3e9nCQsYwpHdKkVH566M=
-97,-170,U6xjMsG2df3YUyr8OtVmKcbIQ+4=,eszPf4QlnJ7w521cupxjZnly4Cc=
-109,-169,U6xjMsG2df3YUyr8OtVmKcbIQ+4=,MuUBunAUerMqwRWcrvYxjAEFMrA=
-97,-171,U6xjMsG2df3YUyr8OtVmKcbIQ+4=,eszPf4QlnJ7w521cupxjZnly4Cc=
-97,-175,U6xjMsG2df3YUyr8OtVmKcbIQ+4=,0yXxizy910z0dMZqSXqVnetJlVk=
-97,-172,U6xjMsG2df3YUyr8OtVmKcbIQ+4=,eszPf4QlnJ7w521cupxjZnly4Cc=
-97,-173,U6xjMsG2df3YUyr8OtVmKcbIQ+4=,0yXxizy910z0dMZqSXqVnetJlVk=
-106,-176,U6xjMsG2df3YUyr8OtVmKcbIQ+4=,UxksTnkGT4RzJMTtcXcRO0BooYg=
-97,-174,U6xjMsG2df3YUyr8OtVmKcbIQ+4=,0yXxizy910z0dMZqSXqVnetJlVk=
-107,-176,U6xjMsG2df3YUyr8OtVmKcbIQ+4=,UxksTnkGT4RzJMTtcXcRO0BooYg=
-105,-176,U6xjMsG2df3YUyr8OtVmKcbIQ+4=,UxksTnkGT4RzJMTtcXcRO0BooYg=
-102,-176,U6xjMsG2df3YUyr8OtVmKcbIQ+4=,0U9cdAu2tQA39XaaXVNIEuYd/8k=
-103,-176,U6xjMsG2df3YUyr8OtVmKcbIQ+4=,0U9cdAu2tQA39XaaXVNIEuYd/8k=
-110,-169,U6xjMsG2df3YUyr8OtVmKcbIQ+4=,MuUBunAUerMqwRWcrvYxjAEFMrA=
-102,-161,U6xjMsG2df3YUyr8OtVmKcbIQ+4=,HLkxsePhyfHDLRo6oo38hj3XPqk=
-104,-176,U6xjMsG2df3YUyr8OtVmKcbIQ+4=,0U9cdAu2tQA39XaaXVNIEuYd/8k=
-103,-161,U6xjMsG2df3YUyr8OtVmKcbIQ+4=,HLkxsePhyfHDLRo6oo38hj3XPqk=
-100,-163,U6xjMsG2df3YUyr8OtVmKcbIQ+4=,Dk+Zwz2MHYL8ob0Qd6EUgcHyV5I=
-98,-161,U6xjMsG2df3YUyr8OtVmKcbIQ+4=,Dk+Zwz2MHYL8ob0Qd6EUgcHyV5I=
-99,-163,U6xjMsG2df3YUyr8OtVmKcbIQ+4=,Dk+Zwz2MHYL8ob0Qd6EUgcHyV5I=
-100,-162,U6xjMsG2df3YUyr8OtVmKcbIQ+4=,Dk+Zwz2MHYL8ob0Qd6EUgcHyV5I=
-101,-161,U6xjMsG2df3YUyr8OtVmKcbIQ+4=,HLkxsePhyfHDLRo6oo38hj3XPqk=
-97,-163,U6xjMsG2df3YUyr8OtVmKcbIQ+4=,Dk+Zwz2MHYL8ob0Qd6EUgcHyV5I=
-99,-162,U6xjMsG2df3YUyr8OtVmKcbIQ+4=,Dk+Zwz2MHYL8ob0Qd6EUgcHyV5I=
-99,-161,U6xjMsG2df3YUyr8OtVmKcbIQ+4=,Dk+Zwz2MHYL8ob0Qd6EUgcHyV5I=
-98,-162,U6xjMsG2df3YUyr8OtVmKcbIQ+4=,Dk+Zwz2MHYL8ob0Qd6EUgcHyV5I=
-101,-163,U6xjMsG2df3YUyr8OtVmKcbIQ+4=,HLkxsePhyfHDLRo6oo38hj3XPqk=
-100,-161,U6xjMsG2df3YUyr8OtVmKcbIQ+4=,Dk+Zwz2MHYL8ob0Qd6EUgcHyV5I=
-97,-162,U6xjMsG2df3YUyr8OtVmKcbIQ+4=,Dk+Zwz2MHYL8ob0Qd6EUgcHyV5I=
-101,-162,U6xjMsG2df3YUyr8OtVmKcbIQ+4=,HLkxsePhyfHDLRo6oo38hj3XPqk=
-98,-163,U6xjMsG2df3YUyr8OtVmKcbIQ+4=,Dk+Zwz2MHYL8ob0Qd6EUgcHyV5I=
-107,-161,U6xjMsG2df3YUyr8OtVmKcbIQ+4=,YBMOQAjZI7KRRYZhJVuTEbobkI4=
-104,-161,U6xjMsG2df3YUyr8OtVmKcbIQ+4=,HLkxsePhyfHDLRo6oo38hj3XPqk=
-106,-161,U6xjMsG2df3YUyr8OtVmKcbIQ+4=,YBMOQAjZI7KRRYZhJVuTEbobkI4=
-112,-171,U6xjMsG2df3YUyr8OtVmKcbIQ+4=,MuUBunAUerMqwRWcrvYxjAEFMrA=
-112,-170,U6xjMsG2df3YUyr8OtVmKcbIQ+4=,MuUBunAUerMqwRWcrvYxjAEFMrA=
-108,-161,U6xjMsG2df3YUyr8OtVmKcbIQ+4=,YBMOQAjZI7KRRYZhJVuTEbobkI4=
-105,-161,U6xjMsG2df3YUyr8OtVmKcbIQ+4=,YBMOQAjZI7KRRYZhJVuTEbobkI4=
-111,-161,U6xjMsG2df3YUyr8OtVmKcbIQ+4=,BWiWxHXM4LWqP4Bx1euN3OeTJOU=
-110,-161,U6xjMsG2df3YUyr8OtVmKcbIQ+4=,BWiWxHXM4LWqP4Bx1euN3OeTJOU=
-112,-169,U6xjMsG2df3YUyr8OtVmKcbIQ+4=,MuUBunAUerMqwRWcrvYxjAEFMrA=
-112,-166,U6xjMsG2df3YUyr8OtVmKcbIQ+4=,62l2TSKs+yRCYejUb99aBgdzxYU=
-112,-168,U6xjMsG2df3YUyr8OtVmKcbIQ+4=,62l2TSKs+yRCYejUb99aBgdzxYU=
-109,-161,U6xjMsG2df3YUyr8OtVmKcbIQ+4=,BWiWxHXM4LWqP4Bx1euN3OeTJOU=
-112,-165,U6xjMsG2df3YUyr8OtVmKcbIQ+4=,62l2TSKs+yRCYejUb99aBgdzxYU=
-112,-162,U6xjMsG2df3YUyr8OtVmKcbIQ+4=,BWiWxHXM4LWqP4Bx1euN3OeTJOU=
-112,-164,U6xjMsG2df3YUyr8OtVmKcbIQ+4=,BWiWxHXM4LWqP4Bx1euN3OeTJOU=
-112,-167,U6xjMsG2df3YUyr8OtVmKcbIQ+4=,62l2TSKs+yRCYejUb99aBgdzxYU=
-112,-163,U6xjMsG2df3YUyr8OtVmKcbIQ+4=,BWiWxHXM4LWqP4Bx1euN3OeTJOU=
-98,-176,U6xjMsG2df3YUyr8OtVmKcbIQ+4=,0yXxizy910z0dMZqSXqVnetJlVk=
-100,-176,U6xjMsG2df3YUyr8OtVmKcbIQ+4=,0yXxizy910z0dMZqSXqVnetJlVk=
-99,-176,U6xjMsG2df3YUyr8OtVmKcbIQ+4=,0yXxizy910z0dMZqSXqVnetJlVk=
-101,-176,U6xjMsG2df3YUyr8OtVmKcbIQ+4=,0U9cdAu2tQA39XaaXVNIEuYd/8k=
-112,-161,U6xjMsG2df3YUyr8OtVmKcbIQ+4=,BWiWxHXM4LWqP4Bx1euN3OeTJOU=
-97,-176,U6xjMsG2df3YUyr8OtVmKcbIQ+4=,0yXxizy910z0dMZqSXqVnetJlVk=
-97,-161,U6xjMsG2df3YUyr8OtVmKcbIQ+4=,Dk+Zwz2MHYL8ob0Qd6EUgcHyV5I=
-109,-172,U6xjMsG2df3YUyr8OtVmKcbIQ+4=,MuUBunAUerMqwRWcrvYxjAEFMrA=
-111,-172,U6xjMsG2df3YUyr8OtVmKcbIQ+4=,MuUBunAUerMqwRWcrvYxjAEFMrA=
-110,-172,U6xjMsG2df3YUyr8OtVmKcbIQ+4=,MuUBunAUerMqwRWcrvYxjAEFMrA=
-108,-174,U6xjMsG2df3YUyr8OtVmKcbIQ+4=,UxksTnkGT4RzJMTtcXcRO0BooYg=
-110,-173,U6xjMsG2df3YUyr8OtVmKcbIQ+4=,NDaHy/83iX4HkNdhCaz0B43YS1M=
-108,-175,U6xjMsG2df3YUyr8OtVmKcbIQ+4=,UxksTnkGT4RzJMTtcXcRO0BooYg=
-110,-176,U6xjMsG2df3YUyr8OtVmKcbIQ+4=,NDaHy/83iX4HkNdhCaz0B43YS1M=
-109,-176,U6xjMsG2df3YUyr8OtVmKcbIQ+4=,NDaHy/83iX4HkNdhCaz0B43YS1M=
-111,-173,U6xjMsG2df3YUyr8OtVmKcbIQ+4=,NDaHy/83iX4HkNdhCaz0B43YS1M=
-111,-176,U6xjMsG2df3YUyr8OtVmKcbIQ+4=,NDaHy/83iX4HkNdhCaz0B43YS1M=
-112,-176,U6xjMsG2df3YUyr8OtVmKcbIQ+4=,NDaHy/83iX4HkNdhCaz0B43YS1M=
-112,-172,U6xjMsG2df3YUyr8OtVmKcbIQ+4=,MuUBunAUerMqwRWcrvYxjAEFMrA=
-111,-174,U6xjMsG2df3YUyr8OtVmKcbIQ+4=,NDaHy/83iX4HkNdhCaz0B43YS1M=
-109,-175,U6xjMsG2df3YUyr8OtVmKcbIQ+4=,NDaHy/83iX4HkNdhCaz0B43YS1M=
-112,-174,U6xjMsG2df3YUyr8OtVmKcbIQ+4=,NDaHy/83iX4HkNdhCaz0B43YS1M=
-109,-174,U6xjMsG2df3YUyr8OtVmKcbIQ+4=,NDaHy/83iX4HkNdhCaz0B43YS1M=
-110,-174,U6xjMsG2df3YUyr8OtVmKcbIQ+4=,NDaHy/83iX4HkNdhCaz0B43YS1M=
-110,-175,U6xjMsG2df3YUyr8OtVmKcbIQ+4=,NDaHy/83iX4HkNdhCaz0B43YS1M=
-108,-172,U6xjMsG2df3YUyr8OtVmKcbIQ+4=,8ECUKRqMmf6LnDUtnVduNjtdZrQ=
-111,-175,U6xjMsG2df3YUyr8OtVmKcbIQ+4=,NDaHy/83iX4HkNdhCaz0B43YS1M=
-112,-173,U6xjMsG2df3YUyr8OtVmKcbIQ+4=,NDaHy/83iX4HkNdhCaz0B43YS1M=
-112,-175,U6xjMsG2df3YUyr8OtVmKcbIQ+4=,NDaHy/83iX4HkNdhCaz0B43YS1M=
-109,-173,U6xjMsG2df3YUyr8OtVmKcbIQ+4=,NDaHy/83iX4HkNdhCaz0B43YS1M=
-108,-176,U6xjMsG2df3YUyr8OtVmKcbIQ+4=,UxksTnkGT4RzJMTtcXcRO0BooYg=
-108,-173,U6xjMsG2df3YUyr8OtVmKcbIQ+4=,UxksTnkGT4RzJMTtcXcRO0BooYg=
-100,-164,U6xjMsG2df3YUyr8OtVmKcbIQ+4=,Dk+Zwz2MHYL8ob0Qd6EUgcHyV5I=
-101,-164,U6xjMsG2df3YUyr8OtVmKcbIQ+4=,HLkxsePhyfHDLRo6oo38hj3XPqk=
-100,-167,U6xjMsG2df3YUyr8OtVmKcbIQ+4=,vz4c+N+f/tCFuZSTQG2SEAg+MZs=
-97,-168,U6xjMsG2df3YUyr8OtVmKcbIQ+4=,vz4c+N+f/tCFuZSTQG2SEAg+MZs=
-99,-164,U6xjMsG2df3YUyr8OtVmKcbIQ+4=,Dk+Zwz2MHYL8ob0Qd6EUgcHyV5I=
-97,-164,U6xjMsG2df3YUyr8OtVmKcbIQ+4=,Dk+Zwz2MHYL8ob0Qd6EUgcHyV5I=
-98,-169,U6xjMsG2df3YUyr8OtVmKcbIQ+4=,eszPf4QlnJ7w521cupxjZnly4Cc=
-99,-167,U6xjMsG2df3YUyr8OtVmKcbIQ+4=,vz4c+N+f/tCFuZSTQG2SEAg+MZs=
-98,-164,U6xjMsG2df3YUyr8OtVmKcbIQ+4=,Dk+Zwz2MHYL8ob0Qd6EUgcHyV5I=
-101,-168,U6xjMsG2df3YUyr8OtVmKcbIQ+4=,WIZQgMyfGR6oDKIZWTzASf/48cU=
-98,-168,U6xjMsG2df3YUyr8OtVmKcbIQ+4=,vz4c+N+f/tCFuZSTQG2SEAg+MZs=
-98,-167,U6xjMsG2df3YUyr8OtVmKcbIQ+4=,vz4c+N+f/tCFuZSTQG2SEAg+MZs=
-97,-167,U6xjMsG2df3YUyr8OtVmKcbIQ+4=,vz4c+N+f/tCFuZSTQG2SEAg+MZs=
-100,-169,U6xjMsG2df3YUyr8OtVmKcbIQ+4=,eszPf4QlnJ7w521cupxjZnly4Cc=
-99,-169,U6xjMsG2df3YUyr8OtVmKcbIQ+4=,eszPf4QlnJ7w521cupxjZnly4Cc=
-100,-166,U6xjMsG2df3YUyr8OtVmKcbIQ+4=,vz4c+N+f/tCFuZSTQG2SEAg+MZs=
-98,-165,U6xjMsG2df3YUyr8OtVmKcbIQ+4=,vz4c+N+f/tCFuZSTQG2SEAg+MZs=
-99,-166,U6xjMsG2df3YUyr8OtVmKcbIQ+4=,vz4c+N+f/tCFuZSTQG2SEAg+MZs=
-97,-169,U6xjMsG2df3YUyr8OtVmKcbIQ+4=,eszPf4QlnJ7w521cupxjZnly4Cc=
-99,-165,U6xjMsG2df3YUyr8OtVmKcbIQ+4=,vz4c+N+f/tCFuZSTQG2SEAg+MZs=
-100,-165,U6xjMsG2df3YUyr8OtVmKcbIQ+4=,vz4c+N+f/tCFuZSTQG2SEAg+MZs=
-97,-165,U6xjMsG2df3YUyr8OtVmKcbIQ+4=,vz4c+N+f/tCFuZSTQG2SEAg+MZs=
-98,-166,U6xjMsG2df3YUyr8OtVmKcbIQ+4=,vz4c+N+f/tCFuZSTQG2SEAg+MZs=
-97,-166,U6xjMsG2df3YUyr8OtVmKcbIQ+4=,vz4c+N+f/tCFuZSTQG2SEAg+MZs=
-99,-168,U6xjMsG2df3YUyr8OtVmKcbIQ+4=,vz4c+N+f/tCFuZSTQG2SEAg+MZs=
-101,-169,U6xjMsG2df3YUyr8OtVmKcbIQ+4=,gdM2HtM+vpQk5THrAMjJB3bU6Yo=
-100,-168,U6xjMsG2df3YUyr8OtVmKcbIQ+4=,vz4c+N+f/tCFuZSTQG2SEAg+MZs=
-101,-165,U6xjMsG2df3YUyr8OtVmKcbIQ+4=,WIZQgMyfGR6oDKIZWTzASf/48cU=
-101,-166,U6xjMsG2df3YUyr8OtVmKcbIQ+4=,WIZQgMyfGR6oDKIZWTzASf/48cU=
-101,-167,U6xjMsG2df3YUyr8OtVmKcbIQ+4=,WIZQgMyfGR6oDKIZWTzASf/48cU=
-119,-162,zAXgo8Rw4fuhIiUKf6GWlPUgOkw=,govP0ft5zr+MgWMxk4AN6DRQGqI=
-118,-163,zAXgo8Rw4fuhIiUKf6GWlPUgOkw=,govP0ft5zr+MgWMxk4AN6DRQGqI=
-119,-163,zAXgo8Rw4fuhIiUKf6GWlPUgOkw=,govP0ft5zr+MgWMxk4AN6DRQGqI=
-118,-162,zAXgo8Rw4fuhIiUKf6GWlPUgOkw=,govP0ft5zr+MgWMxk4AN6DRQGqI=
-117,-163,zAXgo8Rw4fuhIiUKf6GWlPUgOkw=,govP0ft5zr+MgWMxk4AN6DRQGqI=
-114,-163,zAXgo8Rw4fuhIiUKf6GWlPUgOkw=,l29/gJrScfPWNZicITc+ayIiSuU=
-115,-162,zAXgo8Rw4fuhIiUKf6GWlPUgOkw=,l29/gJrScfPWNZicITc+ayIiSuU=
-117,-162,zAXgo8Rw4fuhIiUKf6GWlPUgOkw=,govP0ft5zr+MgWMxk4AN6DRQGqI=
-115,-163,zAXgo8Rw4fuhIiUKf6GWlPUgOkw=,l29/gJrScfPWNZicITc+ayIiSuU=
-116,-162,zAXgo8Rw4fuhIiUKf6GWlPUgOkw=,l29/gJrScfPWNZicITc+ayIiSuU=
-114,-162,zAXgo8Rw4fuhIiUKf6GWlPUgOkw=,l29/gJrScfPWNZicITc+ayIiSuU=
-116,-163,zAXgo8Rw4fuhIiUKf6GWlPUgOkw=,l29/gJrScfPWNZicITc+ayIiSuU=
-118,-164,zAXgo8Rw4fuhIiUKf6GWlPUgOkw=,govP0ft5zr+MgWMxk4AN6DRQGqI=
-118,-166,zAXgo8Rw4fuhIiUKf6GWlPUgOkw=,/VqgZCq+R3el09YiPpIvdH0I3/U=
-118,-165,zAXgo8Rw4fuhIiUKf6GWlPUgOkw=,/VqgZCq+R3el09YiPpIvdH0I3/U=
-118,-167,zAXgo8Rw4fuhIiUKf6GWlPUgOkw=,/VqgZCq+R3el09YiPpIvdH0I3/U=
-119,-167,zAXgo8Rw4fuhIiUKf6GWlPUgOkw=,/VqgZCq+R3el09YiPpIvdH0I3/U=
-119,-165,zAXgo8Rw4fuhIiUKf6GWlPUgOkw=,/VqgZCq+R3el09YiPpIvdH0I3/U=
-119,-166,zAXgo8Rw4fuhIiUKf6GWlPUgOkw=,/VqgZCq+R3el09YiPpIvdH0I3/U=
-119,-164,zAXgo8Rw4fuhIiUKf6GWlPUgOkw=,govP0ft5zr+MgWMxk4AN6DRQGqI=
-114,-165,zAXgo8Rw4fuhIiUKf6GWlPUgOkw=,KaW6Rosia8biTKg84UHyjvxBEG0=
-117,-165,zAXgo8Rw4fuhIiUKf6GWlPUgOkw=,/VqgZCq+R3el09YiPpIvdH0I3/U=
-114,-167,zAXgo8Rw4fuhIiUKf6GWlPUgOkw=,KaW6Rosia8biTKg84UHyjvxBEG0=
-115,-167,zAXgo8Rw4fuhIiUKf6GWlPUgOkw=,KaW6Rosia8biTKg84UHyjvxBEG0=
-116,-165,zAXgo8Rw4fuhIiUKf6GWlPUgOkw=,KaW6Rosia8biTKg84UHyjvxBEG0=
-115,-164,zAXgo8Rw4fuhIiUKf6GWlPUgOkw=,l29/gJrScfPWNZicITc+ayIiSuU=
-115,-165,zAXgo8Rw4fuhIiUKf6GWlPUgOkw=,KaW6Rosia8biTKg84UHyjvxBEG0=
-116,-164,zAXgo8Rw4fuhIiUKf6GWlPUgOkw=,l29/gJrScfPWNZicITc+ayIiSuU=
-114,-164,zAXgo8Rw4fuhIiUKf6GWlPUgOkw=,l29/gJrScfPWNZicITc+ayIiSuU=
-117,-167,zAXgo8Rw4fuhIiUKf6GWlPUgOkw=,/VqgZCq+R3el09YiPpIvdH0I3/U=
-117,-166,zAXgo8Rw4fuhIiUKf6GWlPUgOkw=,/VqgZCq+R3el09YiPpIvdH0I3/U=
-116,-167,zAXgo8Rw4fuhIiUKf6GWlPUgOkw=,KaW6Rosia8biTKg84UHyjvxBEG0=
-114,-166,zAXgo8Rw4fuhIiUKf6GWlPUgOkw=,KaW6Rosia8biTKg84UHyjvxBEG0=
-116,-166,zAXgo8Rw4fuhIiUKf6GWlPUgOkw=,KaW6Rosia8biTKg84UHyjvxBEG0=
-117,-164,zAXgo8Rw4fuhIiUKf6GWlPUgOkw=,govP0ft5zr+MgWMxk4AN6DRQGqI=
-120,-162,zAXgo8Rw4fuhIiUKf6GWlPUgOkw=,govP0ft5zr+MgWMxk4AN6DRQGqI=
-115,-166,zAXgo8Rw4fuhIiUKf6GWlPUgOkw=,KaW6Rosia8biTKg84UHyjvxBEG0=
-120,-163,zAXgo8Rw4fuhIiUKf6GWlPUgOkw=,govP0ft5zr+MgWMxk4AN6DRQGqI=
-121,-162,zAXgo8Rw4fuhIiUKf6GWlPUgOkw=,a+hdA6Jj50SH3g7oXq+kzDkWUmY=
-123,-163,zAXgo8Rw4fuhIiUKf6GWlPUgOkw=,a+hdA6Jj50SH3g7oXq+kzDkWUmY=
-122,-163,zAXgo8Rw4fuhIiUKf6GWlPUgOkw=,a+hdA6Jj50SH3g7oXq+kzDkWUmY=
-123,-162,zAXgo8Rw4fuhIiUKf6GWlPUgOkw=,a+hdA6Jj50SH3g7oXq+kzDkWUmY=
-122,-162,zAXgo8Rw4fuhIiUKf6GWlPUgOkw=,a+hdA6Jj50SH3g7oXq+kzDkWUmY=
-126,-166,zAXgo8Rw4fuhIiUKf6GWlPUgOkw=,ytoduiDGI35WTe5/KfsiD9SzZxE=
-121,-163,zAXgo8Rw4fuhIiUKf6GWlPUgOkw=,a+hdA6Jj50SH3g7oXq+kzDkWUmY=
-127,-167,zAXgo8Rw4fuhIiUKf6GWlPUgOkw=,ytoduiDGI35WTe5/KfsiD9SzZxE=
-126,-167,zAXgo8Rw4fuhIiUKf6GWlPUgOkw=,ytoduiDGI35WTe5/KfsiD9SzZxE=
-127,-166,zAXgo8Rw4fuhIiUKf6GWlPUgOkw=,ytoduiDGI35WTe5/KfsiD9SzZxE=
-125,-166,zAXgo8Rw4fuhIiUKf6GWlPUgOkw=,ytoduiDGI35WTe5/KfsiD9SzZxE=
-121,-165,zAXgo8Rw4fuhIiUKf6GWlPUgOkw=,B5nSlw9Gw7pwdaXNxw3XWPxi4jM=
-120,-167,zAXgo8Rw4fuhIiUKf6GWlPUgOkw=,/VqgZCq+R3el09YiPpIvdH0I3/U=
-125,-167,zAXgo8Rw4fuhIiUKf6GWlPUgOkw=,ytoduiDGI35WTe5/KfsiD9SzZxE=
-120,-164,zAXgo8Rw4fuhIiUKf6GWlPUgOkw=,govP0ft5zr+MgWMxk4AN6DRQGqI=
-124,-167,zAXgo8Rw4fuhIiUKf6GWlPUgOkw=,B5nSlw9Gw7pwdaXNxw3XWPxi4jM=
-122,-165,zAXgo8Rw4fuhIiUKf6GWlPUgOkw=,B5nSlw9Gw7pwdaXNxw3XWPxi4jM=
-123,-167,zAXgo8Rw4fuhIiUKf6GWlPUgOkw=,B5nSlw9Gw7pwdaXNxw3XWPxi4jM=
-122,-167,zAXgo8Rw4fuhIiUKf6GWlPUgOkw=,B5nSlw9Gw7pwdaXNxw3XWPxi4jM=
-121,-167,zAXgo8Rw4fuhIiUKf6GWlPUgOkw=,B5nSlw9Gw7pwdaXNxw3XWPxi4jM=
-124,-166,zAXgo8Rw4fuhIiUKf6GWlPUgOkw=,B5nSlw9Gw7pwdaXNxw3XWPxi4jM=
-122,-164,zAXgo8Rw4fuhIiUKf6GWlPUgOkw=,a+hdA6Jj50SH3g7oXq+kzDkWUmY=
-120,-166,zAXgo8Rw4fuhIiUKf6GWlPUgOkw=,/VqgZCq+R3el09YiPpIvdH0I3/U=
-123,-164,zAXgo8Rw4fuhIiUKf6GWlPUgOkw=,a+hdA6Jj50SH3g7oXq+kzDkWUmY=
-121,-164,zAXgo8Rw4fuhIiUKf6GWlPUgOkw=,a+hdA6Jj50SH3g7oXq+kzDkWUmY=
-120,-165,mBgp5ZId1gtUSJu6yrqgfCeO+nU=,/VqgZCq+R3el09YiPpIvdH0I3/U=
-121,-166,mBgp5ZId1gtUSJu6yrqgfCeO+nU=,B5nSlw9Gw7pwdaXNxw3XWPxi4jM=
-122,-166,mBgp5ZId1gtUSJu6yrqgfCeO+nU=,B5nSlw9Gw7pwdaXNxw3XWPxi4jM=
-123,-165,mBgp5ZId1gtUSJu6yrqgfCeO+nU=,B5nSlw9Gw7pwdaXNxw3XWPxi4jM=
-123,-166,mBgp5ZId1gtUSJu6yrqgfCeO+nU=,B5nSlw9Gw7pwdaXNxw3XWPxi4jM=
-126,-164,mBgp5ZId1gtUSJu6yrqgfCeO+nU=,Py77BwIOXTelBGgGGIG0MYp56AA=
-125,-164,mBgp5ZId1gtUSJu6yrqgfCeO+nU=,Py77BwIOXTelBGgGGIG0MYp56AA=
-125,-162,mBgp5ZId1gtUSJu6yrqgfCeO+nU=,Py77BwIOXTelBGgGGIG0MYp56AA=
-127,-162,mBgp5ZId1gtUSJu6yrqgfCeO+nU=,Py77BwIOXTelBGgGGIG0MYp56AA=
-124,-164,mBgp5ZId1gtUSJu6yrqgfCeO+nU=,a+hdA6Jj50SH3g7oXq+kzDkWUmY=
-127,-164,mBgp5ZId1gtUSJu6yrqgfCeO+nU=,Py77BwIOXTelBGgGGIG0MYp56AA=
-125,-165,mBgp5ZId1gtUSJu6yrqgfCeO+nU=,ytoduiDGI35WTe5/KfsiD9SzZxE=
-126,-163,mBgp5ZId1gtUSJu6yrqgfCeO+nU=,Py77BwIOXTelBGgGGIG0MYp56AA=
-126,-165,mBgp5ZId1gtUSJu6yrqgfCeO+nU=,ytoduiDGI35WTe5/KfsiD9SzZxE=
-127,-165,mBgp5ZId1gtUSJu6yrqgfCeO+nU=,ytoduiDGI35WTe5/KfsiD9SzZxE=
-127,-163,mBgp5ZId1gtUSJu6yrqgfCeO+nU=,Py77BwIOXTelBGgGGIG0MYp56AA=
-124,-165,mBgp5ZId1gtUSJu6yrqgfCeO+nU=,B5nSlw9Gw7pwdaXNxw3XWPxi4jM=
-124,-162,mBgp5ZId1gtUSJu6yrqgfCeO+nU=,a+hdA6Jj50SH3g7oXq+kzDkWUmY=
-126,-162,mBgp5ZId1gtUSJu6yrqgfCeO+nU=,Py77BwIOXTelBGgGGIG0MYp56AA=
-125,-163,mBgp5ZId1gtUSJu6yrqgfCeO+nU=,Py77BwIOXTelBGgGGIG0MYp56AA=
-124,-163,mBgp5ZId1gtUSJu6yrqgfCeO+nU=,a+hdA6Jj50SH3g7oXq+kzDkWUmY=
-119,-169,mBgp5ZId1gtUSJu6yrqgfCeO+nU=,Msr1Obyee5d5yG7xozpQ3ItIJl0=
-118,-170,mBgp5ZId1gtUSJu6yrqgfCeO+nU=,Msr1Obyee5d5yG7xozpQ3ItIJl0=
-119,-170,mBgp5ZId1gtUSJu6yrqgfCeO+nU=,Msr1Obyee5d5yG7xozpQ3ItIJl0=
-118,-168,mBgp5ZId1gtUSJu6yrqgfCeO+nU=,/VqgZCq+R3el09YiPpIvdH0I3/U=
-118,-169,mBgp5ZId1gtUSJu6yrqgfCeO+nU=,Msr1Obyee5d5yG7xozpQ3ItIJl0=
-118,-171,mBgp5ZId1gtUSJu6yrqgfCeO+nU=,Msr1Obyee5d5yG7xozpQ3ItIJl0=
-119,-171,mBgp5ZId1gtUSJu6yrqgfCeO+nU=,Msr1Obyee5d5yG7xozpQ3ItIJl0=
-114,-171,mBgp5ZId1gtUSJu6yrqgfCeO+nU=,m3ecHTGF4YbsQB7vz4aI54ucjFY=
-116,-169,mBgp5ZId1gtUSJu6yrqgfCeO+nU=,m3ecHTGF4YbsQB7vz4aI54ucjFY=
-119,-168,mBgp5ZId1gtUSJu6yrqgfCeO+nU=,/VqgZCq+R3el09YiPpIvdH0I3/U=
-114,-170,mBgp5ZId1gtUSJu6yrqgfCeO+nU=,m3ecHTGF4YbsQB7vz4aI54ucjFY=
-114,-169,mBgp5ZId1gtUSJu6yrqgfCeO+nU=,m3ecHTGF4YbsQB7vz4aI54ucjFY=
-115,-169,mBgp5ZId1gtUSJu6yrqgfCeO+nU=,m3ecHTGF4YbsQB7vz4aI54ucjFY=
-116,-170,mBgp5ZId1gtUSJu6yrqgfCeO+nU=,m3ecHTGF4YbsQB7vz4aI54ucjFY=
-117,-169,mBgp5ZId1gtUSJu6yrqgfCeO+nU=,Msr1Obyee5d5yG7xozpQ3ItIJl0=
-116,-168,mBgp5ZId1gtUSJu6yrqgfCeO+nU=,KaW6Rosia8biTKg84UHyjvxBEG0=
-117,-171,mBgp5ZId1gtUSJu6yrqgfCeO+nU=,Msr1Obyee5d5yG7xozpQ3ItIJl0=
-116,-171,mBgp5ZId1gtUSJu6yrqgfCeO+nU=,m3ecHTGF4YbsQB7vz4aI54ucjFY=
-115,-171,mBgp5ZId1gtUSJu6yrqgfCeO+nU=,m3ecHTGF4YbsQB7vz4aI54ucjFY=
-115,-170,mBgp5ZId1gtUSJu6yrqgfCeO+nU=,m3ecHTGF4YbsQB7vz4aI54ucjFY=
-115,-168,mBgp5ZId1gtUSJu6yrqgfCeO+nU=,KaW6Rosia8biTKg84UHyjvxBEG0=
-114,-168,mBgp5ZId1gtUSJu6yrqgfCeO+nU=,KaW6Rosia8biTKg84UHyjvxBEG0=
-117,-168,mBgp5ZId1gtUSJu6yrqgfCeO+nU=,/VqgZCq+R3el09YiPpIvdH0I3/U=
-117,-170,mBgp5ZId1gtUSJu6yrqgfCeO+nU=,Msr1Obyee5d5yG7xozpQ3ItIJl0=
-120,-169,mBgp5ZId1gtUSJu6yrqgfCeO+nU=,Msr1Obyee5d5yG7xozpQ3ItIJl0=
-120,-170,mBgp5ZId1gtUSJu6yrqgfCeO+nU=,Msr1Obyee5d5yG7xozpQ3ItIJl0=
-121,-170,mBgp5ZId1gtUSJu6yrqgfCeO+nU=,NO8833jFepczPiTBP7JFYLcCA18=
-122,-170,mBgp5ZId1gtUSJu6yrqgfCeO+nU=,NO8833jFepczPiTBP7JFYLcCA18=
-120,-168,mBgp5ZId1gtUSJu6yrqgfCeO+nU=,/VqgZCq+R3el09YiPpIvdH0I3/U=
-123,-170,mBgp5ZId1gtUSJu6yrqgfCeO+nU=,NO8833jFepczPiTBP7JFYLcCA18=
-123,-168,mBgp5ZId1gtUSJu6yrqgfCeO+nU=,B5nSlw9Gw7pwdaXNxw3XWPxi4jM=
-123,-169,mBgp5ZId1gtUSJu6yrqgfCeO+nU=,NO8833jFepczPiTBP7JFYLcCA18=
-120,-171,mBgp5ZId1gtUSJu6yrqgfCeO+nU=,Msr1Obyee5d5yG7xozpQ3ItIJl0=
-122,-169,mBgp5ZId1gtUSJu6yrqgfCeO+nU=,NO8833jFepczPiTBP7JFYLcCA18=
-121,-168,mBgp5ZId1gtUSJu6yrqgfCeO+nU=,B5nSlw9Gw7pwdaXNxw3XWPxi4jM=
-121,-171,mBgp5ZId1gtUSJu6yrqgfCeO+nU=,NO8833jFepczPiTBP7JFYLcCA18=
-122,-168,mBgp5ZId1gtUSJu6yrqgfCeO+nU=,B5nSlw9Gw7pwdaXNxw3XWPxi4jM=
-122,-171,mBgp5ZId1gtUSJu6yrqgfCeO+nU=,NO8833jFepczPiTBP7JFYLcCA18=
-123,-171,mBgp5ZId1gtUSJu6yrqgfCeO+nU=,NO8833jFepczPiTBP7JFYLcCA18=
-127,-169,mBgp5ZId1gtUSJu6yrqgfCeO+nU=,2UisBEMYNB0b05JPn4RsoaOQyZE=
-126,-169,mBgp5ZId1gtUSJu6yrqgfCeO+nU=,2UisBEMYNB0b05JPn4RsoaOQyZE=
-124,-169,mBgp5ZId1gtUSJu6yrqgfCeO+nU=,NO8833jFepczPiTBP7JFYLcCA18=
-121,-169,mBgp5ZId1gtUSJu6yrqgfCeO+nU=,NO8833jFepczPiTBP7JFYLcCA18=
-125,-170,mBgp5ZId1gtUSJu6yrqgfCeO+nU=,2UisBEMYNB0b05JPn4RsoaOQyZE=
-126,-170,mBgp5ZId1gtUSJu6yrqgfCeO+nU=,2UisBEMYNB0b05JPn4RsoaOQyZE=
-125,-169,mBgp5ZId1gtUSJu6yrqgfCeO+nU=,2UisBEMYNB0b05JPn4RsoaOQyZE=
-127,-168,mBgp5ZId1gtUSJu6yrqgfCeO+nU=,ytoduiDGI35WTe5/KfsiD9SzZxE=
-126,-168,mBgp5ZId1gtUSJu6yrqgfCeO+nU=,ytoduiDGI35WTe5/KfsiD9SzZxE=
-125,-171,mBgp5ZId1gtUSJu6yrqgfCeO+nU=,2UisBEMYNB0b05JPn4RsoaOQyZE=
-127,-170,mBgp5ZId1gtUSJu6yrqgfCeO+nU=,2UisBEMYNB0b05JPn4RsoaOQyZE=
-126,-171,mBgp5ZId1gtUSJu6yrqgfCeO+nU=,2UisBEMYNB0b05JPn4RsoaOQyZE=
-125,-168,mBgp5ZId1gtUSJu6yrqgfCeO+nU=,ytoduiDGI35WTe5/KfsiD9SzZxE=
-127,-171,mBgp5ZId1gtUSJu6yrqgfCeO+nU=,2UisBEMYNB0b05JPn4RsoaOQyZE=
-124,-170,mBgp5ZId1gtUSJu6yrqgfCeO+nU=,NO8833jFepczPiTBP7JFYLcCA18=
-124,-168,mBgp5ZId1gtUSJu6yrqgfCeO+nU=,B5nSlw9Gw7pwdaXNxw3XWPxi4jM=
-124,-171,mBgp5ZId1gtUSJu6yrqgfCeO+nU=,NO8833jFepczPiTBP7JFYLcCA18=
-118,-172,mBgp5ZId1gtUSJu6yrqgfCeO+nU=,Msr1Obyee5d5yG7xozpQ3ItIJl0=
-119,-172,mBgp5ZId1gtUSJu6yrqgfCeO+nU=,Msr1Obyee5d5yG7xozpQ3ItIJl0=
-118,-174,mBgp5ZId1gtUSJu6yrqgfCeO+nU=,U93fCHNhwz3+d+7/u4fbEDQpEVs=
-119,-175,mBgp5ZId1gtUSJu6yrqgfCeO+nU=,U93fCHNhwz3+d+7/u4fbEDQpEVs=
-119,-174,mBgp5ZId1gtUSJu6yrqgfCeO+nU=,U93fCHNhwz3+d+7/u4fbEDQpEVs=
-118,-173,mBgp5ZId1gtUSJu6yrqgfCeO+nU=,U93fCHNhwz3+d+7/u4fbEDQpEVs=
-119,-173,mBgp5ZId1gtUSJu6yrqgfCeO+nU=,U93fCHNhwz3+d+7/u4fbEDQpEVs=
-118,-175,mBgp5ZId1gtUSJu6yrqgfCeO+nU=,U93fCHNhwz3+d+7/u4fbEDQpEVs=
-119,-176,mBgp5ZId1gtUSJu6yrqgfCeO+nU=,U93fCHNhwz3+d+7/u4fbEDQpEVs=
-118,-176,mBgp5ZId1gtUSJu6yrqgfCeO+nU=,U93fCHNhwz3+d+7/u4fbEDQpEVs=
-113,-171,mBgp5ZId1gtUSJu6yrqgfCeO+nU=,m3ecHTGF4YbsQB7vz4aI54ucjFY=
-113,-170,mBgp5ZId1gtUSJu6yrqgfCeO+nU=,m3ecHTGF4YbsQB7vz4aI54ucjFY=
-113,-169,mBgp5ZId1gtUSJu6yrqgfCeO+nU=,m3ecHTGF4YbsQB7vz4aI54ucjFY=
-113,-166,mBgp5ZId1gtUSJu6yrqgfCeO+nU=,KaW6Rosia8biTKg84UHyjvxBEG0=
-113,-167,mBgp5ZId1gtUSJu6yrqgfCeO+nU=,KaW6Rosia8biTKg84UHyjvxBEG0=
-113,-168,mBgp5ZId1gtUSJu6yrqgfCeO+nU=,KaW6Rosia8biTKg84UHyjvxBEG0=
-113,-165,mBgp5ZId1gtUSJu6yrqgfCeO+nU=,KaW6Rosia8biTKg84UHyjvxBEG0=
-113,-162,mBgp5ZId1gtUSJu6yrqgfCeO+nU=,l29/gJrScfPWNZicITc+ayIiSuU=
-113,-164,mBgp5ZId1gtUSJu6yrqgfCeO+nU=,l29/gJrScfPWNZicITc+ayIiSuU=
-113,-163,mBgp5ZId1gtUSJu6yrqgfCeO+nU=,l29/gJrScfPWNZicITc+ayIiSuU=
-128,-170,mBgp5ZId1gtUSJu6yrqgfCeO+nU=,2UisBEMYNB0b05JPn4RsoaOQyZE=
-128,-171,mBgp5ZId1gtUSJu6yrqgfCeO+nU=,2UisBEMYNB0b05JPn4RsoaOQyZE=
-128,-166,mBgp5ZId1gtUSJu6yrqgfCeO+nU=,ytoduiDGI35WTe5/KfsiD9SzZxE=
-128,-167,mBgp5ZId1gtUSJu6yrqgfCeO+nU=,ytoduiDGI35WTe5/KfsiD9SzZxE=
-128,-169,mBgp5ZId1gtUSJu6yrqgfCeO+nU=,2UisBEMYNB0b05JPn4RsoaOQyZE=
-128,-168,mBgp5ZId1gtUSJu6yrqgfCeO+nU=,ytoduiDGI35WTe5/KfsiD9SzZxE=
-128,-165,mBgp5ZId1gtUSJu6yrqgfCeO+nU=,ytoduiDGI35WTe5/KfsiD9SzZxE=
-128,-164,mBgp5ZId1gtUSJu6yrqgfCeO+nU=,Py77BwIOXTelBGgGGIG0MYp56AA=
-128,-162,mBgp5ZId1gtUSJu6yrqgfCeO+nU=,Py77BwIOXTelBGgGGIG0MYp56AA=
-115,-161,mBgp5ZId1gtUSJu6yrqgfCeO+nU=,l29/gJrScfPWNZicITc+ayIiSuU=
-128,-163,mBgp5ZId1gtUSJu6yrqgfCeO+nU=,Py77BwIOXTelBGgGGIG0MYp56AA=
-114,-161,mBgp5ZId1gtUSJu6yrqgfCeO+nU=,l29/gJrScfPWNZicITc+ayIiSuU=
-116,-161,mBgp5ZId1gtUSJu6yrqgfCeO+nU=,l29/gJrScfPWNZicITc+ayIiSuU=
-119,-161,mBgp5ZId1gtUSJu6yrqgfCeO+nU=,govP0ft5zr+MgWMxk4AN6DRQGqI=
-117,-161,mBgp5ZId1gtUSJu6yrqgfCeO+nU=,govP0ft5zr+MgWMxk4AN6DRQGqI=
-120,-161,mBgp5ZId1gtUSJu6yrqgfCeO+nU=,govP0ft5zr+MgWMxk4AN6DRQGqI=
-118,-161,mBgp5ZId1gtUSJu6yrqgfCeO+nU=,govP0ft5zr+MgWMxk4AN6DRQGqI=
-121,-161,mBgp5ZId1gtUSJu6yrqgfCeO+nU=,a+hdA6Jj50SH3g7oXq+kzDkWUmY=
-123,-161,mBgp5ZId1gtUSJu6yrqgfCeO+nU=,a+hdA6Jj50SH3g7oXq+kzDkWUmY=
-128,-175,mBgp5ZId1gtUSJu6yrqgfCeO+nU=,8kaZ7Rwru5u6jVekzXl1AwWqNfE=
-127,-175,mBgp5ZId1gtUSJu6yrqgfCeO+nU=,8kaZ7Rwru5u6jVekzXl1AwWqNfE=
-122,-161,mBgp5ZId1gtUSJu6yrqgfCeO+nU=,a+hdA6Jj50SH3g7oXq+kzDkWUmY=
-126,-175,mBgp5ZId1gtUSJu6yrqgfCeO+nU=,8kaZ7Rwru5u6jVekzXl1AwWqNfE=
-128,-174,mBgp5ZId1gtUSJu6yrqgfCeO+nU=,8kaZ7Rwru5u6jVekzXl1AwWqNfE=
-127,-174,mBgp5ZId1gtUSJu6yrqgfCeO+nU=,8kaZ7Rwru5u6jVekzXl1AwWqNfE=
-126,-174,mBgp5ZId1gtUSJu6yrqgfCeO+nU=,8kaZ7Rwru5u6jVekzXl1AwWqNfE=
-126,-172,mBgp5ZId1gtUSJu6yrqgfCeO+nU=,2UisBEMYNB0b05JPn4RsoaOQyZE=
-127,-173,mBgp5ZId1gtUSJu6yrqgfCeO+nU=,8kaZ7Rwru5u6jVekzXl1AwWqNfE=
-128,-172,mBgp5ZId1gtUSJu6yrqgfCeO+nU=,2UisBEMYNB0b05JPn4RsoaOQyZE=
-128,-173,mBgp5ZId1gtUSJu6yrqgfCeO+nU=,8kaZ7Rwru5u6jVekzXl1AwWqNfE=
-126,-173,mBgp5ZId1gtUSJu6yrqgfCeO+nU=,8kaZ7Rwru5u6jVekzXl1AwWqNfE=
-127,-172,mBgp5ZId1gtUSJu6yrqgfCeO+nU=,2UisBEMYNB0b05JPn4RsoaOQyZE=
-128,-176,mBgp5ZId1gtUSJu6yrqgfCeO+nU=,8kaZ7Rwru5u6jVekzXl1AwWqNfE=
-127,-176,mBgp5ZId1gtUSJu6yrqgfCeO+nU=,8kaZ7Rwru5u6jVekzXl1AwWqNfE=
-117,-176,mBgp5ZId1gtUSJu6yrqgfCeO+nU=,U93fCHNhwz3+d+7/u4fbEDQpEVs=
-117,-174,mBgp5ZId1gtUSJu6yrqgfCeO+nU=,U93fCHNhwz3+d+7/u4fbEDQpEVs=
-114,-176,mBgp5ZId1gtUSJu6yrqgfCeO+nU=,+BH/rw1QTnRNbYKi3AQkU9fjl9g=
-126,-176,mBgp5ZId1gtUSJu6yrqgfCeO+nU=,8kaZ7Rwru5u6jVekzXl1AwWqNfE=
-113,-176,mBgp5ZId1gtUSJu6yrqgfCeO+nU=,+BH/rw1QTnRNbYKi3AQkU9fjl9g=
-113,-172,mBgp5ZId1gtUSJu6yrqgfCeO+nU=,m3ecHTGF4YbsQB7vz4aI54ucjFY=
-115,-176,mBgp5ZId1gtUSJu6yrqgfCeO+nU=,+BH/rw1QTnRNbYKi3AQkU9fjl9g=
-115,-175,mBgp5ZId1gtUSJu6yrqgfCeO+nU=,+BH/rw1QTnRNbYKi3AQkU9fjl9g=
-114,-175,mBgp5ZId1gtUSJu6yrqgfCeO+nU=,+BH/rw1QTnRNbYKi3AQkU9fjl9g=
-117,-173,mBgp5ZId1gtUSJu6yrqgfCeO+nU=,U93fCHNhwz3+d+7/u4fbEDQpEVs=
-113,-173,mBgp5ZId1gtUSJu6yrqgfCeO+nU=,+BH/rw1QTnRNbYKi3AQkU9fjl9g=
-113,-175,mBgp5ZId1gtUSJu6yrqgfCeO+nU=,+BH/rw1QTnRNbYKi3AQkU9fjl9g=
-115,-174,mBgp5ZId1gtUSJu6yrqgfCeO+nU=,+BH/rw1QTnRNbYKi3AQkU9fjl9g=
-116,-172,mBgp5ZId1gtUSJu6yrqgfCeO+nU=,m3ecHTGF4YbsQB7vz4aI54ucjFY=
-115,-172,mBgp5ZId1gtUSJu6yrqgfCeO+nU=,m3ecHTGF4YbsQB7vz4aI54ucjFY=
-116,-176,mBgp5ZId1gtUSJu6yrqgfCeO+nU=,+BH/rw1QTnRNbYKi3AQkU9fjl9g=
-117,-172,mBgp5ZId1gtUSJu6yrqgfCeO+nU=,Msr1Obyee5d5yG7xozpQ3ItIJl0=
-116,-174,mBgp5ZId1gtUSJu6yrqgfCeO+nU=,+BH/rw1QTnRNbYKi3AQkU9fjl9g=
-114,-172,mBgp5ZId1gtUSJu6yrqgfCeO+nU=,m3ecHTGF4YbsQB7vz4aI54ucjFY=
-114,-174,mBgp5ZId1gtUSJu6yrqgfCeO+nU=,+BH/rw1QTnRNbYKi3AQkU9fjl9g=
-116,-175,mBgp5ZId1gtUSJu6yrqgfCeO+nU=,+BH/rw1QTnRNbYKi3AQkU9fjl9g=
-114,-173,mBgp5ZId1gtUSJu6yrqgfCeO+nU=,+BH/rw1QTnRNbYKi3AQkU9fjl9g=
-116,-173,mBgp5ZId1gtUSJu6yrqgfCeO+nU=,+BH/rw1QTnRNbYKi3AQkU9fjl9g=
-115,-173,mBgp5ZId1gtUSJu6yrqgfCeO+nU=,+BH/rw1QTnRNbYKi3AQkU9fjl9g=
-117,-175,mBgp5ZId1gtUSJu6yrqgfCeO+nU=,U93fCHNhwz3+d+7/u4fbEDQpEVs=
-113,-161,mBgp5ZId1gtUSJu6yrqgfCeO+nU=,l29/gJrScfPWNZicITc+ayIiSuU=
-113,-174,mBgp5ZId1gtUSJu6yrqgfCeO+nU=,+BH/rw1QTnRNbYKi3AQkU9fjl9g=
-125,-161,mBgp5ZId1gtUSJu6yrqgfCeO+nU=,Py77BwIOXTelBGgGGIG0MYp56AA=
-126,-161,mBgp5ZId1gtUSJu6yrqgfCeO+nU=,Py77BwIOXTelBGgGGIG0MYp56AA=
-124,-161,mBgp5ZId1gtUSJu6yrqgfCeO+nU=,a+hdA6Jj50SH3g7oXq+kzDkWUmY=
-127,-161,mBgp5ZId1gtUSJu6yrqgfCeO+nU=,Py77BwIOXTelBGgGGIG0MYp56AA=
-128,-161,mBgp5ZId1gtUSJu6yrqgfCeO+nU=,Py77BwIOXTelBGgGGIG0MYp56AA=
-125,-172,mBgp5ZId1gtUSJu6yrqgfCeO+nU=,2UisBEMYNB0b05JPn4RsoaOQyZE=
-125,-176,mBgp5ZId1gtUSJu6yrqgfCeO+nU=,8kaZ7Rwru5u6jVekzXl1AwWqNfE=
-120,-175,mBgp5ZId1gtUSJu6yrqgfCeO+nU=,U93fCHNhwz3+d+7/u4fbEDQpEVs=
-120,-176,mBgp5ZId1gtUSJu6yrqgfCeO+nU=,U93fCHNhwz3+d+7/u4fbEDQpEVs=
-121,-174,mBgp5ZId1gtUSJu6yrqgfCeO+nU=,NB6NJKe/olT2UIoyUJkOqXMdWbw=
-124,-173,mBgp5ZId1gtUSJu6yrqgfCeO+nU=,NB6NJKe/olT2UIoyUJkOqXMdWbw=
-124,-174,mBgp5ZId1gtUSJu6yrqgfCeO+nU=,NB6NJKe/olT2UIoyUJkOqXMdWbw=
-125,-173,mBgp5ZId1gtUSJu6yrqgfCeO+nU=,8kaZ7Rwru5u6jVekzXl1AwWqNfE=
-122,-174,mBgp5ZId1gtUSJu6yrqgfCeO+nU=,NB6NJKe/olT2UIoyUJkOqXMdWbw=
-125,-174,mBgp5ZId1gtUSJu6yrqgfCeO+nU=,8kaZ7Rwru5u6jVekzXl1AwWqNfE=
-121,-175,mBgp5ZId1gtUSJu6yrqgfCeO+nU=,NB6NJKe/olT2UIoyUJkOqXMdWbw=
-122,-175,mBgp5ZId1gtUSJu6yrqgfCeO+nU=,NB6NJKe/olT2UIoyUJkOqXMdWbw=
-124,-175,mBgp5ZId1gtUSJu6yrqgfCeO+nU=,NB6NJKe/olT2UIoyUJkOqXMdWbw=
-120,-172,mBgp5ZId1gtUSJu6yrqgfCeO+nU=,Msr1Obyee5d5yG7xozpQ3ItIJl0=
-121,-172,mBgp5ZId1gtUSJu6yrqgfCeO+nU=,NO8833jFepczPiTBP7JFYLcCA18=
-122,-172,mBgp5ZId1gtUSJu6yrqgfCeO+nU=,NO8833jFepczPiTBP7JFYLcCA18=
-123,-176,mBgp5ZId1gtUSJu6yrqgfCeO+nU=,NB6NJKe/olT2UIoyUJkOqXMdWbw=
-123,-175,mBgp5ZId1gtUSJu6yrqgfCeO+nU=,NB6NJKe/olT2UIoyUJkOqXMdWbw=
-122,-176,mBgp5ZId1gtUSJu6yrqgfCeO+nU=,NB6NJKe/olT2UIoyUJkOqXMdWbw=
-124,-176,mBgp5ZId1gtUSJu6yrqgfCeO+nU=,NB6NJKe/olT2UIoyUJkOqXMdWbw=
-121,-176,mBgp5ZId1gtUSJu6yrqgfCeO+nU=,NB6NJKe/olT2UIoyUJkOqXMdWbw=
-124,-172,mBgp5ZId1gtUSJu6yrqgfCeO+nU=,NO8833jFepczPiTBP7JFYLcCA18=
-120,-174,mBgp5ZId1gtUSJu6yrqgfCeO+nU=,U93fCHNhwz3+d+7/u4fbEDQpEVs=
-125,-175,mBgp5ZId1gtUSJu6yrqgfCeO+nU=,8kaZ7Rwru5u6jVekzXl1AwWqNfE=
-121,-173,mBgp5ZId1gtUSJu6yrqgfCeO+nU=,NB6NJKe/olT2UIoyUJkOqXMdWbw=
-120,-173,mBgp5ZId1gtUSJu6yrqgfCeO+nU=,U93fCHNhwz3+d+7/u4fbEDQpEVs=
-123,-174,mBgp5ZId1gtUSJu6yrqgfCeO+nU=,NB6NJKe/olT2UIoyUJkOqXMdWbw=
-123,-173,mBgp5ZId1gtUSJu6yrqgfCeO+nU=,NB6NJKe/olT2UIoyUJkOqXMdWbw=
-122,-173,mBgp5ZId1gtUSJu6yrqgfCeO+nU=,NB6NJKe/olT2UIoyUJkOqXMdWbw=
-123,-172,mBgp5ZId1gtUSJu6yrqgfCeO+nU=,NO8833jFepczPiTBP7JFYLcCA18=
-119,-179,QcvIuwbtNm2Pl15MEUqpB1jDa/g=,tI3c0Fiu/SYb5KGRiLkJ6FWL2mc=
-118,-178,QcvIuwbtNm2Pl15MEUqpB1jDa/g=,tI3c0Fiu/SYb5KGRiLkJ6FWL2mc=
-119,-178,QcvIuwbtNm2Pl15MEUqpB1jDa/g=,tI3c0Fiu/SYb5KGRiLkJ6FWL2mc=
-118,-179,QcvIuwbtNm2Pl15MEUqpB1jDa/g=,tI3c0Fiu/SYb5KGRiLkJ6FWL2mc=
-119,-180,QcvIuwbtNm2Pl15MEUqpB1jDa/g=,tI3c0Fiu/SYb5KGRiLkJ6FWL2mc=
-118,-180,QcvIuwbtNm2Pl15MEUqpB1jDa/g=,tI3c0Fiu/SYb5KGRiLkJ6FWL2mc=
-117,-179,QcvIuwbtNm2Pl15MEUqpB1jDa/g=,tI3c0Fiu/SYb5KGRiLkJ6FWL2mc=
-117,-178,QcvIuwbtNm2Pl15MEUqpB1jDa/g=,tI3c0Fiu/SYb5KGRiLkJ6FWL2mc=
-126,-180,QcvIuwbtNm2Pl15MEUqpB1jDa/g=,/ePwTlLdaG3yU22eKhksNSqqwiw=
-128,-179,QcvIuwbtNm2Pl15MEUqpB1jDa/g=,/ePwTlLdaG3yU22eKhksNSqqwiw=
-127,-179,QcvIuwbtNm2Pl15MEUqpB1jDa/g=,/ePwTlLdaG3yU22eKhksNSqqwiw=
-126,-179,QcvIuwbtNm2Pl15MEUqpB1jDa/g=,/ePwTlLdaG3yU22eKhksNSqqwiw=
-126,-178,QcvIuwbtNm2Pl15MEUqpB1jDa/g=,/ePwTlLdaG3yU22eKhksNSqqwiw=
-128,-178,QcvIuwbtNm2Pl15MEUqpB1jDa/g=,/ePwTlLdaG3yU22eKhksNSqqwiw=
-127,-178,QcvIuwbtNm2Pl15MEUqpB1jDa/g=,/ePwTlLdaG3yU22eKhksNSqqwiw=
-127,-177,QcvIuwbtNm2Pl15MEUqpB1jDa/g=,/ePwTlLdaG3yU22eKhksNSqqwiw=
-128,-180,QcvIuwbtNm2Pl15MEUqpB1jDa/g=,/ePwTlLdaG3yU22eKhksNSqqwiw=
-126,-177,QcvIuwbtNm2Pl15MEUqpB1jDa/g=,/ePwTlLdaG3yU22eKhksNSqqwiw=
-127,-180,QcvIuwbtNm2Pl15MEUqpB1jDa/g=,/ePwTlLdaG3yU22eKhksNSqqwiw=
-119,-177,QcvIuwbtNm2Pl15MEUqpB1jDa/g=,tI3c0Fiu/SYb5KGRiLkJ6FWL2mc=
-118,-177,QcvIuwbtNm2Pl15MEUqpB1jDa/g=,tI3c0Fiu/SYb5KGRiLkJ6FWL2mc=
-117,-180,QcvIuwbtNm2Pl15MEUqpB1jDa/g=,tI3c0Fiu/SYb5KGRiLkJ6FWL2mc=
-128,-177,QcvIuwbtNm2Pl15MEUqpB1jDa/g=,/ePwTlLdaG3yU22eKhksNSqqwiw=
-117,-177,QcvIuwbtNm2Pl15MEUqpB1jDa/g=,tI3c0Fiu/SYb5KGRiLkJ6FWL2mc=
-120,-177,QcvIuwbtNm2Pl15MEUqpB1jDa/g=,tI3c0Fiu/SYb5KGRiLkJ6FWL2mc=
-125,-180,QcvIuwbtNm2Pl15MEUqpB1jDa/g=,/ePwTlLdaG3yU22eKhksNSqqwiw=
-123,-177,QcvIuwbtNm2Pl15MEUqpB1jDa/g=,NytyOoQG5nKP2ACFEMIWC4bve/Q=
-120,-180,QcvIuwbtNm2Pl15MEUqpB1jDa/g=,tI3c0Fiu/SYb5KGRiLkJ6FWL2mc=
-120,-179,QcvIuwbtNm2Pl15MEUqpB1jDa/g=,tI3c0Fiu/SYb5KGRiLkJ6FWL2mc=
-120,-178,QcvIuwbtNm2Pl15MEUqpB1jDa/g=,tI3c0Fiu/SYb5KGRiLkJ6FWL2mc=
-125,-179,QcvIuwbtNm2Pl15MEUqpB1jDa/g=,/ePwTlLdaG3yU22eKhksNSqqwiw=
-124,-177,QcvIuwbtNm2Pl15MEUqpB1jDa/g=,NytyOoQG5nKP2ACFEMIWC4bve/Q=
-124,-179,QcvIuwbtNm2Pl15MEUqpB1jDa/g=,NytyOoQG5nKP2ACFEMIWC4bve/Q=
-125,-177,QcvIuwbtNm2Pl15MEUqpB1jDa/g=,/ePwTlLdaG3yU22eKhksNSqqwiw=
-123,-178,QcvIuwbtNm2Pl15MEUqpB1jDa/g=,NytyOoQG5nKP2ACFEMIWC4bve/Q=
-121,-178,QcvIuwbtNm2Pl15MEUqpB1jDa/g=,NytyOoQG5nKP2ACFEMIWC4bve/Q=
-125,-178,QcvIuwbtNm2Pl15MEUqpB1jDa/g=,/ePwTlLdaG3yU22eKhksNSqqwiw=
-122,-178,QcvIuwbtNm2Pl15MEUqpB1jDa/g=,NytyOoQG5nKP2ACFEMIWC4bve/Q=
-123,-179,QcvIuwbtNm2Pl15MEUqpB1jDa/g=,NytyOoQG5nKP2ACFEMIWC4bve/Q=
-122,-180,QcvIuwbtNm2Pl15MEUqpB1jDa/g=,NytyOoQG5nKP2ACFEMIWC4bve/Q=
-122,-179,QcvIuwbtNm2Pl15MEUqpB1jDa/g=,NytyOoQG5nKP2ACFEMIWC4bve/Q=
-124,-178,QcvIuwbtNm2Pl15MEUqpB1jDa/g=,NytyOoQG5nKP2ACFEMIWC4bve/Q=
-121,-177,QcvIuwbtNm2Pl15MEUqpB1jDa/g=,NytyOoQG5nKP2ACFEMIWC4bve/Q=
-124,-180,QcvIuwbtNm2Pl15MEUqpB1jDa/g=,NytyOoQG5nKP2ACFEMIWC4bve/Q=
-122,-177,QcvIuwbtNm2Pl15MEUqpB1jDa/g=,NytyOoQG5nKP2ACFEMIWC4bve/Q=
-121,-179,QcvIuwbtNm2Pl15MEUqpB1jDa/g=,NytyOoQG5nKP2ACFEMIWC4bve/Q=
-121,-180,QcvIuwbtNm2Pl15MEUqpB1jDa/g=,NytyOoQG5nKP2ACFEMIWC4bve/Q=
-123,-180,QcvIuwbtNm2Pl15MEUqpB1jDa/g=,NytyOoQG5nKP2ACFEMIWC4bve/Q=
