109,37,8Nan++OSSFcaa9d1NApefxH4Ds0=,M26ZGBXtgOjjspdskia5f1o1Azg=
110,37,8Nan++OSSFcaa9d1NApefxH4Ds0=,M26ZGBXtgOjjspdskia5f1o1Azg=
110,38,8Nan++OSSFcaa9d1NApefxH4Ds0=,M26ZGBXtgOjjspdskia5f1o1Azg=
109,38,8Nan++OSSFcaa9d1NApefxH4Ds0=,M26ZGBXtgOjjspdskia5f1o1Azg=
110,42,8Nan++OSSFcaa9d1NApefxH4Ds0=,pu0sfyvcpCkdWmMF9SvFbqIylhM=
109,39,8Nan++OSSFcaa9d1NApefxH4Ds0=,M26ZGBXtgOjjspdskia5f1o1Azg=
110,40,8Nan++OSSFcaa9d1NApefxH4Ds0=,pu0sfyvcpCkdWmMF9SvFbqIylhM=
110,39,8Nan++OSSFcaa9d1NApefxH4Ds0=,M26ZGBXtgOjjspdskia5f1o1Azg=
109,41,8Nan++OSSFcaa9d1NApefxH4Ds0=,pu0sfyvcpCkdWmMF9SvFbqIylhM=
109,42,8Nan++OSSFcaa9d1NApefxH4Ds0=,pu0sfyvcpCkdWmMF9SvFbqIylhM=
109,40,8Nan++OSSFcaa9d1NApefxH4Ds0=,pu0sfyvcpCkdWmMF9SvFbqIylhM=
110,41,8Nan++OSSFcaa9d1NApefxH4Ds0=,pu0sfyvcpCkdWmMF9SvFbqIylhM=
106,38,8Nan++OSSFcaa9d1NApefxH4Ds0=,jeHPOEBmsD8GOKwAtgSYdpqCOoA=
107,38,8Nan++OSSFcaa9d1NApefxH4Ds0=,jeHPOEBmsD8GOKwAtgSYdpqCOoA=
108,37,8Nan++OSSFcaa9d1NApefxH4Ds0=,M26ZGBXtgOjjspdskia5f1o1Azg=
107,37,8Nan++OSSFcaa9d1NApefxH4Ds0=,jeHPOEBmsD8GOKwAtgSYdpqCOoA=
108,38,8Nan++OSSFcaa9d1NApefxH4Ds0=,M26ZGBXtgOjjspdskia5f1o1Azg=
106,37,8Nan++OSSFcaa9d1NApefxH4Ds0=,jeHPOEBmsD8GOKwAtgSYdpqCOoA=
105,39,8Nan++OSSFcaa9d1NApefxH4Ds0=,jeHPOEBmsD8GOKwAtgSYdpqCOoA=
108,39,8Nan++OSSFcaa9d1NApefxH4Ds0=,M26ZGBXtgOjjspdskia5f1o1Azg=
105,38,8Nan++OSSFcaa9d1NApefxH4Ds0=,jeHPOEBmsD8GOKwAtgSYdpqCOoA=
105,37,8Nan++OSSFcaa9d1NApefxH4Ds0=,jeHPOEBmsD8GOKwAtgSYdpqCOoA=
106,39,8Nan++OSSFcaa9d1NApefxH4Ds0=,jeHPOEBmsD8GOKwAtgSYdpqCOoA=
108,41,8Nan++OSSFcaa9d1NApefxH4Ds0=,pu0sfyvcpCkdWmMF9SvFbqIylhM=
107,39,8Nan++OSSFcaa9d1NApefxH4Ds0=,jeHPOEBmsD8GOKwAtgSYdpqCOoA=
108,40,8Nan++OSSFcaa9d1NApefxH4Ds0=,pu0sfyvcpCkdWmMF9SvFbqIylhM=
106,42,8Nan++OSSFcaa9d1NApefxH4Ds0=,NDQotUu7f/9YZq46wFd8NQT/1Bo=
105,40,8Nan++OSSFcaa9d1NApefxH4Ds0=,NDQotUu7f/9YZq46wFd8NQT/1Bo=
107,42,8Nan++OSSFcaa9d1NApefxH4Ds0=,NDQotUu7f/9YZq46wFd8NQT/1Bo=
106,41,8Nan++OSSFcaa9d1NApefxH4Ds0=,NDQotUu7f/9YZq46wFd8NQT/1Bo=
107,41,8Nan++OSSFcaa9d1NApefxH4Ds0=,NDQotUu7f/9YZq46wFd8NQT/1Bo=
105,41,8Nan++OSSFcaa9d1NApefxH4Ds0=,NDQotUu7f/9YZq46wFd8NQT/1Bo=
108,42,8Nan++OSSFcaa9d1NApefxH4Ds0=,pu0sfyvcpCkdWmMF9SvFbqIylhM=
107,40,8Nan++OSSFcaa9d1NApefxH4Ds0=,NDQotUu7f/9YZq46wFd8NQT/1Bo=
105,42,8Nan++OSSFcaa9d1NApefxH4Ds0=,NDQotUu7f/9YZq46wFd8NQT/1Bo=
106,40,8Nan++OSSFcaa9d1NApefxH4Ds0=,NDQotUu7f/9YZq46wFd8NQT/1Bo=
106,45,8Nan++OSSFcaa9d1NApefxH4Ds0=,y5/akyXo2xvMu+bNqxrVP4Eq6Pg=
105,45,8Nan++OSSFcaa9d1NApefxH4Ds0=,y5/akyXo2xvMu+bNqxrVP4Eq6Pg=
105,43,8Nan++OSSFcaa9d1NApefxH4Ds0=,NDQotUu7f/9YZq46wFd8NQT/1Bo=
105,46,8Nan++OSSFcaa9d1NApefxH4Ds0=,y5/akyXo2xvMu+bNqxrVP4Eq6Pg=
105,44,8Nan++OSSFcaa9d1NApefxH4Ds0=,y5/akyXo2xvMu+bNqxrVP4Eq6Pg=
106,43,8Nan++OSSFcaa9d1NApefxH4Ds0=,NDQotUu7f/9YZq46wFd8NQT/1Bo=
106,46,8Nan++OSSFcaa9d1NApefxH4Ds0=,y5/akyXo2xvMu+bNqxrVP4Eq6Pg=
106,44,8Nan++OSSFcaa9d1NApefxH4Ds0=,y5/akyXo2xvMu+bNqxrVP4Eq6Pg=
107,46,8Nan++OSSFcaa9d1NApefxH4Ds0=,y5/akyXo2xvMu+bNqxrVP4Eq6Pg=
107,45,8Nan++OSSFcaa9d1NApefxH4Ds0=,y5/akyXo2xvMu+bNqxrVP4Eq6Pg=
107,44,8Nan++OSSFcaa9d1NApefxH4Ds0=,y5/akyXo2xvMu+bNqxrVP4Eq6Pg=
108,46,8Nan++OSSFcaa9d1NApefxH4Ds0=,vN6nuPvckRQgRFK87ucYOhbdrS8=
110,46,8Nan++OSSFcaa9d1NApefxH4Ds0=,vN6nuPvckRQgRFK87ucYOhbdrS8=
108,45,8Nan++OSSFcaa9d1NApefxH4Ds0=,vN6nuPvckRQgRFK87ucYOhbdrS8=
109,45,8Nan++OSSFcaa9d1NApefxH4Ds0=,vN6nuPvckRQgRFK87ucYOhbdrS8=
110,45,8Nan++OSSFcaa9d1NApefxH4Ds0=,vN6nuPvckRQgRFK87ucYOhbdrS8=
108,43,8Nan++OSSFcaa9d1NApefxH4Ds0=,pu0sfyvcpCkdWmMF9SvFbqIylhM=
109,46,8Nan++OSSFcaa9d1NApefxH4Ds0=,vN6nuPvckRQgRFK87ucYOhbdrS8=
110,44,8Nan++OSSFcaa9d1NApefxH4Ds0=,vN6nuPvckRQgRFK87ucYOhbdrS8=
110,43,8Nan++OSSFcaa9d1NApefxH4Ds0=,pu0sfyvcpCkdWmMF9SvFbqIylhM=
108,44,8Nan++OSSFcaa9d1NApefxH4Ds0=,vN6nuPvckRQgRFK87ucYOhbdrS8=
109,44,8Nan++OSSFcaa9d1NApefxH4Ds0=,vN6nuPvckRQgRFK87ucYOhbdrS8=
109,43,8Nan++OSSFcaa9d1NApefxH4Ds0=,pu0sfyvcpCkdWmMF9SvFbqIylhM=
107,43,8Nan++OSSFcaa9d1NApefxH4Ds0=,NDQotUu7f/9YZq46wFd8NQT/1Bo=
105,35,8Nan++OSSFcaa9d1NApefxH4Ds0=,eISMCwqFPjlXGNni1XuDVMNCva4=
106,35,8Nan++OSSFcaa9d1NApefxH4Ds0=,eISMCwqFPjlXGNni1XuDVMNCva4=
105,33,8Nan++OSSFcaa9d1NApefxH4Ds0=,eISMCwqFPjlXGNni1XuDVMNCva4=
106,33,8Nan++OSSFcaa9d1NApefxH4Ds0=,eISMCwqFPjlXGNni1XuDVMNCva4=
105,36,8Nan++OSSFcaa9d1NApefxH4Ds0=,jeHPOEBmsD8GOKwAtgSYdpqCOoA=
106,36,8Nan++OSSFcaa9d1NApefxH4Ds0=,jeHPOEBmsD8GOKwAtgSYdpqCOoA=
105,34,ftqefUlBFp37U1phyY8vmImkAHk=,eISMCwqFPjlXGNni1XuDVMNCva4=
106,34,ftqefUlBFp37U1phyY8vmImkAHk=,eISMCwqFPjlXGNni1XuDVMNCva4=
101,41,ftqefUlBFp37U1phyY8vmImkAHk=,d1JZOxlVYJ17pVm3i6J3RmbaoVo=
102,41,ftqefUlBFp37U1phyY8vmImkAHk=,d1JZOxlVYJ17pVm3i6J3RmbaoVo=
103,42,ftqefUlBFp37U1phyY8vmImkAHk=,d1JZOxlVYJ17pVm3i6J3RmbaoVo=
103,41,ftqefUlBFp37U1phyY8vmImkAHk=,d1JZOxlVYJ17pVm3i6J3RmbaoVo=
101,42,ftqefUlBFp37U1phyY8vmImkAHk=,d1JZOxlVYJ17pVm3i6J3RmbaoVo=
104,41,ftqefUlBFp37U1phyY8vmImkAHk=,NDQotUu7f/9YZq46wFd8NQT/1Bo=
102,42,ftqefUlBFp37U1phyY8vmImkAHk=,d1JZOxlVYJ17pVm3i6J3RmbaoVo=
104,42,ftqefUlBFp37U1phyY8vmImkAHk=,NDQotUu7f/9YZq46wFd8NQT/1Bo=
104,45,ftqefUlBFp37U1phyY8vmImkAHk=,y5/akyXo2xvMu+bNqxrVP4Eq6Pg=
104,43,ftqefUlBFp37U1phyY8vmImkAHk=,NDQotUu7f/9YZq46wFd8NQT/1Bo=
101,43,ftqefUlBFp37U1phyY8vmImkAHk=,d1JZOxlVYJ17pVm3i6J3RmbaoVo=
102,43,ftqefUlBFp37U1phyY8vmImkAHk=,d1JZOxlVYJ17pVm3i6J3RmbaoVo=
104,46,ftqefUlBFp37U1phyY8vmImkAHk=,y5/akyXo2xvMu+bNqxrVP4Eq6Pg=
104,44,ftqefUlBFp37U1phyY8vmImkAHk=,y5/akyXo2xvMu+bNqxrVP4Eq6Pg=
103,43,ftqefUlBFp37U1phyY8vmImkAHk=,d1JZOxlVYJ17pVm3i6J3RmbaoVo=
103,46,ftqefUlBFp37U1phyY8vmImkAHk=,JEriWQdK+CXfUdEyZRUIa60V1vQ=
101,46,ftqefUlBFp37U1phyY8vmImkAHk=,JEriWQdK+CXfUdEyZRUIa60V1vQ=
102,46,ftqefUlBFp37U1phyY8vmImkAHk=,JEriWQdK+CXfUdEyZRUIa60V1vQ=
101,44,ftqefUlBFp37U1phyY8vmImkAHk=,JEriWQdK+CXfUdEyZRUIa60V1vQ=
102,44,ftqefUlBFp37U1phyY8vmImkAHk=,JEriWQdK+CXfUdEyZRUIa60V1vQ=
103,44,ftqefUlBFp37U1phyY8vmImkAHk=,JEriWQdK+CXfUdEyZRUIa60V1vQ=
102,45,ftqefUlBFp37U1phyY8vmImkAHk=,JEriWQdK+CXfUdEyZRUIa60V1vQ=
101,45,ftqefUlBFp37U1phyY8vmImkAHk=,JEriWQdK+CXfUdEyZRUIa60V1vQ=
98,37,ftqefUlBFp37U1phyY8vmImkAHk=,EtVVLYV6qkQa9bIs3lq2ZT1yiQc=
103,45,ftqefUlBFp37U1phyY8vmImkAHk=,JEriWQdK+CXfUdEyZRUIa60V1vQ=
97,38,ftqefUlBFp37U1phyY8vmImkAHk=,EtVVLYV6qkQa9bIs3lq2ZT1yiQc=
103,34,ftqefUlBFp37U1phyY8vmImkAHk=,le9wp1E9SUUICoxhZ8Fvj1smk5k=
98,38,ftqefUlBFp37U1phyY8vmImkAHk=,EtVVLYV6qkQa9bIs3lq2ZT1yiQc=
97,37,ftqefUlBFp37U1phyY8vmImkAHk=,EtVVLYV6qkQa9bIs3lq2ZT1yiQc=
101,34,ftqefUlBFp37U1phyY8vmImkAHk=,le9wp1E9SUUICoxhZ8Fvj1smk5k=
102,34,ftqefUlBFp37U1phyY8vmImkAHk=,le9wp1E9SUUICoxhZ8Fvj1smk5k=
104,33,ftqefUlBFp37U1phyY8vmImkAHk=,eISMCwqFPjlXGNni1XuDVMNCva4=
103,33,ftqefUlBFp37U1phyY8vmImkAHk=,le9wp1E9SUUICoxhZ8Fvj1smk5k=
101,33,ftqefUlBFp37U1phyY8vmImkAHk=,le9wp1E9SUUICoxhZ8Fvj1smk5k=
102,33,ftqefUlBFp37U1phyY8vmImkAHk=,le9wp1E9SUUICoxhZ8Fvj1smk5k=
104,35,ftqefUlBFp37U1phyY8vmImkAHk=,eISMCwqFPjlXGNni1XuDVMNCva4=
104,34,ftqefUlBFp37U1phyY8vmImkAHk=,eISMCwqFPjlXGNni1XuDVMNCva4=
103,38,ftqefUlBFp37U1phyY8vmImkAHk=,H2xfzbZtLRe+hk+DDUo2/SgDLMo=
101,39,ftqefUlBFp37U1phyY8vmImkAHk=,H2xfzbZtLRe+hk+DDUo2/SgDLMo=
102,37,ftqefUlBFp37U1phyY8vmImkAHk=,H2xfzbZtLRe+hk+DDUo2/SgDLMo=
104,37,ftqefUlBFp37U1phyY8vmImkAHk=,jeHPOEBmsD8GOKwAtgSYdpqCOoA=
101,38,ftqefUlBFp37U1phyY8vmImkAHk=,H2xfzbZtLRe+hk+DDUo2/SgDLMo=
103,37,ftqefUlBFp37U1phyY8vmImkAHk=,H2xfzbZtLRe+hk+DDUo2/SgDLMo=
100,37,ftqefUlBFp37U1phyY8vmImkAHk=,H2xfzbZtLRe+hk+DDUo2/SgDLMo=
99,38,ftqefUlBFp37U1phyY8vmImkAHk=,EtVVLYV6qkQa9bIs3lq2ZT1yiQc=
101,37,ftqefUlBFp37U1phyY8vmImkAHk=,H2xfzbZtLRe+hk+DDUo2/SgDLMo=
103,36,ftqefUlBFp37U1phyY8vmImkAHk=,H2xfzbZtLRe+hk+DDUo2/SgDLMo=
104,40,ftqefUlBFp37U1phyY8vmImkAHk=,NDQotUu7f/9YZq46wFd8NQT/1Bo=
102,36,ftqefUlBFp37U1phyY8vmImkAHk=,H2xfzbZtLRe+hk+DDUo2/SgDLMo=
104,39,ftqefUlBFp37U1phyY8vmImkAHk=,jeHPOEBmsD8GOKwAtgSYdpqCOoA=
101,36,ftqefUlBFp37U1phyY8vmImkAHk=,H2xfzbZtLRe+hk+DDUo2/SgDLMo=
102,39,ftqefUlBFp37U1phyY8vmImkAHk=,H2xfzbZtLRe+hk+DDUo2/SgDLMo=
104,36,ftqefUlBFp37U1phyY8vmImkAHk=,jeHPOEBmsD8GOKwAtgSYdpqCOoA=
103,40,ftqefUlBFp37U1phyY8vmImkAHk=,d1JZOxlVYJ17pVm3i6J3RmbaoVo=
101,40,ftqefUlBFp37U1phyY8vmImkAHk=,d1JZOxlVYJ17pVm3i6J3RmbaoVo=
99,37,ftqefUlBFp37U1phyY8vmImkAHk=,EtVVLYV6qkQa9bIs3lq2ZT1yiQc=
102,35,ftqefUlBFp37U1phyY8vmImkAHk=,le9wp1E9SUUICoxhZ8Fvj1smk5k=
101,35,ftqefUlBFp37U1phyY8vmImkAHk=,le9wp1E9SUUICoxhZ8Fvj1smk5k=
102,40,ftqefUlBFp37U1phyY8vmImkAHk=,d1JZOxlVYJ17pVm3i6J3RmbaoVo=
100,38,ftqefUlBFp37U1phyY8vmImkAHk=,H2xfzbZtLRe+hk+DDUo2/SgDLMo=
102,38,ftqefUlBFp37U1phyY8vmImkAHk=,H2xfzbZtLRe+hk+DDUo2/SgDLMo=
103,35,ftqefUlBFp37U1phyY8vmImkAHk=,le9wp1E9SUUICoxhZ8Fvj1smk5k=
103,39,ftqefUlBFp37U1phyY8vmImkAHk=,H2xfzbZtLRe+hk+DDUo2/SgDLMo=
104,38,ftqefUlBFp37U1phyY8vmImkAHk=,jeHPOEBmsD8GOKwAtgSYdpqCOoA=
97,32,ftqefUlBFp37U1phyY8vmImkAHk=,wdy7yeQtjdf+vZZg80IEl+ccrfc=
99,36,ftqefUlBFp37U1phyY8vmImkAHk=,EtVVLYV6qkQa9bIs3lq2ZT1yiQc=
98,32,ftqefUlBFp37U1phyY8vmImkAHk=,wdy7yeQtjdf+vZZg80IEl+ccrfc=
100,34,ftqefUlBFp37U1phyY8vmImkAHk=,le9wp1E9SUUICoxhZ8Fvj1smk5k=
97,34,ftqefUlBFp37U1phyY8vmImkAHk=,wdy7yeQtjdf+vZZg80IEl+ccrfc=
97,33,ftqefUlBFp37U1phyY8vmImkAHk=,wdy7yeQtjdf+vZZg80IEl+ccrfc=
97,36,ftqefUlBFp37U1phyY8vmImkAHk=,EtVVLYV6qkQa9bIs3lq2ZT1yiQc=
100,33,ftqefUlBFp37U1phyY8vmImkAHk=,le9wp1E9SUUICoxhZ8Fvj1smk5k=
96,34,ftqefUlBFp37U1phyY8vmImkAHk=,wdy7yeQtjdf+vZZg80IEl+ccrfc=
99,34,ftqefUlBFp37U1phyY8vmImkAHk=,wdy7yeQtjdf+vZZg80IEl+ccrfc=
99,35,ftqefUlBFp37U1phyY8vmImkAHk=,wdy7yeQtjdf+vZZg80IEl+ccrfc=
100,36,ftqefUlBFp37U1phyY8vmImkAHk=,H2xfzbZtLRe+hk+DDUo2/SgDLMo=
98,36,ftqefUlBFp37U1phyY8vmImkAHk=,EtVVLYV6qkQa9bIs3lq2ZT1yiQc=
96,33,ftqefUlBFp37U1phyY8vmImkAHk=,wdy7yeQtjdf+vZZg80IEl+ccrfc=
99,33,ftqefUlBFp37U1phyY8vmImkAHk=,wdy7yeQtjdf+vZZg80IEl+ccrfc=
98,35,ftqefUlBFp37U1phyY8vmImkAHk=,wdy7yeQtjdf+vZZg80IEl+ccrfc=
97,35,ftqefUlBFp37U1phyY8vmImkAHk=,wdy7yeQtjdf+vZZg80IEl+ccrfc=
98,33,ftqefUlBFp37U1phyY8vmImkAHk=,wdy7yeQtjdf+vZZg80IEl+ccrfc=
98,34,ftqefUlBFp37U1phyY8vmImkAHk=,wdy7yeQtjdf+vZZg80IEl+ccrfc=
100,35,ftqefUlBFp37U1phyY8vmImkAHk=,le9wp1E9SUUICoxhZ8Fvj1smk5k=
96,38,ftqefUlBFp37U1phyY8vmImkAHk=,EtVVLYV6qkQa9bIs3lq2ZT1yiQc=
96,36,ftqefUlBFp37U1phyY8vmImkAHk=,EtVVLYV6qkQa9bIs3lq2ZT1yiQc=
96,37,ftqefUlBFp37U1phyY8vmImkAHk=,EtVVLYV6qkQa9bIs3lq2ZT1yiQc=
96,35,ftqefUlBFp37U1phyY8vmImkAHk=,wdy7yeQtjdf+vZZg80IEl+ccrfc=
102,47,ftqefUlBFp37U1phyY8vmImkAHk=,JEriWQdK+CXfUdEyZRUIa60V1vQ=
101,47,ftqefUlBFp37U1phyY8vmImkAHk=,JEriWQdK+CXfUdEyZRUIa60V1vQ=
106,47,ftqefUlBFp37U1phyY8vmImkAHk=,y5/akyXo2xvMu+bNqxrVP4Eq6Pg=
103,47,ftqefUlBFp37U1phyY8vmImkAHk=,JEriWQdK+CXfUdEyZRUIa60V1vQ=
105,47,ftqefUlBFp37U1phyY8vmImkAHk=,y5/akyXo2xvMu+bNqxrVP4Eq6Pg=
104,47,ftqefUlBFp37U1phyY8vmImkAHk=,y5/akyXo2xvMu+bNqxrVP4Eq6Pg=
107,47,ftqefUlBFp37U1phyY8vmImkAHk=,y5/akyXo2xvMu+bNqxrVP4Eq6Pg=
110,47,ftqefUlBFp37U1phyY8vmImkAHk=,vN6nuPvckRQgRFK87ucYOhbdrS8=
108,47,ftqefUlBFp37U1phyY8vmImkAHk=,vN6nuPvckRQgRFK87ucYOhbdrS8=
111,46,ftqefUlBFp37U1phyY8vmImkAHk=,vN6nuPvckRQgRFK87ucYOhbdrS8=
111,45,ftqefUlBFp37U1phyY8vmImkAHk=,vN6nuPvckRQgRFK87ucYOhbdrS8=
109,47,ftqefUlBFp37U1phyY8vmImkAHk=,vN6nuPvckRQgRFK87ucYOhbdrS8=
111,43,ftqefUlBFp37U1phyY8vmImkAHk=,pu0sfyvcpCkdWmMF9SvFbqIylhM=
111,44,ftqefUlBFp37U1phyY8vmImkAHk=,vN6nuPvckRQgRFK87ucYOhbdrS8=
111,41,ftqefUlBFp37U1phyY8vmImkAHk=,pu0sfyvcpCkdWmMF9SvFbqIylhM=
111,40,ftqefUlBFp37U1phyY8vmImkAHk=,pu0sfyvcpCkdWmMF9SvFbqIylhM=
111,42,ftqefUlBFp37U1phyY8vmImkAHk=,pu0sfyvcpCkdWmMF9SvFbqIylhM=
111,38,ftqefUlBFp37U1phyY8vmImkAHk=,M26ZGBXtgOjjspdskia5f1o1Azg=
111,39,ftqefUlBFp37U1phyY8vmImkAHk=,M26ZGBXtgOjjspdskia5f1o1Azg=
106,32,ftqefUlBFp37U1phyY8vmImkAHk=,eISMCwqFPjlXGNni1XuDVMNCva4=
105,32,ftqefUlBFp37U1phyY8vmImkAHk=,eISMCwqFPjlXGNni1XuDVMNCva4=
111,37,ftqefUlBFp37U1phyY8vmImkAHk=,M26ZGBXtgOjjspdskia5f1o1Azg=
98,45,ftqefUlBFp37U1phyY8vmImkAHk=,EoCD7EVlo948nEoh6BVU5gUKuCw=
100,46,ftqefUlBFp37U1phyY8vmImkAHk=,JEriWQdK+CXfUdEyZRUIa60V1vQ=
99,45,ftqefUlBFp37U1phyY8vmImkAHk=,EoCD7EVlo948nEoh6BVU5gUKuCw=
97,46,ftqefUlBFp37U1phyY8vmImkAHk=,EoCD7EVlo948nEoh6BVU5gUKuCw=
100,47,ftqefUlBFp37U1phyY8vmImkAHk=,JEriWQdK+CXfUdEyZRUIa60V1vQ=
100,45,ftqefUlBFp37U1phyY8vmImkAHk=,JEriWQdK+CXfUdEyZRUIa60V1vQ=
96,46,ftqefUlBFp37U1phyY8vmImkAHk=,EoCD7EVlo948nEoh6BVU5gUKuCw=
97,45,ftqefUlBFp37U1phyY8vmImkAHk=,EoCD7EVlo948nEoh6BVU5gUKuCw=
99,47,ftqefUlBFp37U1phyY8vmImkAHk=,EoCD7EVlo948nEoh6BVU5gUKuCw=
96,45,ftqefUlBFp37U1phyY8vmImkAHk=,EoCD7EVlo948nEoh6BVU5gUKuCw=
98,47,ftqefUlBFp37U1phyY8vmImkAHk=,EoCD7EVlo948nEoh6BVU5gUKuCw=
98,46,ftqefUlBFp37U1phyY8vmImkAHk=,EoCD7EVlo948nEoh6BVU5gUKuCw=
99,46,ftqefUlBFp37U1phyY8vmImkAHk=,EoCD7EVlo948nEoh6BVU5gUKuCw=
102,32,ftqefUlBFp37U1phyY8vmImkAHk=,le9wp1E9SUUICoxhZ8Fvj1smk5k=
97,47,ftqefUlBFp37U1phyY8vmImkAHk=,EoCD7EVlo948nEoh6BVU5gUKuCw=
99,32,ftqefUlBFp37U1phyY8vmImkAHk=,wdy7yeQtjdf+vZZg80IEl+ccrfc=
101,32,ftqefUlBFp37U1phyY8vmImkAHk=,le9wp1E9SUUICoxhZ8Fvj1smk5k=
103,32,ftqefUlBFp37U1phyY8vmImkAHk=,le9wp1E9SUUICoxhZ8Fvj1smk5k=
100,32,ftqefUlBFp37U1phyY8vmImkAHk=,le9wp1E9SUUICoxhZ8Fvj1smk5k=
104,32,ftqefUlBFp37U1phyY8vmImkAHk=,eISMCwqFPjlXGNni1XuDVMNCva4=
96,43,ftqefUlBFp37U1phyY8vmImkAHk=,F5H/IUdDuLHkUJ3imsqK9HsYlsI=
98,41,ftqefUlBFp37U1phyY8vmImkAHk=,F5H/IUdDuLHkUJ3imsqK9HsYlsI=
97,43,ftqefUlBFp37U1phyY8vmImkAHk=,F5H/IUdDuLHkUJ3imsqK9HsYlsI=
98,43,ftqefUlBFp37U1phyY8vmImkAHk=,F5H/IUdDuLHkUJ3imsqK9HsYlsI=
99,42,ftqefUlBFp37U1phyY8vmImkAHk=,F5H/IUdDuLHkUJ3imsqK9HsYlsI=
99,39,ftqefUlBFp37U1phyY8vmImkAHk=,EtVVLYV6qkQa9bIs3lq2ZT1yiQc=
99,43,ftqefUlBFp37U1phyY8vmImkAHk=,F5H/IUdDuLHkUJ3imsqK9HsYlsI=
97,39,ftqefUlBFp37U1phyY8vmImkAHk=,EtVVLYV6qkQa9bIs3lq2ZT1yiQc=
99,44,ftqefUlBFp37U1phyY8vmImkAHk=,EoCD7EVlo948nEoh6BVU5gUKuCw=
100,42,ftqefUlBFp37U1phyY8vmImkAHk=,d1JZOxlVYJ17pVm3i6J3RmbaoVo=
96,39,ftqefUlBFp37U1phyY8vmImkAHk=,EtVVLYV6qkQa9bIs3lq2ZT1yiQc=
98,39,ftqefUlBFp37U1phyY8vmImkAHk=,EtVVLYV6qkQa9bIs3lq2ZT1yiQc=
98,42,ftqefUlBFp37U1phyY8vmImkAHk=,F5H/IUdDuLHkUJ3imsqK9HsYlsI=
98,44,ftqefUlBFp37U1phyY8vmImkAHk=,EoCD7EVlo948nEoh6BVU5gUKuCw=
97,42,ftqefUlBFp37U1phyY8vmImkAHk=,F5H/IUdDuLHkUJ3imsqK9HsYlsI=
100,41,ftqefUlBFp37U1phyY8vmImkAHk=,d1JZOxlVYJ17pVm3i6J3RmbaoVo=
97,41,ftqefUlBFp37U1phyY8vmImkAHk=,F5H/IUdDuLHkUJ3imsqK9HsYlsI=
97,40,ftqefUlBFp37U1phyY8vmImkAHk=,F5H/IUdDuLHkUJ3imsqK9HsYlsI=
98,40,ftqefUlBFp37U1phyY8vmImkAHk=,F5H/IUdDuLHkUJ3imsqK9HsYlsI=
100,44,ftqefUlBFp37U1phyY8vmImkAHk=,JEriWQdK+CXfUdEyZRUIa60V1vQ=
96,42,ftqefUlBFp37U1phyY8vmImkAHk=,F5H/IUdDuLHkUJ3imsqK9HsYlsI=
99,41,ftqefUlBFp37U1phyY8vmImkAHk=,F5H/IUdDuLHkUJ3imsqK9HsYlsI=
97,44,ftqefUlBFp37U1phyY8vmImkAHk=,EoCD7EVlo948nEoh6BVU5gUKuCw=
96,44,ftqefUlBFp37U1phyY8vmImkAHk=,EoCD7EVlo948nEoh6BVU5gUKuCw=
99,40,ftqefUlBFp37U1phyY8vmImkAHk=,F5H/IUdDuLHkUJ3imsqK9HsYlsI=
100,39,ftqefUlBFp37U1phyY8vmImkAHk=,H2xfzbZtLRe+hk+DDUo2/SgDLMo=
100,43,ftqefUlBFp37U1phyY8vmImkAHk=,d1JZOxlVYJ17pVm3i6J3RmbaoVo=
100,40,ftqefUlBFp37U1phyY8vmImkAHk=,d1JZOxlVYJ17pVm3i6J3RmbaoVo=
96,40,ftqefUlBFp37U1phyY8vmImkAHk=,F5H/IUdDuLHkUJ3imsqK9HsYlsI=
96,41,ftqefUlBFp37U1phyY8vmImkAHk=,F5H/IUdDuLHkUJ3imsqK9HsYlsI=
111,47,ftqefUlBFp37U1phyY8vmImkAHk=,vN6nuPvckRQgRFK87ucYOhbdrS8=
96,47,ftqefUlBFp37U1phyY8vmImkAHk=,EoCD7EVlo948nEoh6BVU5gUKuCw=
96,32,ftqefUlBFp37U1phyY8vmImkAHk=,wdy7yeQtjdf+vZZg80IEl+ccrfc=
111,34,ftqefUlBFp37U1phyY8vmImkAHk=,r4KK8VmKQxqO9qtVymA2HLW1AOY=
108,33,ftqefUlBFp37U1phyY8vmImkAHk=,r4KK8VmKQxqO9qtVymA2HLW1AOY=
111,32,ftqefUlBFp37U1phyY8vmImkAHk=,r4KK8VmKQxqO9qtVymA2HLW1AOY=
111,35,ftqefUlBFp37U1phyY8vmImkAHk=,r4KK8VmKQxqO9qtVymA2HLW1AOY=
107,34,ftqefUlBFp37U1phyY8vmImkAHk=,eISMCwqFPjlXGNni1XuDVMNCva4=
109,34,ftqefUlBFp37U1phyY8vmImkAHk=,r4KK8VmKQxqO9qtVymA2HLW1AOY=
110,34,ftqefUlBFp37U1phyY8vmImkAHk=,r4KK8VmKQxqO9qtVymA2HLW1AOY=
108,34,ftqefUlBFp37U1phyY8vmImkAHk=,r4KK8VmKQxqO9qtVymA2HLW1AOY=
110,32,ftqefUlBFp37U1phyY8vmImkAHk=,r4KK8VmKQxqO9qtVymA2HLW1AOY=
110,35,ftqefUlBFp37U1phyY8vmImkAHk=,r4KK8VmKQxqO9qtVymA2HLW1AOY=
109,35,ftqefUlBFp37U1phyY8vmImkAHk=,r4KK8VmKQxqO9qtVymA2HLW1AOY=
108,35,ftqefUlBFp37U1phyY8vmImkAHk=,r4KK8VmKQxqO9qtVymA2HLW1AOY=
111,33,ftqefUlBFp37U1phyY8vmImkAHk=,r4KK8VmKQxqO9qtVymA2HLW1AOY=
107,33,ftqefUlBFp37U1phyY8vmImkAHk=,eISMCwqFPjlXGNni1XuDVMNCva4=
110,33,ftqefUlBFp37U1phyY8vmImkAHk=,r4KK8VmKQxqO9qtVymA2HLW1AOY=
109,32,ftqefUlBFp37U1phyY8vmImkAHk=,r4KK8VmKQxqO9qtVymA2HLW1AOY=
111,36,ftqefUlBFp37U1phyY8vmImkAHk=,M26ZGBXtgOjjspdskia5f1o1Azg=
110,36,ftqefUlBFp37U1phyY8vmImkAHk=,M26ZGBXtgOjjspdskia5f1o1Azg=
107,32,ftqefUlBFp37U1phyY8vmImkAHk=,eISMCwqFPjlXGNni1XuDVMNCva4=
109,36,ftqefUlBFp37U1phyY8vmImkAHk=,M26ZGBXtgOjjspdskia5f1o1Azg=
109,33,ftqefUlBFp37U1phyY8vmImkAHk=,r4KK8VmKQxqO9qtVymA2HLW1AOY=
108,32,ftqefUlBFp37U1phyY8vmImkAHk=,r4KK8VmKQxqO9qtVymA2HLW1AOY=
107,35,ftqefUlBFp37U1phyY8vmImkAHk=,eISMCwqFPjlXGNni1XuDVMNCva4=
108,36,ftqefUlBFp37U1phyY8vmImkAHk=,M26ZGBXtgOjjspdskia5f1o1Azg=
107,36,ftqefUlBFp37U1phyY8vmImkAHk=,jeHPOEBmsD8GOKwAtgSYdpqCOoA=
105,61,ia8lQf8/mhyls0Rhdy40cNsxy6E=,2gTdicf5mrd8LB22N7iMtBK2S5o=
105,62,ia8lQf8/mhyls0Rhdy40cNsxy6E=,2gTdicf5mrd8LB22N7iMtBK2S5o=
106,61,ia8lQf8/mhyls0Rhdy40cNsxy6E=,2gTdicf5mrd8LB22N7iMtBK2S5o=
102,62,ia8lQf8/mhyls0Rhdy40cNsxy6E=,+cEnbnVfMYJBwMyu0uZJuyaTcm0=
106,62,ia8lQf8/mhyls0Rhdy40cNsxy6E=,2gTdicf5mrd8LB22N7iMtBK2S5o=
101,62,ia8lQf8/mhyls0Rhdy40cNsxy6E=,+cEnbnVfMYJBwMyu0uZJuyaTcm0=
104,61,ia8lQf8/mhyls0Rhdy40cNsxy6E=,2gTdicf5mrd8LB22N7iMtBK2S5o=
103,62,ia8lQf8/mhyls0Rhdy40cNsxy6E=,+cEnbnVfMYJBwMyu0uZJuyaTcm0=
101,61,ia8lQf8/mhyls0Rhdy40cNsxy6E=,+cEnbnVfMYJBwMyu0uZJuyaTcm0=
103,61,ia8lQf8/mhyls0Rhdy40cNsxy6E=,+cEnbnVfMYJBwMyu0uZJuyaTcm0=
102,61,ia8lQf8/mhyls0Rhdy40cNsxy6E=,+cEnbnVfMYJBwMyu0uZJuyaTcm0=
104,62,ia8lQf8/mhyls0Rhdy40cNsxy6E=,2gTdicf5mrd8LB22N7iMtBK2S5o=
106,59,ia8lQf8/mhyls0Rhdy40cNsxy6E=,pwDJ3nVPmHQoddJf7HpA2SafwNk=
105,57,ia8lQf8/mhyls0Rhdy40cNsxy6E=,pwDJ3nVPmHQoddJf7HpA2SafwNk=
105,60,ia8lQf8/mhyls0Rhdy40cNsxy6E=,2gTdicf5mrd8LB22N7iMtBK2S5o=
106,60,ia8lQf8/mhyls0Rhdy40cNsxy6E=,2gTdicf5mrd8LB22N7iMtBK2S5o=
106,58,ia8lQf8/mhyls0Rhdy40cNsxy6E=,pwDJ3nVPmHQoddJf7HpA2SafwNk=
105,59,ia8lQf8/mhyls0Rhdy40cNsxy6E=,pwDJ3nVPmHQoddJf7HpA2SafwNk=
105,58,ia8lQf8/mhyls0Rhdy40cNsxy6E=,pwDJ3nVPmHQoddJf7HpA2SafwNk=
106,57,ia8lQf8/mhyls0Rhdy40cNsxy6E=,pwDJ3nVPmHQoddJf7HpA2SafwNk=
103,58,ia8lQf8/mhyls0Rhdy40cNsxy6E=,hwbhZEZIGTu5X98FgvlQ9U9Q1Mw=
104,57,ia8lQf8/mhyls0Rhdy40cNsxy6E=,pwDJ3nVPmHQoddJf7HpA2SafwNk=
103,60,ia8lQf8/mhyls0Rhdy40cNsxy6E=,+cEnbnVfMYJBwMyu0uZJuyaTcm0=
102,60,ia8lQf8/mhyls0Rhdy40cNsxy6E=,+cEnbnVfMYJBwMyu0uZJuyaTcm0=
102,58,ia8lQf8/mhyls0Rhdy40cNsxy6E=,hwbhZEZIGTu5X98FgvlQ9U9Q1Mw=
101,59,ia8lQf8/mhyls0Rhdy40cNsxy6E=,hwbhZEZIGTu5X98FgvlQ9U9Q1Mw=
104,60,ia8lQf8/mhyls0Rhdy40cNsxy6E=,2gTdicf5mrd8LB22N7iMtBK2S5o=
103,57,ia8lQf8/mhyls0Rhdy40cNsxy6E=,hwbhZEZIGTu5X98FgvlQ9U9Q1Mw=
101,58,ia8lQf8/mhyls0Rhdy40cNsxy6E=,hwbhZEZIGTu5X98FgvlQ9U9Q1Mw=
104,59,ia8lQf8/mhyls0Rhdy40cNsxy6E=,pwDJ3nVPmHQoddJf7HpA2SafwNk=
101,57,ia8lQf8/mhyls0Rhdy40cNsxy6E=,hwbhZEZIGTu5X98FgvlQ9U9Q1Mw=
101,60,ia8lQf8/mhyls0Rhdy40cNsxy6E=,+cEnbnVfMYJBwMyu0uZJuyaTcm0=
102,59,ia8lQf8/mhyls0Rhdy40cNsxy6E=,hwbhZEZIGTu5X98FgvlQ9U9Q1Mw=
102,57,ia8lQf8/mhyls0Rhdy40cNsxy6E=,hwbhZEZIGTu5X98FgvlQ9U9Q1Mw=
104,58,ia8lQf8/mhyls0Rhdy40cNsxy6E=,pwDJ3nVPmHQoddJf7HpA2SafwNk=
105,54,ia8lQf8/mhyls0Rhdy40cNsxy6E=,91wUvZrSHxLt0F4lBQ61oF+fb6Q=
106,54,ia8lQf8/mhyls0Rhdy40cNsxy6E=,91wUvZrSHxLt0F4lBQ61oF+fb6Q=
103,59,ia8lQf8/mhyls0Rhdy40cNsxy6E=,hwbhZEZIGTu5X98FgvlQ9U9Q1Mw=
106,56,ia8lQf8/mhyls0Rhdy40cNsxy6E=,pwDJ3nVPmHQoddJf7HpA2SafwNk=
105,55,ia8lQf8/mhyls0Rhdy40cNsxy6E=,91wUvZrSHxLt0F4lBQ61oF+fb6Q=
106,55,ia8lQf8/mhyls0Rhdy40cNsxy6E=,91wUvZrSHxLt0F4lBQ61oF+fb6Q=
106,53,ia8lQf8/mhyls0Rhdy40cNsxy6E=,91wUvZrSHxLt0F4lBQ61oF+fb6Q=
105,56,ia8lQf8/mhyls0Rhdy40cNsxy6E=,pwDJ3nVPmHQoddJf7HpA2SafwNk=
105,53,ia8lQf8/mhyls0Rhdy40cNsxy6E=,91wUvZrSHxLt0F4lBQ61oF+fb6Q=
104,55,yngWrRxhnCtwLLT6khqo+iIoFpw=,91wUvZrSHxLt0F4lBQ61oF+fb6Q=
101,55,yngWrRxhnCtwLLT6khqo+iIoFpw=,QyE8ZEfTWOEh50QSZkxpZa7f8pY=
102,55,yngWrRxhnCtwLLT6khqo+iIoFpw=,QyE8ZEfTWOEh50QSZkxpZa7f8pY=
102,56,yngWrRxhnCtwLLT6khqo+iIoFpw=,hwbhZEZIGTu5X98FgvlQ9U9Q1Mw=
103,55,yngWrRxhnCtwLLT6khqo+iIoFpw=,QyE8ZEfTWOEh50QSZkxpZa7f8pY=
103,56,yngWrRxhnCtwLLT6khqo+iIoFpw=,hwbhZEZIGTu5X98FgvlQ9U9Q1Mw=
101,56,yngWrRxhnCtwLLT6khqo+iIoFpw=,hwbhZEZIGTu5X98FgvlQ9U9Q1Mw=
104,53,yngWrRxhnCtwLLT6khqo+iIoFpw=,91wUvZrSHxLt0F4lBQ61oF+fb6Q=
104,56,yngWrRxhnCtwLLT6khqo+iIoFpw=,pwDJ3nVPmHQoddJf7HpA2SafwNk=
101,53,yngWrRxhnCtwLLT6khqo+iIoFpw=,QyE8ZEfTWOEh50QSZkxpZa7f8pY=
104,54,yngWrRxhnCtwLLT6khqo+iIoFpw=,91wUvZrSHxLt0F4lBQ61oF+fb6Q=
102,53,yngWrRxhnCtwLLT6khqo+iIoFpw=,QyE8ZEfTWOEh50QSZkxpZa7f8pY=
103,53,yngWrRxhnCtwLLT6khqo+iIoFpw=,QyE8ZEfTWOEh50QSZkxpZa7f8pY=
102,54,yngWrRxhnCtwLLT6khqo+iIoFpw=,QyE8ZEfTWOEh50QSZkxpZa7f8pY=
101,54,yngWrRxhnCtwLLT6khqo+iIoFpw=,QyE8ZEfTWOEh50QSZkxpZa7f8pY=
103,54,yngWrRxhnCtwLLT6khqo+iIoFpw=,QyE8ZEfTWOEh50QSZkxpZa7f8pY=
107,54,yngWrRxhnCtwLLT6khqo+iIoFpw=,91wUvZrSHxLt0F4lBQ61oF+fb6Q=
110,53,yngWrRxhnCtwLLT6khqo+iIoFpw=,kAHOY1GKsNNVfsbiYh/3cDR0cXM=
108,54,yngWrRxhnCtwLLT6khqo+iIoFpw=,kAHOY1GKsNNVfsbiYh/3cDR0cXM=
108,53,yngWrRxhnCtwLLT6khqo+iIoFpw=,kAHOY1GKsNNVfsbiYh/3cDR0cXM=
110,54,yngWrRxhnCtwLLT6khqo+iIoFpw=,kAHOY1GKsNNVfsbiYh/3cDR0cXM=
109,53,yngWrRxhnCtwLLT6khqo+iIoFpw=,kAHOY1GKsNNVfsbiYh/3cDR0cXM=
109,54,yngWrRxhnCtwLLT6khqo+iIoFpw=,kAHOY1GKsNNVfsbiYh/3cDR0cXM=
107,53,yngWrRxhnCtwLLT6khqo+iIoFpw=,91wUvZrSHxLt0F4lBQ61oF+fb6Q=
102,49,yngWrRxhnCtwLLT6khqo+iIoFpw=,xlwJLLUCFn+2pxfBW5Tlxu59Lp0=
101,49,yngWrRxhnCtwLLT6khqo+iIoFpw=,xlwJLLUCFn+2pxfBW5Tlxu59Lp0=
101,50,yngWrRxhnCtwLLT6khqo+iIoFpw=,xlwJLLUCFn+2pxfBW5Tlxu59Lp0=
101,52,yngWrRxhnCtwLLT6khqo+iIoFpw=,QyE8ZEfTWOEh50QSZkxpZa7f8pY=
102,52,yngWrRxhnCtwLLT6khqo+iIoFpw=,QyE8ZEfTWOEh50QSZkxpZa7f8pY=
102,50,yngWrRxhnCtwLLT6khqo+iIoFpw=,xlwJLLUCFn+2pxfBW5Tlxu59Lp0=
101,51,yngWrRxhnCtwLLT6khqo+iIoFpw=,xlwJLLUCFn+2pxfBW5Tlxu59Lp0=
102,51,yngWrRxhnCtwLLT6khqo+iIoFpw=,xlwJLLUCFn+2pxfBW5Tlxu59Lp0=
103,52,yngWrRxhnCtwLLT6khqo+iIoFpw=,QyE8ZEfTWOEh50QSZkxpZa7f8pY=
106,50,YirULP7BWER2qtO4bHq1Q60qfuM=,OQERmP3LuZz1NfBg29lkX/Bu+1s=
104,51,YirULP7BWER2qtO4bHq1Q60qfuM=,OQERmP3LuZz1NfBg29lkX/Bu+1s=
105,50,YirULP7BWER2qtO4bHq1Q60qfuM=,OQERmP3LuZz1NfBg29lkX/Bu+1s=
104,50,YirULP7BWER2qtO4bHq1Q60qfuM=,OQERmP3LuZz1NfBg29lkX/Bu+1s=
103,50,YirULP7BWER2qtO4bHq1Q60qfuM=,xlwJLLUCFn+2pxfBW5Tlxu59Lp0=
103,51,YirULP7BWER2qtO4bHq1Q60qfuM=,xlwJLLUCFn+2pxfBW5Tlxu59Lp0=
104,49,YirULP7BWER2qtO4bHq1Q60qfuM=,OQERmP3LuZz1NfBg29lkX/Bu+1s=
105,51,YirULP7BWER2qtO4bHq1Q60qfuM=,OQERmP3LuZz1NfBg29lkX/Bu+1s=
103,49,YirULP7BWER2qtO4bHq1Q60qfuM=,xlwJLLUCFn+2pxfBW5Tlxu59Lp0=
106,49,YirULP7BWER2qtO4bHq1Q60qfuM=,OQERmP3LuZz1NfBg29lkX/Bu+1s=
106,52,YirULP7BWER2qtO4bHq1Q60qfuM=,91wUvZrSHxLt0F4lBQ61oF+fb6Q=
105,49,YirULP7BWER2qtO4bHq1Q60qfuM=,OQERmP3LuZz1NfBg29lkX/Bu+1s=
106,51,YirULP7BWER2qtO4bHq1Q60qfuM=,OQERmP3LuZz1NfBg29lkX/Bu+1s=
104,52,YirULP7BWER2qtO4bHq1Q60qfuM=,91wUvZrSHxLt0F4lBQ61oF+fb6Q=
105,52,YirULP7BWER2qtO4bHq1Q60qfuM=,91wUvZrSHxLt0F4lBQ61oF+fb6Q=
106,48,YirULP7BWER2qtO4bHq1Q60qfuM=,OQERmP3LuZz1NfBg29lkX/Bu+1s=
105,48,YirULP7BWER2qtO4bHq1Q60qfuM=,OQERmP3LuZz1NfBg29lkX/Bu+1s=
111,54,YirULP7BWER2qtO4bHq1Q60qfuM=,kAHOY1GKsNNVfsbiYh/3cDR0cXM=
111,53,YirULP7BWER2qtO4bHq1Q60qfuM=,kAHOY1GKsNNVfsbiYh/3cDR0cXM=
105,63,YirULP7BWER2qtO4bHq1Q60qfuM=,2gTdicf5mrd8LB22N7iMtBK2S5o=
111,51,YirULP7BWER2qtO4bHq1Q60qfuM=,31Vc0g67HlgHdTOEwTENaBqG50A=
107,48,YirULP7BWER2qtO4bHq1Q60qfuM=,OQERmP3LuZz1NfBg29lkX/Bu+1s=
111,50,YirULP7BWER2qtO4bHq1Q60qfuM=,31Vc0g67HlgHdTOEwTENaBqG50A=
110,48,YirULP7BWER2qtO4bHq1Q60qfuM=,31Vc0g67HlgHdTOEwTENaBqG50A=
110,50,YirULP7BWER2qtO4bHq1Q60qfuM=,31Vc0g67HlgHdTOEwTENaBqG50A=
106,63,YirULP7BWER2qtO4bHq1Q60qfuM=,2gTdicf5mrd8LB22N7iMtBK2S5o=
109,51,YirULP7BWER2qtO4bHq1Q60qfuM=,31Vc0g67HlgHdTOEwTENaBqG50A=
109,48,YirULP7BWER2qtO4bHq1Q60qfuM=,31Vc0g67HlgHdTOEwTENaBqG50A=
108,50,YirULP7BWER2qtO4bHq1Q60qfuM=,31Vc0g67HlgHdTOEwTENaBqG50A=
110,51,YirULP7BWER2qtO4bHq1Q60qfuM=,31Vc0g67HlgHdTOEwTENaBqG50A=
108,48,YirULP7BWER2qtO4bHq1Q60qfuM=,31Vc0g67HlgHdTOEwTENaBqG50A=
108,51,YirULP7BWER2qtO4bHq1Q60qfuM=,31Vc0g67HlgHdTOEwTENaBqG50A=
109,50,YirULP7BWER2qtO4bHq1Q60qfuM=,31Vc0g67HlgHdTOEwTENaBqG50A=
110,52,YirULP7BWER2qtO4bHq1Q60qfuM=,kAHOY1GKsNNVfsbiYh/3cDR0cXM=
108,49,YirULP7BWER2qtO4bHq1Q60qfuM=,31Vc0g67HlgHdTOEwTENaBqG50A=
108,52,YirULP7BWER2qtO4bHq1Q60qfuM=,kAHOY1GKsNNVfsbiYh/3cDR0cXM=
107,51,YirULP7BWER2qtO4bHq1Q60qfuM=,OQERmP3LuZz1NfBg29lkX/Bu+1s=
109,52,YirULP7BWER2qtO4bHq1Q60qfuM=,kAHOY1GKsNNVfsbiYh/3cDR0cXM=
110,49,YirULP7BWER2qtO4bHq1Q60qfuM=,31Vc0g67HlgHdTOEwTENaBqG50A=
107,52,YirULP7BWER2qtO4bHq1Q60qfuM=,91wUvZrSHxLt0F4lBQ61oF+fb6Q=
111,49,YirULP7BWER2qtO4bHq1Q60qfuM=,31Vc0g67HlgHdTOEwTENaBqG50A=
111,52,YirULP7BWER2qtO4bHq1Q60qfuM=,kAHOY1GKsNNVfsbiYh/3cDR0cXM=
107,49,YirULP7BWER2qtO4bHq1Q60qfuM=,OQERmP3LuZz1NfBg29lkX/Bu+1s=
104,63,YirULP7BWER2qtO4bHq1Q60qfuM=,2gTdicf5mrd8LB22N7iMtBK2S5o=
107,50,YirULP7BWER2qtO4bHq1Q60qfuM=,OQERmP3LuZz1NfBg29lkX/Bu+1s=
103,63,YirULP7BWER2qtO4bHq1Q60qfuM=,+cEnbnVfMYJBwMyu0uZJuyaTcm0=
109,49,YirULP7BWER2qtO4bHq1Q60qfuM=,31Vc0g67HlgHdTOEwTENaBqG50A=
101,63,YirULP7BWER2qtO4bHq1Q60qfuM=,+cEnbnVfMYJBwMyu0uZJuyaTcm0=
111,62,YirULP7BWER2qtO4bHq1Q60qfuM=,v1fNUmIxvU54CZ0d4CJpAr8+85M=
102,63,YirULP7BWER2qtO4bHq1Q60qfuM=,+cEnbnVfMYJBwMyu0uZJuyaTcm0=
109,62,YirULP7BWER2qtO4bHq1Q60qfuM=,v1fNUmIxvU54CZ0d4CJpAr8+85M=
108,63,YirULP7BWER2qtO4bHq1Q60qfuM=,v1fNUmIxvU54CZ0d4CJpAr8+85M=
108,62,YirULP7BWER2qtO4bHq1Q60qfuM=,v1fNUmIxvU54CZ0d4CJpAr8+85M=
111,61,YirULP7BWER2qtO4bHq1Q60qfuM=,v1fNUmIxvU54CZ0d4CJpAr8+85M=
109,63,YirULP7BWER2qtO4bHq1Q60qfuM=,v1fNUmIxvU54CZ0d4CJpAr8+85M=
110,62,YirULP7BWER2qtO4bHq1Q60qfuM=,v1fNUmIxvU54CZ0d4CJpAr8+85M=
107,62,YirULP7BWER2qtO4bHq1Q60qfuM=,2gTdicf5mrd8LB22N7iMtBK2S5o=
108,61,YirULP7BWER2qtO4bHq1Q60qfuM=,v1fNUmIxvU54CZ0d4CJpAr8+85M=
107,63,YirULP7BWER2qtO4bHq1Q60qfuM=,2gTdicf5mrd8LB22N7iMtBK2S5o=
110,63,YirULP7BWER2qtO4bHq1Q60qfuM=,v1fNUmIxvU54CZ0d4CJpAr8+85M=
110,61,YirULP7BWER2qtO4bHq1Q60qfuM=,v1fNUmIxvU54CZ0d4CJpAr8+85M=
107,61,YirULP7BWER2qtO4bHq1Q60qfuM=,2gTdicf5mrd8LB22N7iMtBK2S5o=
107,58,YirULP7BWER2qtO4bHq1Q60qfuM=,pwDJ3nVPmHQoddJf7HpA2SafwNk=
109,61,YirULP7BWER2qtO4bHq1Q60qfuM=,v1fNUmIxvU54CZ0d4CJpAr8+85M=
108,59,YirULP7BWER2qtO4bHq1Q60qfuM=,4zz042MArY0R6pzOYEOkaGDcMy4=
107,56,YirULP7BWER2qtO4bHq1Q60qfuM=,pwDJ3nVPmHQoddJf7HpA2SafwNk=
111,56,YirULP7BWER2qtO4bHq1Q60qfuM=,4zz042MArY0R6pzOYEOkaGDcMy4=
109,56,YirULP7BWER2qtO4bHq1Q60qfuM=,4zz042MArY0R6pzOYEOkaGDcMy4=
107,59,YirULP7BWER2qtO4bHq1Q60qfuM=,pwDJ3nVPmHQoddJf7HpA2SafwNk=
110,56,YirULP7BWER2qtO4bHq1Q60qfuM=,4zz042MArY0R6pzOYEOkaGDcMy4=
108,55,YirULP7BWER2qtO4bHq1Q60qfuM=,kAHOY1GKsNNVfsbiYh/3cDR0cXM=
109,55,YirULP7BWER2qtO4bHq1Q60qfuM=,kAHOY1GKsNNVfsbiYh/3cDR0cXM=
111,58,YirULP7BWER2qtO4bHq1Q60qfuM=,4zz042MArY0R6pzOYEOkaGDcMy4=
109,58,YirULP7BWER2qtO4bHq1Q60qfuM=,4zz042MArY0R6pzOYEOkaGDcMy4=
109,59,YirULP7BWER2qtO4bHq1Q60qfuM=,4zz042MArY0R6pzOYEOkaGDcMy4=
111,57,YirULP7BWER2qtO4bHq1Q60qfuM=,4zz042MArY0R6pzOYEOkaGDcMy4=
107,60,YirULP7BWER2qtO4bHq1Q60qfuM=,2gTdicf5mrd8LB22N7iMtBK2S5o=
109,57,YirULP7BWER2qtO4bHq1Q60qfuM=,4zz042MArY0R6pzOYEOkaGDcMy4=
108,58,YirULP7BWER2qtO4bHq1Q60qfuM=,4zz042MArY0R6pzOYEOkaGDcMy4=
111,60,YirULP7BWER2qtO4bHq1Q60qfuM=,v1fNUmIxvU54CZ0d4CJpAr8+85M=
110,55,YirULP7BWER2qtO4bHq1Q60qfuM=,kAHOY1GKsNNVfsbiYh/3cDR0cXM=
110,60,YirULP7BWER2qtO4bHq1Q60qfuM=,v1fNUmIxvU54CZ0d4CJpAr8+85M=
108,60,YirULP7BWER2qtO4bHq1Q60qfuM=,v1fNUmIxvU54CZ0d4CJpAr8+85M=
111,59,YirULP7BWER2qtO4bHq1Q60qfuM=,4zz042MArY0R6pzOYEOkaGDcMy4=
108,57,YirULP7BWER2qtO4bHq1Q60qfuM=,4zz042MArY0R6pzOYEOkaGDcMy4=
109,60,YirULP7BWER2qtO4bHq1Q60qfuM=,v1fNUmIxvU54CZ0d4CJpAr8+85M=
110,57,YirULP7BWER2qtO4bHq1Q60qfuM=,4zz042MArY0R6pzOYEOkaGDcMy4=
108,56,YirULP7BWER2qtO4bHq1Q60qfuM=,4zz042MArY0R6pzOYEOkaGDcMy4=
107,55,YirULP7BWER2qtO4bHq1Q60qfuM=,91wUvZrSHxLt0F4lBQ61oF+fb6Q=
110,58,YirULP7BWER2qtO4bHq1Q60qfuM=,4zz042MArY0R6pzOYEOkaGDcMy4=
111,55,YirULP7BWER2qtO4bHq1Q60qfuM=,kAHOY1GKsNNVfsbiYh/3cDR0cXM=
107,57,YirULP7BWER2qtO4bHq1Q60qfuM=,pwDJ3nVPmHQoddJf7HpA2SafwNk=
97,61,YirULP7BWER2qtO4bHq1Q60qfuM=,7NY6q3dea+ngtIJZj/fDwTLimlg=
100,61,YirULP7BWER2qtO4bHq1Q60qfuM=,+cEnbnVfMYJBwMyu0uZJuyaTcm0=
100,62,YirULP7BWER2qtO4bHq1Q60qfuM=,+cEnbnVfMYJBwMyu0uZJuyaTcm0=
110,59,YirULP7BWER2qtO4bHq1Q60qfuM=,4zz042MArY0R6pzOYEOkaGDcMy4=
98,61,YirULP7BWER2qtO4bHq1Q60qfuM=,7NY6q3dea+ngtIJZj/fDwTLimlg=
99,62,YirULP7BWER2qtO4bHq1Q60qfuM=,7NY6q3dea+ngtIJZj/fDwTLimlg=
98,62,YirULP7BWER2qtO4bHq1Q60qfuM=,7NY6q3dea+ngtIJZj/fDwTLimlg=
97,62,YirULP7BWER2qtO4bHq1Q60qfuM=,7NY6q3dea+ngtIJZj/fDwTLimlg=
100,54,YirULP7BWER2qtO4bHq1Q60qfuM=,QyE8ZEfTWOEh50QSZkxpZa7f8pY=
99,61,YirULP7BWER2qtO4bHq1Q60qfuM=,7NY6q3dea+ngtIJZj/fDwTLimlg=
97,54,YirULP7BWER2qtO4bHq1Q60qfuM=,14QofZu4x/Rugv8e8L4BOoCu0YM=
97,53,YirULP7BWER2qtO4bHq1Q60qfuM=,14QofZu4x/Rugv8e8L4BOoCu0YM=
100,53,YirULP7BWER2qtO4bHq1Q60qfuM=,QyE8ZEfTWOEh50QSZkxpZa7f8pY=
98,53,YirULP7BWER2qtO4bHq1Q60qfuM=,14QofZu4x/Rugv8e8L4BOoCu0YM=
99,53,YirULP7BWER2qtO4bHq1Q60qfuM=,14QofZu4x/Rugv8e8L4BOoCu0YM=
98,54,YirULP7BWER2qtO4bHq1Q60qfuM=,14QofZu4x/Rugv8e8L4BOoCu0YM=
96,53,YirULP7BWER2qtO4bHq1Q60qfuM=,14QofZu4x/Rugv8e8L4BOoCu0YM=
99,54,YirULP7BWER2qtO4bHq1Q60qfuM=,14QofZu4x/Rugv8e8L4BOoCu0YM=
101,48,YirULP7BWER2qtO4bHq1Q60qfuM=,xlwJLLUCFn+2pxfBW5Tlxu59Lp0=
104,48,YirULP7BWER2qtO4bHq1Q60qfuM=,OQERmP3LuZz1NfBg29lkX/Bu+1s=
102,48,YirULP7BWER2qtO4bHq1Q60qfuM=,xlwJLLUCFn+2pxfBW5Tlxu59Lp0=
96,54,YirULP7BWER2qtO4bHq1Q60qfuM=,14QofZu4x/Rugv8e8L4BOoCu0YM=
103,48,YirULP7BWER2qtO4bHq1Q60qfuM=,xlwJLLUCFn+2pxfBW5Tlxu59Lp0=
96,62,YirULP7BWER2qtO4bHq1Q60qfuM=,7NY6q3dea+ngtIJZj/fDwTLimlg=
99,63,YirULP7BWER2qtO4bHq1Q60qfuM=,7NY6q3dea+ngtIJZj/fDwTLimlg=
96,61,YirULP7BWER2qtO4bHq1Q60qfuM=,7NY6q3dea+ngtIJZj/fDwTLimlg=
100,63,YirULP7BWER2qtO4bHq1Q60qfuM=,+cEnbnVfMYJBwMyu0uZJuyaTcm0=
97,63,YirULP7BWER2qtO4bHq1Q60qfuM=,7NY6q3dea+ngtIJZj/fDwTLimlg=
99,60,YirULP7BWER2qtO4bHq1Q60qfuM=,7NY6q3dea+ngtIJZj/fDwTLimlg=
100,60,YirULP7BWER2qtO4bHq1Q60qfuM=,+cEnbnVfMYJBwMyu0uZJuyaTcm0=
97,59,YirULP7BWER2qtO4bHq1Q60qfuM=,BffpU0ImgQAEzi0z6hyieQyc/K4=
98,63,YirULP7BWER2qtO4bHq1Q60qfuM=,7NY6q3dea+ngtIJZj/fDwTLimlg=
97,58,YirULP7BWER2qtO4bHq1Q60qfuM=,BffpU0ImgQAEzi0z6hyieQyc/K4=
96,59,YirULP7BWER2qtO4bHq1Q60qfuM=,BffpU0ImgQAEzi0z6hyieQyc/K4=
96,58,YirULP7BWER2qtO4bHq1Q60qfuM=,BffpU0ImgQAEzi0z6hyieQyc/K4=
111,48,YirULP7BWER2qtO4bHq1Q60qfuM=,31Vc0g67HlgHdTOEwTENaBqG50A=
100,58,YirULP7BWER2qtO4bHq1Q60qfuM=,hwbhZEZIGTu5X98FgvlQ9U9Q1Mw=
98,59,YirULP7BWER2qtO4bHq1Q60qfuM=,BffpU0ImgQAEzi0z6hyieQyc/K4=
96,55,YirULP7BWER2qtO4bHq1Q60qfuM=,14QofZu4x/Rugv8e8L4BOoCu0YM=
99,57,YirULP7BWER2qtO4bHq1Q60qfuM=,BffpU0ImgQAEzi0z6hyieQyc/K4=
99,59,YirULP7BWER2qtO4bHq1Q60qfuM=,BffpU0ImgQAEzi0z6hyieQyc/K4=
98,57,YirULP7BWER2qtO4bHq1Q60qfuM=,BffpU0ImgQAEzi0z6hyieQyc/K4=
97,57,YirULP7BWER2qtO4bHq1Q60qfuM=,BffpU0ImgQAEzi0z6hyieQyc/K4=
99,58,YirULP7BWER2qtO4bHq1Q60qfuM=,BffpU0ImgQAEzi0z6hyieQyc/K4=
100,59,YirULP7BWER2qtO4bHq1Q60qfuM=,hwbhZEZIGTu5X98FgvlQ9U9Q1Mw=
98,58,YirULP7BWER2qtO4bHq1Q60qfuM=,BffpU0ImgQAEzi0z6hyieQyc/K4=
98,56,YirULP7BWER2qtO4bHq1Q60qfuM=,BffpU0ImgQAEzi0z6hyieQyc/K4=
97,56,YirULP7BWER2qtO4bHq1Q60qfuM=,BffpU0ImgQAEzi0z6hyieQyc/K4=
99,56,YirULP7BWER2qtO4bHq1Q60qfuM=,BffpU0ImgQAEzi0z6hyieQyc/K4=
96,57,YirULP7BWER2qtO4bHq1Q60qfuM=,BffpU0ImgQAEzi0z6hyieQyc/K4=
99,55,YirULP7BWER2qtO4bHq1Q60qfuM=,14QofZu4x/Rugv8e8L4BOoCu0YM=
96,56,YirULP7BWER2qtO4bHq1Q60qfuM=,BffpU0ImgQAEzi0z6hyieQyc/K4=
96,60,YirULP7BWER2qtO4bHq1Q60qfuM=,7NY6q3dea+ngtIJZj/fDwTLimlg=
97,55,YirULP7BWER2qtO4bHq1Q60qfuM=,14QofZu4x/Rugv8e8L4BOoCu0YM=
100,56,YirULP7BWER2qtO4bHq1Q60qfuM=,hwbhZEZIGTu5X98FgvlQ9U9Q1Mw=
98,60,YirULP7BWER2qtO4bHq1Q60qfuM=,7NY6q3dea+ngtIJZj/fDwTLimlg=
96,63,YirULP7BWER2qtO4bHq1Q60qfuM=,7NY6q3dea+ngtIJZj/fDwTLimlg=
100,55,YirULP7BWER2qtO4bHq1Q60qfuM=,QyE8ZEfTWOEh50QSZkxpZa7f8pY=
97,60,YirULP7BWER2qtO4bHq1Q60qfuM=,7NY6q3dea+ngtIJZj/fDwTLimlg=
100,57,YirULP7BWER2qtO4bHq1Q60qfuM=,hwbhZEZIGTu5X98FgvlQ9U9Q1Mw=
111,63,YirULP7BWER2qtO4bHq1Q60qfuM=,v1fNUmIxvU54CZ0d4CJpAr8+85M=
96,50,YirULP7BWER2qtO4bHq1Q60qfuM=,6zMczAXzbezOe54djMrMw+X8pfM=
98,55,YirULP7BWER2qtO4bHq1Q60qfuM=,14QofZu4x/Rugv8e8L4BOoCu0YM=
99,49,YirULP7BWER2qtO4bHq1Q60qfuM=,6zMczAXzbezOe54djMrMw+X8pfM=
100,51,YirULP7BWER2qtO4bHq1Q60qfuM=,xlwJLLUCFn+2pxfBW5Tlxu59Lp0=
98,48,YirULP7BWER2qtO4bHq1Q60qfuM=,6zMczAXzbezOe54djMrMw+X8pfM=
96,51,YirULP7BWER2qtO4bHq1Q60qfuM=,6zMczAXzbezOe54djMrMw+X8pfM=
97,52,YirULP7BWER2qtO4bHq1Q60qfuM=,14QofZu4x/Rugv8e8L4BOoCu0YM=
96,49,YirULP7BWER2qtO4bHq1Q60qfuM=,6zMczAXzbezOe54djMrMw+X8pfM=
98,49,YirULP7BWER2qtO4bHq1Q60qfuM=,6zMczAXzbezOe54djMrMw+X8pfM=
97,49,YirULP7BWER2qtO4bHq1Q60qfuM=,6zMczAXzbezOe54djMrMw+X8pfM=
100,49,YirULP7BWER2qtO4bHq1Q60qfuM=,xlwJLLUCFn+2pxfBW5Tlxu59Lp0=
97,48,YirULP7BWER2qtO4bHq1Q60qfuM=,6zMczAXzbezOe54djMrMw+X8pfM=
100,52,YirULP7BWER2qtO4bHq1Q60qfuM=,QyE8ZEfTWOEh50QSZkxpZa7f8pY=
99,50,YirULP7BWER2qtO4bHq1Q60qfuM=,6zMczAXzbezOe54djMrMw+X8pfM=
97,50,YirULP7BWER2qtO4bHq1Q60qfuM=,6zMczAXzbezOe54djMrMw+X8pfM=
99,52,YirULP7BWER2qtO4bHq1Q60qfuM=,14QofZu4x/Rugv8e8L4BOoCu0YM=
99,48,YirULP7BWER2qtO4bHq1Q60qfuM=,6zMczAXzbezOe54djMrMw+X8pfM=
98,50,YirULP7BWER2qtO4bHq1Q60qfuM=,6zMczAXzbezOe54djMrMw+X8pfM=
98,52,YirULP7BWER2qtO4bHq1Q60qfuM=,14QofZu4x/Rugv8e8L4BOoCu0YM=
96,48,YirULP7BWER2qtO4bHq1Q60qfuM=,6zMczAXzbezOe54djMrMw+X8pfM=
99,51,YirULP7BWER2qtO4bHq1Q60qfuM=,6zMczAXzbezOe54djMrMw+X8pfM=
96,52,YirULP7BWER2qtO4bHq1Q60qfuM=,14QofZu4x/Rugv8e8L4BOoCu0YM=
100,48,YirULP7BWER2qtO4bHq1Q60qfuM=,xlwJLLUCFn+2pxfBW5Tlxu59Lp0=
97,51,YirULP7BWER2qtO4bHq1Q60qfuM=,6zMczAXzbezOe54djMrMw+X8pfM=
98,51,YirULP7BWER2qtO4bHq1Q60qfuM=,6zMczAXzbezOe54djMrMw+X8pfM=
100,50,YirULP7BWER2qtO4bHq1Q60qfuM=,xlwJLLUCFn+2pxfBW5Tlxu59Lp0=
126,53,3tuO1feyjkBsLG8MoDRs7ybEf/Y=,w3aCWTB8BZrlxbNDGTKq9CGIE1s=
125,53,3tuO1feyjkBsLG8MoDRs7ybEf/Y=,w3aCWTB8BZrlxbNDGTKq9CGIE1s=
125,54,3tuO1feyjkBsLG8MoDRs7ybEf/Y=,w3aCWTB8BZrlxbNDGTKq9CGIE1s=
125,52,3tuO1feyjkBsLG8MoDRs7ybEf/Y=,w3aCWTB8BZrlxbNDGTKq9CGIE1s=
126,54,3tuO1feyjkBsLG8MoDRs7ybEf/Y=,w3aCWTB8BZrlxbNDGTKq9CGIE1s=
125,50,3tuO1feyjkBsLG8MoDRs7ybEf/Y=,vfyEn9jX1vwMXgmGunT0v0UZQ6o=
125,51,3tuO1feyjkBsLG8MoDRs7ybEf/Y=,vfyEn9jX1vwMXgmGunT0v0UZQ6o=
126,52,3tuO1feyjkBsLG8MoDRs7ybEf/Y=,w3aCWTB8BZrlxbNDGTKq9CGIE1s=
126,49,3tuO1feyjkBsLG8MoDRs7ybEf/Y=,vfyEn9jX1vwMXgmGunT0v0UZQ6o=
125,49,3tuO1feyjkBsLG8MoDRs7ybEf/Y=,vfyEn9jX1vwMXgmGunT0v0UZQ6o=
121,49,3tuO1feyjkBsLG8MoDRs7ybEf/Y=,7X9ZnEXGSzqxT0d0QoIh9PQFXOg=
126,51,3tuO1feyjkBsLG8MoDRs7ybEf/Y=,vfyEn9jX1vwMXgmGunT0v0UZQ6o=
126,50,3tuO1feyjkBsLG8MoDRs7ybEf/Y=,vfyEn9jX1vwMXgmGunT0v0UZQ6o=
123,49,3tuO1feyjkBsLG8MoDRs7ybEf/Y=,7X9ZnEXGSzqxT0d0QoIh9PQFXOg=
122,49,3tuO1feyjkBsLG8MoDRs7ybEf/Y=,7X9ZnEXGSzqxT0d0QoIh9PQFXOg=
121,50,3tuO1feyjkBsLG8MoDRs7ybEf/Y=,7X9ZnEXGSzqxT0d0QoIh9PQFXOg=
124,49,3tuO1feyjkBsLG8MoDRs7ybEf/Y=,vfyEn9jX1vwMXgmGunT0v0UZQ6o=
122,50,3tuO1feyjkBsLG8MoDRs7ybEf/Y=,7X9ZnEXGSzqxT0d0QoIh9PQFXOg=
123,50,3tuO1feyjkBsLG8MoDRs7ybEf/Y=,7X9ZnEXGSzqxT0d0QoIh9PQFXOg=
121,51,3tuO1feyjkBsLG8MoDRs7ybEf/Y=,7X9ZnEXGSzqxT0d0QoIh9PQFXOg=
124,50,3tuO1feyjkBsLG8MoDRs7ybEf/Y=,vfyEn9jX1vwMXgmGunT0v0UZQ6o=
124,53,3tuO1feyjkBsLG8MoDRs7ybEf/Y=,w3aCWTB8BZrlxbNDGTKq9CGIE1s=
123,51,3tuO1feyjkBsLG8MoDRs7ybEf/Y=,7X9ZnEXGSzqxT0d0QoIh9PQFXOg=
122,51,3tuO1feyjkBsLG8MoDRs7ybEf/Y=,7X9ZnEXGSzqxT0d0QoIh9PQFXOg=
122,52,3tuO1feyjkBsLG8MoDRs7ybEf/Y=,0UjVWhZ03x1mTJTv2QNHFL3UJjk=
121,52,3tuO1feyjkBsLG8MoDRs7ybEf/Y=,0UjVWhZ03x1mTJTv2QNHFL3UJjk=
124,52,3tuO1feyjkBsLG8MoDRs7ybEf/Y=,w3aCWTB8BZrlxbNDGTKq9CGIE1s=
123,52,3tuO1feyjkBsLG8MoDRs7ybEf/Y=,0UjVWhZ03x1mTJTv2QNHFL3UJjk=
124,51,3tuO1feyjkBsLG8MoDRs7ybEf/Y=,vfyEn9jX1vwMXgmGunT0v0UZQ6o=
124,54,3tuO1feyjkBsLG8MoDRs7ybEf/Y=,w3aCWTB8BZrlxbNDGTKq9CGIE1s=
122,53,3tuO1feyjkBsLG8MoDRs7ybEf/Y=,0UjVWhZ03x1mTJTv2QNHFL3UJjk=
121,53,3tuO1feyjkBsLG8MoDRs7ybEf/Y=,0UjVWhZ03x1mTJTv2QNHFL3UJjk=
123,53,3tuO1feyjkBsLG8MoDRs7ybEf/Y=,0UjVWhZ03x1mTJTv2QNHFL3UJjk=
121,54,3tuO1feyjkBsLG8MoDRs7ybEf/Y=,0UjVWhZ03x1mTJTv2QNHFL3UJjk=
122,54,3tuO1feyjkBsLG8MoDRs7ybEf/Y=,0UjVWhZ03x1mTJTv2QNHFL3UJjk=
123,54,3tuO1feyjkBsLG8MoDRs7ybEf/Y=,0UjVWhZ03x1mTJTv2QNHFL3UJjk=
118,58,3tuO1feyjkBsLG8MoDRs7ybEf/Y=,acjvL3DAmc8ANGvuTWMGwrKlaZQ=
118,57,3tuO1feyjkBsLG8MoDRs7ybEf/Y=,acjvL3DAmc8ANGvuTWMGwrKlaZQ=
117,57,3tuO1feyjkBsLG8MoDRs7ybEf/Y=,acjvL3DAmc8ANGvuTWMGwrKlaZQ=
117,58,3tuO1feyjkBsLG8MoDRs7ybEf/Y=,acjvL3DAmc8ANGvuTWMGwrKlaZQ=
118,59,3tuO1feyjkBsLG8MoDRs7ybEf/Y=,acjvL3DAmc8ANGvuTWMGwrKlaZQ=
117,60,3tuO1feyjkBsLG8MoDRs7ybEf/Y=,B2Q8ViRUL55Nqr0MIW5c9sEt7GE=
118,60,3tuO1feyjkBsLG8MoDRs7ybEf/Y=,B2Q8ViRUL55Nqr0MIW5c9sEt7GE=
118,62,3tuO1feyjkBsLG8MoDRs7ybEf/Y=,B2Q8ViRUL55Nqr0MIW5c9sEt7GE=
118,61,3tuO1feyjkBsLG8MoDRs7ybEf/Y=,B2Q8ViRUL55Nqr0MIW5c9sEt7GE=
117,61,3tuO1feyjkBsLG8MoDRs7ybEf/Y=,B2Q8ViRUL55Nqr0MIW5c9sEt7GE=
117,62,3tuO1feyjkBsLG8MoDRs7ybEf/Y=,B2Q8ViRUL55Nqr0MIW5c9sEt7GE=
117,59,3tuO1feyjkBsLG8MoDRs7ybEf/Y=,acjvL3DAmc8ANGvuTWMGwrKlaZQ=
120,54,3tuO1feyjkBsLG8MoDRs7ybEf/Y=,0UjVWhZ03x1mTJTv2QNHFL3UJjk=
117,53,3tuO1feyjkBsLG8MoDRs7ybEf/Y=,e8sjk+MYOrnJB021FNIodZEZDMM=
117,56,3tuO1feyjkBsLG8MoDRs7ybEf/Y=,acjvL3DAmc8ANGvuTWMGwrKlaZQ=
118,53,3tuO1feyjkBsLG8MoDRs7ybEf/Y=,e8sjk+MYOrnJB021FNIodZEZDMM=
118,56,3tuO1feyjkBsLG8MoDRs7ybEf/Y=,acjvL3DAmc8ANGvuTWMGwrKlaZQ=
120,53,3tuO1feyjkBsLG8MoDRs7ybEf/Y=,0UjVWhZ03x1mTJTv2QNHFL3UJjk=
118,55,3tuO1feyjkBsLG8MoDRs7ybEf/Y=,e8sjk+MYOrnJB021FNIodZEZDMM=
119,53,3tuO1feyjkBsLG8MoDRs7ybEf/Y=,e8sjk+MYOrnJB021FNIodZEZDMM=
119,54,9TSrH5VV84DJEZGi7h+/iRZaX6U=,e8sjk+MYOrnJB021FNIodZEZDMM=
117,54,9TSrH5VV84DJEZGi7h+/iRZaX6U=,e8sjk+MYOrnJB021FNIodZEZDMM=
117,55,9TSrH5VV84DJEZGi7h+/iRZaX6U=,e8sjk+MYOrnJB021FNIodZEZDMM=
118,54,9TSrH5VV84DJEZGi7h+/iRZaX6U=,e8sjk+MYOrnJB021FNIodZEZDMM=
119,58,9TSrH5VV84DJEZGi7h+/iRZaX6U=,acjvL3DAmc8ANGvuTWMGwrKlaZQ=
119,56,9TSrH5VV84DJEZGi7h+/iRZaX6U=,acjvL3DAmc8ANGvuTWMGwrKlaZQ=
119,57,9TSrH5VV84DJEZGi7h+/iRZaX6U=,acjvL3DAmc8ANGvuTWMGwrKlaZQ=
119,55,9TSrH5VV84DJEZGi7h+/iRZaX6U=,e8sjk+MYOrnJB021FNIodZEZDMM=
120,55,9TSrH5VV84DJEZGi7h+/iRZaX6U=,0UjVWhZ03x1mTJTv2QNHFL3UJjk=
121,55,9TSrH5VV84DJEZGi7h+/iRZaX6U=,0UjVWhZ03x1mTJTv2QNHFL3UJjk=
122,55,9TSrH5VV84DJEZGi7h+/iRZaX6U=,0UjVWhZ03x1mTJTv2QNHFL3UJjk=
120,56,9TSrH5VV84DJEZGi7h+/iRZaX6U=,EOhA3eJ/Qe17/9v1HGEf0W9bHus=
120,58,9TSrH5VV84DJEZGi7h+/iRZaX6U=,EOhA3eJ/Qe17/9v1HGEf0W9bHus=
122,56,9TSrH5VV84DJEZGi7h+/iRZaX6U=,EOhA3eJ/Qe17/9v1HGEf0W9bHus=
120,57,9TSrH5VV84DJEZGi7h+/iRZaX6U=,EOhA3eJ/Qe17/9v1HGEf0W9bHus=
121,56,9TSrH5VV84DJEZGi7h+/iRZaX6U=,EOhA3eJ/Qe17/9v1HGEf0W9bHus=
122,58,9TSrH5VV84DJEZGi7h+/iRZaX6U=,EOhA3eJ/Qe17/9v1HGEf0W9bHus=
121,57,9TSrH5VV84DJEZGi7h+/iRZaX6U=,EOhA3eJ/Qe17/9v1HGEf0W9bHus=
121,58,9TSrH5VV84DJEZGi7h+/iRZaX6U=,EOhA3eJ/Qe17/9v1HGEf0W9bHus=
122,57,9TSrH5VV84DJEZGi7h+/iRZaX6U=,EOhA3eJ/Qe17/9v1HGEf0W9bHus=
122,60,9TSrH5VV84DJEZGi7h+/iRZaX6U=,65VW4NYPtd2spvKD7KTNEYwVt64=
119,59,9TSrH5VV84DJEZGi7h+/iRZaX6U=,acjvL3DAmc8ANGvuTWMGwrKlaZQ=
120,61,9TSrH5VV84DJEZGi7h+/iRZaX6U=,65VW4NYPtd2spvKD7KTNEYwVt64=
121,61,9TSrH5VV84DJEZGi7h+/iRZaX6U=,65VW4NYPtd2spvKD7KTNEYwVt64=
121,60,9TSrH5VV84DJEZGi7h+/iRZaX6U=,65VW4NYPtd2spvKD7KTNEYwVt64=
119,62,9TSrH5VV84DJEZGi7h+/iRZaX6U=,B2Q8ViRUL55Nqr0MIW5c9sEt7GE=
119,61,9TSrH5VV84DJEZGi7h+/iRZaX6U=,B2Q8ViRUL55Nqr0MIW5c9sEt7GE=
122,62,9TSrH5VV84DJEZGi7h+/iRZaX6U=,65VW4NYPtd2spvKD7KTNEYwVt64=
122,61,9TSrH5VV84DJEZGi7h+/iRZaX6U=,65VW4NYPtd2spvKD7KTNEYwVt64=
121,62,9TSrH5VV84DJEZGi7h+/iRZaX6U=,65VW4NYPtd2spvKD7KTNEYwVt64=
119,60,9TSrH5VV84DJEZGi7h+/iRZaX6U=,B2Q8ViRUL55Nqr0MIW5c9sEt7GE=
120,60,9TSrH5VV84DJEZGi7h+/iRZaX6U=,65VW4NYPtd2spvKD7KTNEYwVt64=
120,59,9TSrH5VV84DJEZGi7h+/iRZaX6U=,EOhA3eJ/Qe17/9v1HGEf0W9bHus=
120,62,9TSrH5VV84DJEZGi7h+/iRZaX6U=,65VW4NYPtd2spvKD7KTNEYwVt64=
121,59,9TSrH5VV84DJEZGi7h+/iRZaX6U=,EOhA3eJ/Qe17/9v1HGEf0W9bHus=
119,52,9TSrH5VV84DJEZGi7h+/iRZaX6U=,e8sjk+MYOrnJB021FNIodZEZDMM=
122,59,9TSrH5VV84DJEZGi7h+/iRZaX6U=,EOhA3eJ/Qe17/9v1HGEf0W9bHus=
120,50,9TSrH5VV84DJEZGi7h+/iRZaX6U=,7X9ZnEXGSzqxT0d0QoIh9PQFXOg=
117,52,9TSrH5VV84DJEZGi7h+/iRZaX6U=,e8sjk+MYOrnJB021FNIodZEZDMM=
118,52,9TSrH5VV84DJEZGi7h+/iRZaX6U=,e8sjk+MYOrnJB021FNIodZEZDMM=
118,50,9TSrH5VV84DJEZGi7h+/iRZaX6U=,LM2bQdYMeTX80dHdpP+0aRtvFGI=
118,49,9TSrH5VV84DJEZGi7h+/iRZaX6U=,LM2bQdYMeTX80dHdpP+0aRtvFGI=
120,52,9TSrH5VV84DJEZGi7h+/iRZaX6U=,0UjVWhZ03x1mTJTv2QNHFL3UJjk=
117,51,9TSrH5VV84DJEZGi7h+/iRZaX6U=,LM2bQdYMeTX80dHdpP+0aRtvFGI=
117,50,9TSrH5VV84DJEZGi7h+/iRZaX6U=,LM2bQdYMeTX80dHdpP+0aRtvFGI=
119,51,9TSrH5VV84DJEZGi7h+/iRZaX6U=,LM2bQdYMeTX80dHdpP+0aRtvFGI=
120,49,9TSrH5VV84DJEZGi7h+/iRZaX6U=,7X9ZnEXGSzqxT0d0QoIh9PQFXOg=
119,50,9TSrH5VV84DJEZGi7h+/iRZaX6U=,LM2bQdYMeTX80dHdpP+0aRtvFGI=
117,49,9TSrH5VV84DJEZGi7h+/iRZaX6U=,LM2bQdYMeTX80dHdpP+0aRtvFGI=
118,51,9TSrH5VV84DJEZGi7h+/iRZaX6U=,LM2bQdYMeTX80dHdpP+0aRtvFGI=
119,49,9TSrH5VV84DJEZGi7h+/iRZaX6U=,LM2bQdYMeTX80dHdpP+0aRtvFGI=
120,51,9TSrH5VV84DJEZGi7h+/iRZaX6U=,7X9ZnEXGSzqxT0d0QoIh9PQFXOg=
126,55,9TSrH5VV84DJEZGi7h+/iRZaX6U=,w3aCWTB8BZrlxbNDGTKq9CGIE1s=
125,58,9TSrH5VV84DJEZGi7h+/iRZaX6U=,WrkxR4pfgw3eal1Gx9V38XH0/uk=
126,58,9TSrH5VV84DJEZGi7h+/iRZaX6U=,WrkxR4pfgw3eal1Gx9V38XH0/uk=
124,58,9TSrH5VV84DJEZGi7h+/iRZaX6U=,WrkxR4pfgw3eal1Gx9V38XH0/uk=
124,55,9TSrH5VV84DJEZGi7h+/iRZaX6U=,w3aCWTB8BZrlxbNDGTKq9CGIE1s=
126,57,9TSrH5VV84DJEZGi7h+/iRZaX6U=,WrkxR4pfgw3eal1Gx9V38XH0/uk=
125,55,9TSrH5VV84DJEZGi7h+/iRZaX6U=,w3aCWTB8BZrlxbNDGTKq9CGIE1s=
126,56,9TSrH5VV84DJEZGi7h+/iRZaX6U=,WrkxR4pfgw3eal1Gx9V38XH0/uk=
125,57,9TSrH5VV84DJEZGi7h+/iRZaX6U=,WrkxR4pfgw3eal1Gx9V38XH0/uk=
124,57,9TSrH5VV84DJEZGi7h+/iRZaX6U=,WrkxR4pfgw3eal1Gx9V38XH0/uk=
125,56,9TSrH5VV84DJEZGi7h+/iRZaX6U=,WrkxR4pfgw3eal1Gx9V38XH0/uk=
124,56,9TSrH5VV84DJEZGi7h+/iRZaX6U=,WrkxR4pfgw3eal1Gx9V38XH0/uk=
123,58,9TSrH5VV84DJEZGi7h+/iRZaX6U=,EOhA3eJ/Qe17/9v1HGEf0W9bHus=
123,55,9TSrH5VV84DJEZGi7h+/iRZaX6U=,0UjVWhZ03x1mTJTv2QNHFL3UJjk=
123,57,9TSrH5VV84DJEZGi7h+/iRZaX6U=,EOhA3eJ/Qe17/9v1HGEf0W9bHus=
123,56,9TSrH5VV84DJEZGi7h+/iRZaX6U=,EOhA3eJ/Qe17/9v1HGEf0W9bHus=
124,59,9TSrH5VV84DJEZGi7h+/iRZaX6U=,WrkxR4pfgw3eal1Gx9V38XH0/uk=
126,62,9TSrH5VV84DJEZGi7h+/iRZaX6U=,vWqzGqQDEseG2I5crIDDqujqIsU=
125,62,9TSrH5VV84DJEZGi7h+/iRZaX6U=,vWqzGqQDEseG2I5crIDDqujqIsU=
123,59,9TSrH5VV84DJEZGi7h+/iRZaX6U=,EOhA3eJ/Qe17/9v1HGEf0W9bHus=
123,60,9TSrH5VV84DJEZGi7h+/iRZaX6U=,65VW4NYPtd2spvKD7KTNEYwVt64=
126,61,9TSrH5VV84DJEZGi7h+/iRZaX6U=,vWqzGqQDEseG2I5crIDDqujqIsU=
123,61,9TSrH5VV84DJEZGi7h+/iRZaX6U=,65VW4NYPtd2spvKD7KTNEYwVt64=
125,61,9TSrH5VV84DJEZGi7h+/iRZaX6U=,vWqzGqQDEseG2I5crIDDqujqIsU=
124,61,9TSrH5VV84DJEZGi7h+/iRZaX6U=,vWqzGqQDEseG2I5crIDDqujqIsU=
126,60,9TSrH5VV84DJEZGi7h+/iRZaX6U=,vWqzGqQDEseG2I5crIDDqujqIsU=
126,59,9TSrH5VV84DJEZGi7h+/iRZaX6U=,WrkxR4pfgw3eal1Gx9V38XH0/uk=
124,60,9TSrH5VV84DJEZGi7h+/iRZaX6U=,vWqzGqQDEseG2I5crIDDqujqIsU=
125,59,9TSrH5VV84DJEZGi7h+/iRZaX6U=,WrkxR4pfgw3eal1Gx9V38XH0/uk=
123,62,9TSrH5VV84DJEZGi7h+/iRZaX6U=,65VW4NYPtd2spvKD7KTNEYwVt64=
125,60,9TSrH5VV84DJEZGi7h+/iRZaX6U=,vWqzGqQDEseG2I5crIDDqujqIsU=
124,62,9TSrH5VV84DJEZGi7h+/iRZaX6U=,vWqzGqQDEseG2I5crIDDqujqIsU=
114,49,9TSrH5VV84DJEZGi7h+/iRZaX6U=,XaAfnLfv2kaIiHAmtw6ADnwUto8=
115,49,9TSrH5VV84DJEZGi7h+/iRZaX6U=,XaAfnLfv2kaIiHAmtw6ADnwUto8=
113,50,9TSrH5VV84DJEZGi7h+/iRZaX6U=,XaAfnLfv2kaIiHAmtw6ADnwUto8=
116,50,9TSrH5VV84DJEZGi7h+/iRZaX6U=,LM2bQdYMeTX80dHdpP+0aRtvFGI=
113,49,9TSrH5VV84DJEZGi7h+/iRZaX6U=,XaAfnLfv2kaIiHAmtw6ADnwUto8=
116,49,9TSrH5VV84DJEZGi7h+/iRZaX6U=,LM2bQdYMeTX80dHdpP+0aRtvFGI=
115,50,9TSrH5VV84DJEZGi7h+/iRZaX6U=,XaAfnLfv2kaIiHAmtw6ADnwUto8=
114,50,9TSrH5VV84DJEZGi7h+/iRZaX6U=,XaAfnLfv2kaIiHAmtw6ADnwUto8=
113,54,9TSrH5VV84DJEZGi7h+/iRZaX6U=,+v+vXyH1enBsxcvEZTvQJgxrtnY=
116,51,9TSrH5VV84DJEZGi7h+/iRZaX6U=,LM2bQdYMeTX80dHdpP+0aRtvFGI=
113,53,9TSrH5VV84DJEZGi7h+/iRZaX6U=,+v+vXyH1enBsxcvEZTvQJgxrtnY=
114,52,9TSrH5VV84DJEZGi7h+/iRZaX6U=,+v+vXyH1enBsxcvEZTvQJgxrtnY=
116,53,9TSrH5VV84DJEZGi7h+/iRZaX6U=,e8sjk+MYOrnJB021FNIodZEZDMM=
114,51,9TSrH5VV84DJEZGi7h+/iRZaX6U=,XaAfnLfv2kaIiHAmtw6ADnwUto8=
115,52,9TSrH5VV84DJEZGi7h+/iRZaX6U=,+v+vXyH1enBsxcvEZTvQJgxrtnY=
114,53,9TSrH5VV84DJEZGi7h+/iRZaX6U=,+v+vXyH1enBsxcvEZTvQJgxrtnY=
115,53,9TSrH5VV84DJEZGi7h+/iRZaX6U=,+v+vXyH1enBsxcvEZTvQJgxrtnY=
115,51,9TSrH5VV84DJEZGi7h+/iRZaX6U=,XaAfnLfv2kaIiHAmtw6ADnwUto8=
116,54,9TSrH5VV84DJEZGi7h+/iRZaX6U=,e8sjk+MYOrnJB021FNIodZEZDMM=
114,54,9TSrH5VV84DJEZGi7h+/iRZaX6U=,+v+vXyH1enBsxcvEZTvQJgxrtnY=
115,54,9TSrH5VV84DJEZGi7h+/iRZaX6U=,+v+vXyH1enBsxcvEZTvQJgxrtnY=
113,52,9TSrH5VV84DJEZGi7h+/iRZaX6U=,+v+vXyH1enBsxcvEZTvQJgxrtnY=
113,51,9TSrH5VV84DJEZGi7h+/iRZaX6U=,XaAfnLfv2kaIiHAmtw6ADnwUto8=
116,52,9TSrH5VV84DJEZGi7h+/iRZaX6U=,e8sjk+MYOrnJB021FNIodZEZDMM=
116,57,9TSrH5VV84DJEZGi7h+/iRZaX6U=,acjvL3DAmc8ANGvuTWMGwrKlaZQ=
113,55,9TSrH5VV84DJEZGi7h+/iRZaX6U=,+v+vXyH1enBsxcvEZTvQJgxrtnY=
115,58,9TSrH5VV84DJEZGi7h+/iRZaX6U=,/dV3I6elEMZMERZHJdMj0rE89B8=
114,56,9TSrH5VV84DJEZGi7h+/iRZaX6U=,/dV3I6elEMZMERZHJdMj0rE89B8=
113,58,9TSrH5VV84DJEZGi7h+/iRZaX6U=,/dV3I6elEMZMERZHJdMj0rE89B8=
113,56,9TSrH5VV84DJEZGi7h+/iRZaX6U=,/dV3I6elEMZMERZHJdMj0rE89B8=
116,58,9TSrH5VV84DJEZGi7h+/iRZaX6U=,acjvL3DAmc8ANGvuTWMGwrKlaZQ=
116,56,9TSrH5VV84DJEZGi7h+/iRZaX6U=,acjvL3DAmc8ANGvuTWMGwrKlaZQ=
115,56,9TSrH5VV84DJEZGi7h+/iRZaX6U=,/dV3I6elEMZMERZHJdMj0rE89B8=
115,55,9TSrH5VV84DJEZGi7h+/iRZaX6U=,+v+vXyH1enBsxcvEZTvQJgxrtnY=
114,58,9TSrH5VV84DJEZGi7h+/iRZaX6U=,/dV3I6elEMZMERZHJdMj0rE89B8=
114,55,9TSrH5VV84DJEZGi7h+/iRZaX6U=,+v+vXyH1enBsxcvEZTvQJgxrtnY=
112,54,9TSrH5VV84DJEZGi7h+/iRZaX6U=,+v+vXyH1enBsxcvEZTvQJgxrtnY=
116,55,9TSrH5VV84DJEZGi7h+/iRZaX6U=,e8sjk+MYOrnJB021FNIodZEZDMM=
113,57,9TSrH5VV84DJEZGi7h+/iRZaX6U=,/dV3I6elEMZMERZHJdMj0rE89B8=
112,53,9TSrH5VV84DJEZGi7h+/iRZaX6U=,+v+vXyH1enBsxcvEZTvQJgxrtnY=
115,57,9TSrH5VV84DJEZGi7h+/iRZaX6U=,/dV3I6elEMZMERZHJdMj0rE89B8=
114,57,9TSrH5VV84DJEZGi7h+/iRZaX6U=,/dV3I6elEMZMERZHJdMj0rE89B8=
112,57,9TSrH5VV84DJEZGi7h+/iRZaX6U=,/dV3I6elEMZMERZHJdMj0rE89B8=
112,56,9TSrH5VV84DJEZGi7h+/iRZaX6U=,/dV3I6elEMZMERZHJdMj0rE89B8=
112,58,9TSrH5VV84DJEZGi7h+/iRZaX6U=,/dV3I6elEMZMERZHJdMj0rE89B8=
118,63,9TSrH5VV84DJEZGi7h+/iRZaX6U=,B2Q8ViRUL55Nqr0MIW5c9sEt7GE=
117,63,9TSrH5VV84DJEZGi7h+/iRZaX6U=,B2Q8ViRUL55Nqr0MIW5c9sEt7GE=
119,63,9TSrH5VV84DJEZGi7h+/iRZaX6U=,B2Q8ViRUL55Nqr0MIW5c9sEt7GE=
122,63,9TSrH5VV84DJEZGi7h+/iRZaX6U=,65VW4NYPtd2spvKD7KTNEYwVt64=
120,63,9TSrH5VV84DJEZGi7h+/iRZaX6U=,65VW4NYPtd2spvKD7KTNEYwVt64=
121,63,9TSrH5VV84DJEZGi7h+/iRZaX6U=,65VW4NYPtd2spvKD7KTNEYwVt64=
112,55,9TSrH5VV84DJEZGi7h+/iRZaX6U=,+v+vXyH1enBsxcvEZTvQJgxrtnY=
124,63,9TSrH5VV84DJEZGi7h+/iRZaX6U=,vWqzGqQDEseG2I5crIDDqujqIsU=
125,63,9TSrH5VV84DJEZGi7h+/iRZaX6U=,vWqzGqQDEseG2I5crIDDqujqIsU=
123,63,9TSrH5VV84DJEZGi7h+/iRZaX6U=,65VW4NYPtd2spvKD7KTNEYwVt64=
126,63,9TSrH5VV84DJEZGi7h+/iRZaX6U=,vWqzGqQDEseG2I5crIDDqujqIsU=
127,61,9TSrH5VV84DJEZGi7h+/iRZaX6U=,vWqzGqQDEseG2I5crIDDqujqIsU=
127,62,9TSrH5VV84DJEZGi7h+/iRZaX6U=,vWqzGqQDEseG2I5crIDDqujqIsU=
115,62,9TSrH5VV84DJEZGi7h+/iRZaX6U=,HKZ+70WmcL3+VmUSQ9Yl9ODxPrU=
112,59,9TSrH5VV84DJEZGi7h+/iRZaX6U=,/dV3I6elEMZMERZHJdMj0rE89B8=
112,62,9TSrH5VV84DJEZGi7h+/iRZaX6U=,HKZ+70WmcL3+VmUSQ9Yl9ODxPrU=
113,59,9TSrH5VV84DJEZGi7h+/iRZaX6U=,/dV3I6elEMZMERZHJdMj0rE89B8=
113,62,9TSrH5VV84DJEZGi7h+/iRZaX6U=,HKZ+70WmcL3+VmUSQ9Yl9ODxPrU=
116,61,9TSrH5VV84DJEZGi7h+/iRZaX6U=,B2Q8ViRUL55Nqr0MIW5c9sEt7GE=
116,60,9TSrH5VV84DJEZGi7h+/iRZaX6U=,B2Q8ViRUL55Nqr0MIW5c9sEt7GE=
113,63,9TSrH5VV84DJEZGi7h+/iRZaX6U=,HKZ+70WmcL3+VmUSQ9Yl9ODxPrU=
115,61,9TSrH5VV84DJEZGi7h+/iRZaX6U=,HKZ+70WmcL3+VmUSQ9Yl9ODxPrU=
114,59,9TSrH5VV84DJEZGi7h+/iRZaX6U=,/dV3I6elEMZMERZHJdMj0rE89B8=
114,61,9TSrH5VV84DJEZGi7h+/iRZaX6U=,HKZ+70WmcL3+VmUSQ9Yl9ODxPrU=
113,61,9TSrH5VV84DJEZGi7h+/iRZaX6U=,HKZ+70WmcL3+VmUSQ9Yl9ODxPrU=
115,60,9TSrH5VV84DJEZGi7h+/iRZaX6U=,HKZ+70WmcL3+VmUSQ9Yl9ODxPrU=
116,59,9TSrH5VV84DJEZGi7h+/iRZaX6U=,acjvL3DAmc8ANGvuTWMGwrKlaZQ=
112,61,9TSrH5VV84DJEZGi7h+/iRZaX6U=,HKZ+70WmcL3+VmUSQ9Yl9ODxPrU=
114,62,9TSrH5VV84DJEZGi7h+/iRZaX6U=,HKZ+70WmcL3+VmUSQ9Yl9ODxPrU=
116,63,9TSrH5VV84DJEZGi7h+/iRZaX6U=,B2Q8ViRUL55Nqr0MIW5c9sEt7GE=
113,60,9TSrH5VV84DJEZGi7h+/iRZaX6U=,HKZ+70WmcL3+VmUSQ9Yl9ODxPrU=
114,60,9TSrH5VV84DJEZGi7h+/iRZaX6U=,HKZ+70WmcL3+VmUSQ9Yl9ODxPrU=
115,59,9TSrH5VV84DJEZGi7h+/iRZaX6U=,/dV3I6elEMZMERZHJdMj0rE89B8=
115,63,9TSrH5VV84DJEZGi7h+/iRZaX6U=,HKZ+70WmcL3+VmUSQ9Yl9ODxPrU=
114,63,9TSrH5VV84DJEZGi7h+/iRZaX6U=,HKZ+70WmcL3+VmUSQ9Yl9ODxPrU=
127,58,9TSrH5VV84DJEZGi7h+/iRZaX6U=,WrkxR4pfgw3eal1Gx9V38XH0/uk=
116,62,9TSrH5VV84DJEZGi7h+/iRZaX6U=,B2Q8ViRUL55Nqr0MIW5c9sEt7GE=
112,60,9TSrH5VV84DJEZGi7h+/iRZaX6U=,HKZ+70WmcL3+VmUSQ9Yl9ODxPrU=
127,59,9TSrH5VV84DJEZGi7h+/iRZaX6U=,WrkxR4pfgw3eal1Gx9V38XH0/uk=
127,60,9TSrH5VV84DJEZGi7h+/iRZaX6U=,vWqzGqQDEseG2I5crIDDqujqIsU=
127,57,9TSrH5VV84DJEZGi7h+/iRZaX6U=,WrkxR4pfgw3eal1Gx9V38XH0/uk=
127,55,9TSrH5VV84DJEZGi7h+/iRZaX6U=,w3aCWTB8BZrlxbNDGTKq9CGIE1s=
127,56,9TSrH5VV84DJEZGi7h+/iRZaX6U=,WrkxR4pfgw3eal1Gx9V38XH0/uk=
127,53,9TSrH5VV84DJEZGi7h+/iRZaX6U=,w3aCWTB8BZrlxbNDGTKq9CGIE1s=
127,54,9TSrH5VV84DJEZGi7h+/iRZaX6U=,w3aCWTB8BZrlxbNDGTKq9CGIE1s=
127,52,9TSrH5VV84DJEZGi7h+/iRZaX6U=,w3aCWTB8BZrlxbNDGTKq9CGIE1s=
127,50,9TSrH5VV84DJEZGi7h+/iRZaX6U=,vfyEn9jX1vwMXgmGunT0v0UZQ6o=
125,48,9TSrH5VV84DJEZGi7h+/iRZaX6U=,vfyEn9jX1vwMXgmGunT0v0UZQ6o=
127,51,9TSrH5VV84DJEZGi7h+/iRZaX6U=,vfyEn9jX1vwMXgmGunT0v0UZQ6o=
127,49,9TSrH5VV84DJEZGi7h+/iRZaX6U=,vfyEn9jX1vwMXgmGunT0v0UZQ6o=
126,48,9TSrH5VV84DJEZGi7h+/iRZaX6U=,vfyEn9jX1vwMXgmGunT0v0UZQ6o=
124,48,9TSrH5VV84DJEZGi7h+/iRZaX6U=,vfyEn9jX1vwMXgmGunT0v0UZQ6o=
121,48,9TSrH5VV84DJEZGi7h+/iRZaX6U=,7X9ZnEXGSzqxT0d0QoIh9PQFXOg=
122,48,9TSrH5VV84DJEZGi7h+/iRZaX6U=,7X9ZnEXGSzqxT0d0QoIh9PQFXOg=
127,48,9TSrH5VV84DJEZGi7h+/iRZaX6U=,vfyEn9jX1vwMXgmGunT0v0UZQ6o=
123,48,9TSrH5VV84DJEZGi7h+/iRZaX6U=,7X9ZnEXGSzqxT0d0QoIh9PQFXOg=
114,48,9TSrH5VV84DJEZGi7h+/iRZaX6U=,XaAfnLfv2kaIiHAmtw6ADnwUto8=
113,48,9TSrH5VV84DJEZGi7h+/iRZaX6U=,XaAfnLfv2kaIiHAmtw6ADnwUto8=
115,48,9TSrH5VV84DJEZGi7h+/iRZaX6U=,XaAfnLfv2kaIiHAmtw6ADnwUto8=
116,48,9TSrH5VV84DJEZGi7h+/iRZaX6U=,LM2bQdYMeTX80dHdpP+0aRtvFGI=
117,48,9TSrH5VV84DJEZGi7h+/iRZaX6U=,LM2bQdYMeTX80dHdpP+0aRtvFGI=
119,48,9TSrH5VV84DJEZGi7h+/iRZaX6U=,LM2bQdYMeTX80dHdpP+0aRtvFGI=
118,48,9TSrH5VV84DJEZGi7h+/iRZaX6U=,LM2bQdYMeTX80dHdpP+0aRtvFGI=
120,48,9TSrH5VV84DJEZGi7h+/iRZaX6U=,7X9ZnEXGSzqxT0d0QoIh9PQFXOg=
112,52,9TSrH5VV84DJEZGi7h+/iRZaX6U=,+v+vXyH1enBsxcvEZTvQJgxrtnY=
112,51,9TSrH5VV84DJEZGi7h+/iRZaX6U=,XaAfnLfv2kaIiHAmtw6ADnwUto8=
112,49,9TSrH5VV84DJEZGi7h+/iRZaX6U=,XaAfnLfv2kaIiHAmtw6ADnwUto8=
112,50,9TSrH5VV84DJEZGi7h+/iRZaX6U=,XaAfnLfv2kaIiHAmtw6ADnwUto8=
112,48,9TSrH5VV84DJEZGi7h+/iRZaX6U=,XaAfnLfv2kaIiHAmtw6ADnwUto8=
127,63,9TSrH5VV84DJEZGi7h+/iRZaX6U=,vWqzGqQDEseG2I5crIDDqujqIsU=
112,63,9TSrH5VV84DJEZGi7h+/iRZaX6U=,HKZ+70WmcL3+VmUSQ9Yl9ODxPrU=
125,33,Xa312BUM4nF6FywvyHfoVXVjLE8=,MW04e41T7hEnwdve/RVTdCpP6YQ=
126,34,Xa312BUM4nF6FywvyHfoVXVjLE8=,MW04e41T7hEnwdve/RVTdCpP6YQ=
125,34,Xa312BUM4nF6FywvyHfoVXVjLE8=,MW04e41T7hEnwdve/RVTdCpP6YQ=
121,37,Xa312BUM4nF6FywvyHfoVXVjLE8=,owcb6Lxfss08kGiBpXFnRZXX66k=
122,38,Xa312BUM4nF6FywvyHfoVXVjLE8=,owcb6Lxfss08kGiBpXFnRZXX66k=
121,38,Xa312BUM4nF6FywvyHfoVXVjLE8=,owcb6Lxfss08kGiBpXFnRZXX66k=
122,37,Xa312BUM4nF6FywvyHfoVXVjLE8=,owcb6Lxfss08kGiBpXFnRZXX66k=
125,36,Xa312BUM4nF6FywvyHfoVXVjLE8=,PgMV8xfuzlSkkJoirrE8/e8Azfk=
123,38,Xa312BUM4nF6FywvyHfoVXVjLE8=,owcb6Lxfss08kGiBpXFnRZXX66k=
126,33,Xa312BUM4nF6FywvyHfoVXVjLE8=,MW04e41T7hEnwdve/RVTdCpP6YQ=
126,36,Xa312BUM4nF6FywvyHfoVXVjLE8=,PgMV8xfuzlSkkJoirrE8/e8Azfk=
126,38,Xa312BUM4nF6FywvyHfoVXVjLE8=,PgMV8xfuzlSkkJoirrE8/e8Azfk=
124,37,Xa312BUM4nF6FywvyHfoVXVjLE8=,PgMV8xfuzlSkkJoirrE8/e8Azfk=
126,35,Xa312BUM4nF6FywvyHfoVXVjLE8=,MW04e41T7hEnwdve/RVTdCpP6YQ=
125,38,Xa312BUM4nF6FywvyHfoVXVjLE8=,PgMV8xfuzlSkkJoirrE8/e8Azfk=
125,37,Xa312BUM4nF6FywvyHfoVXVjLE8=,PgMV8xfuzlSkkJoirrE8/e8Azfk=
125,35,Xa312BUM4nF6FywvyHfoVXVjLE8=,MW04e41T7hEnwdve/RVTdCpP6YQ=
126,37,Xa312BUM4nF6FywvyHfoVXVjLE8=,PgMV8xfuzlSkkJoirrE8/e8Azfk=
123,37,Xa312BUM4nF6FywvyHfoVXVjLE8=,owcb6Lxfss08kGiBpXFnRZXX66k=
124,38,Xa312BUM4nF6FywvyHfoVXVjLE8=,PgMV8xfuzlSkkJoirrE8/e8Azfk=
123,34,Xa312BUM4nF6FywvyHfoVXVjLE8=,s+5oYPuBc5qGb3A0qNPk0C6lEF8=
121,34,Xa312BUM4nF6FywvyHfoVXVjLE8=,s+5oYPuBc5qGb3A0qNPk0C6lEF8=
122,34,Xa312BUM4nF6FywvyHfoVXVjLE8=,s+5oYPuBc5qGb3A0qNPk0C6lEF8=
121,35,Xa312BUM4nF6FywvyHfoVXVjLE8=,s+5oYPuBc5qGb3A0qNPk0C6lEF8=
123,33,Xa312BUM4nF6FywvyHfoVXVjLE8=,s+5oYPuBc5qGb3A0qNPk0C6lEF8=
122,33,Xa312BUM4nF6FywvyHfoVXVjLE8=,s+5oYPuBc5qGb3A0qNPk0C6lEF8=
124,34,Xa312BUM4nF6FywvyHfoVXVjLE8=,MW04e41T7hEnwdve/RVTdCpP6YQ=
123,36,Xa312BUM4nF6FywvyHfoVXVjLE8=,owcb6Lxfss08kGiBpXFnRZXX66k=
124,35,Xa312BUM4nF6FywvyHfoVXVjLE8=,MW04e41T7hEnwdve/RVTdCpP6YQ=
122,36,U0Wc3Y5wnbiJxBQw7CwZDA5Zo8E=,owcb6Lxfss08kGiBpXFnRZXX66k=
121,33,U0Wc3Y5wnbiJxBQw7CwZDA5Zo8E=,s+5oYPuBc5qGb3A0qNPk0C6lEF8=
121,36,U0Wc3Y5wnbiJxBQw7CwZDA5Zo8E=,owcb6Lxfss08kGiBpXFnRZXX66k=
124,36,U0Wc3Y5wnbiJxBQw7CwZDA5Zo8E=,PgMV8xfuzlSkkJoirrE8/e8Azfk=
124,33,U0Wc3Y5wnbiJxBQw7CwZDA5Zo8E=,MW04e41T7hEnwdve/RVTdCpP6YQ=
122,35,U0Wc3Y5wnbiJxBQw7CwZDA5Zo8E=,s+5oYPuBc5qGb3A0qNPk0C6lEF8=
123,35,U0Wc3Y5wnbiJxBQw7CwZDA5Zo8E=,s+5oYPuBc5qGb3A0qNPk0C6lEF8=
120,37,U0Wc3Y5wnbiJxBQw7CwZDA5Zo8E=,owcb6Lxfss08kGiBpXFnRZXX66k=
119,37,U0Wc3Y5wnbiJxBQw7CwZDA5Zo8E=,mML2SvhCu9mXBGqio/oZD0zBhjM=
117,38,U0Wc3Y5wnbiJxBQw7CwZDA5Zo8E=,mML2SvhCu9mXBGqio/oZD0zBhjM=
117,37,U0Wc3Y5wnbiJxBQw7CwZDA5Zo8E=,mML2SvhCu9mXBGqio/oZD0zBhjM=
118,38,U0Wc3Y5wnbiJxBQw7CwZDA5Zo8E=,mML2SvhCu9mXBGqio/oZD0zBhjM=
119,38,U0Wc3Y5wnbiJxBQw7CwZDA5Zo8E=,mML2SvhCu9mXBGqio/oZD0zBhjM=
120,38,U0Wc3Y5wnbiJxBQw7CwZDA5Zo8E=,owcb6Lxfss08kGiBpXFnRZXX66k=
118,37,U0Wc3Y5wnbiJxBQw7CwZDA5Zo8E=,mML2SvhCu9mXBGqio/oZD0zBhjM=
113,38,U0Wc3Y5wnbiJxBQw7CwZDA5Zo8E=,jITsDruhTDG/k2xWZyAgi7B7TAE=
114,38,U0Wc3Y5wnbiJxBQw7CwZDA5Zo8E=,jITsDruhTDG/k2xWZyAgi7B7TAE=
113,37,U0Wc3Y5wnbiJxBQw7CwZDA5Zo8E=,jITsDruhTDG/k2xWZyAgi7B7TAE=
116,37,U0Wc3Y5wnbiJxBQw7CwZDA5Zo8E=,mML2SvhCu9mXBGqio/oZD0zBhjM=
115,37,U0Wc3Y5wnbiJxBQw7CwZDA5Zo8E=,jITsDruhTDG/k2xWZyAgi7B7TAE=
114,37,U0Wc3Y5wnbiJxBQw7CwZDA5Zo8E=,jITsDruhTDG/k2xWZyAgi7B7TAE=
116,38,U0Wc3Y5wnbiJxBQw7CwZDA5Zo8E=,mML2SvhCu9mXBGqio/oZD0zBhjM=
120,35,U0Wc3Y5wnbiJxBQw7CwZDA5Zo8E=,s+5oYPuBc5qGb3A0qNPk0C6lEF8=
117,35,U0Wc3Y5wnbiJxBQw7CwZDA5Zo8E=,Q9GHQL8CXfx78O6+r/f01jsMZfM=
118,35,U0Wc3Y5wnbiJxBQw7CwZDA5Zo8E=,Q9GHQL8CXfx78O6+r/f01jsMZfM=
115,38,U0Wc3Y5wnbiJxBQw7CwZDA5Zo8E=,jITsDruhTDG/k2xWZyAgi7B7TAE=
119,35,U0Wc3Y5wnbiJxBQw7CwZDA5Zo8E=,Q9GHQL8CXfx78O6+r/f01jsMZfM=
118,34,U0Wc3Y5wnbiJxBQw7CwZDA5Zo8E=,Q9GHQL8CXfx78O6+r/f01jsMZfM=
120,36,U0Wc3Y5wnbiJxBQw7CwZDA5Zo8E=,owcb6Lxfss08kGiBpXFnRZXX66k=
119,34,U0Wc3Y5wnbiJxBQw7CwZDA5Zo8E=,Q9GHQL8CXfx78O6+r/f01jsMZfM=
120,34,U0Wc3Y5wnbiJxBQw7CwZDA5Zo8E=,s+5oYPuBc5qGb3A0qNPk0C6lEF8=
117,36,U0Wc3Y5wnbiJxBQw7CwZDA5Zo8E=,mML2SvhCu9mXBGqio/oZD0zBhjM=
118,36,U0Wc3Y5wnbiJxBQw7CwZDA5Zo8E=,mML2SvhCu9mXBGqio/oZD0zBhjM=
119,33,U0Wc3Y5wnbiJxBQw7CwZDA5Zo8E=,Q9GHQL8CXfx78O6+r/f01jsMZfM=
119,36,U0Wc3Y5wnbiJxBQw7CwZDA5Zo8E=,mML2SvhCu9mXBGqio/oZD0zBhjM=
120,33,U0Wc3Y5wnbiJxBQw7CwZDA5Zo8E=,s+5oYPuBc5qGb3A0qNPk0C6lEF8=
118,33,U0Wc3Y5wnbiJxBQw7CwZDA5Zo8E=,Q9GHQL8CXfx78O6+r/f01jsMZfM=
117,33,U0Wc3Y5wnbiJxBQw7CwZDA5Zo8E=,Q9GHQL8CXfx78O6+r/f01jsMZfM=
117,34,U0Wc3Y5wnbiJxBQw7CwZDA5Zo8E=,Q9GHQL8CXfx78O6+r/f01jsMZfM=
116,35,U0Wc3Y5wnbiJxBQw7CwZDA5Zo8E=,Q9GHQL8CXfx78O6+r/f01jsMZfM=
114,36,U0Wc3Y5wnbiJxBQw7CwZDA5Zo8E=,jITsDruhTDG/k2xWZyAgi7B7TAE=
113,35,U0Wc3Y5wnbiJxBQw7CwZDA5Zo8E=,bGh4DVB+10ioJ7laJKiCmT7O7Vg=
116,36,U0Wc3Y5wnbiJxBQw7CwZDA5Zo8E=,mML2SvhCu9mXBGqio/oZD0zBhjM=
113,36,U0Wc3Y5wnbiJxBQw7CwZDA5Zo8E=,jITsDruhTDG/k2xWZyAgi7B7TAE=
115,36,U0Wc3Y5wnbiJxBQw7CwZDA5Zo8E=,jITsDruhTDG/k2xWZyAgi7B7TAE=
115,34,U0Wc3Y5wnbiJxBQw7CwZDA5Zo8E=,bGh4DVB+10ioJ7laJKiCmT7O7Vg=
115,33,U0Wc3Y5wnbiJxBQw7CwZDA5Zo8E=,bGh4DVB+10ioJ7laJKiCmT7O7Vg=
114,33,U0Wc3Y5wnbiJxBQw7CwZDA5Zo8E=,bGh4DVB+10ioJ7laJKiCmT7O7Vg=
114,34,U0Wc3Y5wnbiJxBQw7CwZDA5Zo8E=,bGh4DVB+10ioJ7laJKiCmT7O7Vg=
113,33,U0Wc3Y5wnbiJxBQw7CwZDA5Zo8E=,bGh4DVB+10ioJ7laJKiCmT7O7Vg=
116,34,U0Wc3Y5wnbiJxBQw7CwZDA5Zo8E=,Q9GHQL8CXfx78O6+r/f01jsMZfM=
116,33,U0Wc3Y5wnbiJxBQw7CwZDA5Zo8E=,Q9GHQL8CXfx78O6+r/f01jsMZfM=
113,34,U0Wc3Y5wnbiJxBQw7CwZDA5Zo8E=,bGh4DVB+10ioJ7laJKiCmT7O7Vg=
114,35,U0Wc3Y5wnbiJxBQw7CwZDA5Zo8E=,bGh4DVB+10ioJ7laJKiCmT7O7Vg=
115,35,zAXgo8Rw4fuhIiUKf6GWlPUgOkw=,bGh4DVB+10ioJ7laJKiCmT7O7Vg=
118,40,zAXgo8Rw4fuhIiUKf6GWlPUgOkw=,ngSjiQ18R1DqvBQ1+OmAjMSa6Uw=
117,42,zAXgo8Rw4fuhIiUKf6GWlPUgOkw=,ngSjiQ18R1DqvBQ1+OmAjMSa6Uw=
117,41,zAXgo8Rw4fuhIiUKf6GWlPUgOkw=,ngSjiQ18R1DqvBQ1+OmAjMSa6Uw=
117,40,zAXgo8Rw4fuhIiUKf6GWlPUgOkw=,ngSjiQ18R1DqvBQ1+OmAjMSa6Uw=
117,39,zAXgo8Rw4fuhIiUKf6GWlPUgOkw=,mML2SvhCu9mXBGqio/oZD0zBhjM=
118,41,zAXgo8Rw4fuhIiUKf6GWlPUgOkw=,ngSjiQ18R1DqvBQ1+OmAjMSa6Uw=
118,42,zAXgo8Rw4fuhIiUKf6GWlPUgOkw=,ngSjiQ18R1DqvBQ1+OmAjMSa6Uw=
118,39,zAXgo8Rw4fuhIiUKf6GWlPUgOkw=,mML2SvhCu9mXBGqio/oZD0zBhjM=
114,42,zAXgo8Rw4fuhIiUKf6GWlPUgOkw=,YXE0djPlTJjaY9jair/nEFWEaMs=
116,39,zAXgo8Rw4fuhIiUKf6GWlPUgOkw=,mML2SvhCu9mXBGqio/oZD0zBhjM=
115,42,zAXgo8Rw4fuhIiUKf6GWlPUgOkw=,YXE0djPlTJjaY9jair/nEFWEaMs=
116,41,zAXgo8Rw4fuhIiUKf6GWlPUgOkw=,ngSjiQ18R1DqvBQ1+OmAjMSa6Uw=
113,40,zAXgo8Rw4fuhIiUKf6GWlPUgOkw=,YXE0djPlTJjaY9jair/nEFWEaMs=
113,41,zAXgo8Rw4fuhIiUKf6GWlPUgOkw=,YXE0djPlTJjaY9jair/nEFWEaMs=
113,42,zAXgo8Rw4fuhIiUKf6GWlPUgOkw=,YXE0djPlTJjaY9jair/nEFWEaMs=
115,41,zAXgo8Rw4fuhIiUKf6GWlPUgOkw=,YXE0djPlTJjaY9jair/nEFWEaMs=
115,39,zAXgo8Rw4fuhIiUKf6GWlPUgOkw=,jITsDruhTDG/k2xWZyAgi7B7TAE=
116,40,zAXgo8Rw4fuhIiUKf6GWlPUgOkw=,ngSjiQ18R1DqvBQ1+OmAjMSa6Uw=
113,39,zAXgo8Rw4fuhIiUKf6GWlPUgOkw=,jITsDruhTDG/k2xWZyAgi7B7TAE=
114,39,zAXgo8Rw4fuhIiUKf6GWlPUgOkw=,jITsDruhTDG/k2xWZyAgi7B7TAE=
115,40,zAXgo8Rw4fuhIiUKf6GWlPUgOkw=,YXE0djPlTJjaY9jair/nEFWEaMs=
114,40,zAXgo8Rw4fuhIiUKf6GWlPUgOkw=,YXE0djPlTJjaY9jair/nEFWEaMs=
116,42,zAXgo8Rw4fuhIiUKf6GWlPUgOkw=,ngSjiQ18R1DqvBQ1+OmAjMSa6Uw=
119,40,zAXgo8Rw4fuhIiUKf6GWlPUgOkw=,ngSjiQ18R1DqvBQ1+OmAjMSa6Uw=
120,41,zAXgo8Rw4fuhIiUKf6GWlPUgOkw=,lyhxA3tuS6LEFSaavcyg+1wycH4=
122,40,zAXgo8Rw4fuhIiUKf6GWlPUgOkw=,lyhxA3tuS6LEFSaavcyg+1wycH4=
120,40,zAXgo8Rw4fuhIiUKf6GWlPUgOkw=,lyhxA3tuS6LEFSaavcyg+1wycH4=
119,42,zAXgo8Rw4fuhIiUKf6GWlPUgOkw=,ngSjiQ18R1DqvBQ1+OmAjMSa6Uw=
114,41,zAXgo8Rw4fuhIiUKf6GWlPUgOkw=,YXE0djPlTJjaY9jair/nEFWEaMs=
122,42,zAXgo8Rw4fuhIiUKf6GWlPUgOkw=,lyhxA3tuS6LEFSaavcyg+1wycH4=
121,41,zAXgo8Rw4fuhIiUKf6GWlPUgOkw=,lyhxA3tuS6LEFSaavcyg+1wycH4=
120,39,zAXgo8Rw4fuhIiUKf6GWlPUgOkw=,owcb6Lxfss08kGiBpXFnRZXX66k=
120,42,zAXgo8Rw4fuhIiUKf6GWlPUgOkw=,lyhxA3tuS6LEFSaavcyg+1wycH4=
121,39,zAXgo8Rw4fuhIiUKf6GWlPUgOkw=,owcb6Lxfss08kGiBpXFnRZXX66k=
119,41,zAXgo8Rw4fuhIiUKf6GWlPUgOkw=,ngSjiQ18R1DqvBQ1+OmAjMSa6Uw=
122,41,zAXgo8Rw4fuhIiUKf6GWlPUgOkw=,lyhxA3tuS6LEFSaavcyg+1wycH4=
121,40,zAXgo8Rw4fuhIiUKf6GWlPUgOkw=,lyhxA3tuS6LEFSaavcyg+1wycH4=
119,39,zAXgo8Rw4fuhIiUKf6GWlPUgOkw=,mML2SvhCu9mXBGqio/oZD0zBhjM=
122,39,zAXgo8Rw4fuhIiUKf6GWlPUgOkw=,owcb6Lxfss08kGiBpXFnRZXX66k=
121,42,zAXgo8Rw4fuhIiUKf6GWlPUgOkw=,lyhxA3tuS6LEFSaavcyg+1wycH4=
124,39,zAXgo8Rw4fuhIiUKf6GWlPUgOkw=,PgMV8xfuzlSkkJoirrE8/e8Azfk=
123,40,zAXgo8Rw4fuhIiUKf6GWlPUgOkw=,lyhxA3tuS6LEFSaavcyg+1wycH4=
126,40,zAXgo8Rw4fuhIiUKf6GWlPUgOkw=,93SfwREu2MzLqC83Jiw/s2Aq/vs=
124,40,zAXgo8Rw4fuhIiUKf6GWlPUgOkw=,93SfwREu2MzLqC83Jiw/s2Aq/vs=
124,41,zAXgo8Rw4fuhIiUKf6GWlPUgOkw=,93SfwREu2MzLqC83Jiw/s2Aq/vs=
126,42,zAXgo8Rw4fuhIiUKf6GWlPUgOkw=,93SfwREu2MzLqC83Jiw/s2Aq/vs=
125,40,zAXgo8Rw4fuhIiUKf6GWlPUgOkw=,93SfwREu2MzLqC83Jiw/s2Aq/vs=
125,41,zAXgo8Rw4fuhIiUKf6GWlPUgOkw=,93SfwREu2MzLqC83Jiw/s2Aq/vs=
125,42,zAXgo8Rw4fuhIiUKf6GWlPUgOkw=,93SfwREu2MzLqC83Jiw/s2Aq/vs=
126,41,zAXgo8Rw4fuhIiUKf6GWlPUgOkw=,93SfwREu2MzLqC83Jiw/s2Aq/vs=
123,42,zAXgo8Rw4fuhIiUKf6GWlPUgOkw=,lyhxA3tuS6LEFSaavcyg+1wycH4=
126,39,zAXgo8Rw4fuhIiUKf6GWlPUgOkw=,PgMV8xfuzlSkkJoirrE8/e8Azfk=
124,42,zAXgo8Rw4fuhIiUKf6GWlPUgOkw=,93SfwREu2MzLqC83Jiw/s2Aq/vs=
123,41,zAXgo8Rw4fuhIiUKf6GWlPUgOkw=,lyhxA3tuS6LEFSaavcyg+1wycH4=
125,39,zAXgo8Rw4fuhIiUKf6GWlPUgOkw=,PgMV8xfuzlSkkJoirrE8/e8Azfk=
123,39,zAXgo8Rw4fuhIiUKf6GWlPUgOkw=,owcb6Lxfss08kGiBpXFnRZXX66k=
121,45,zAXgo8Rw4fuhIiUKf6GWlPUgOkw=,/k5kZjhHjcnQwJLRP/yiwDCTTKM=
122,45,zAXgo8Rw4fuhIiUKf6GWlPUgOkw=,/k5kZjhHjcnQwJLRP/yiwDCTTKM=
121,46,zAXgo8Rw4fuhIiUKf6GWlPUgOkw=,/k5kZjhHjcnQwJLRP/yiwDCTTKM=
122,46,zAXgo8Rw4fuhIiUKf6GWlPUgOkw=,/k5kZjhHjcnQwJLRP/yiwDCTTKM=
122,44,zAXgo8Rw4fuhIiUKf6GWlPUgOkw=,/k5kZjhHjcnQwJLRP/yiwDCTTKM=
121,43,zAXgo8Rw4fuhIiUKf6GWlPUgOkw=,lyhxA3tuS6LEFSaavcyg+1wycH4=
121,44,zAXgo8Rw4fuhIiUKf6GWlPUgOkw=,/k5kZjhHjcnQwJLRP/yiwDCTTKM=
122,43,zAXgo8Rw4fuhIiUKf6GWlPUgOkw=,lyhxA3tuS6LEFSaavcyg+1wycH4=
122,47,zAXgo8Rw4fuhIiUKf6GWlPUgOkw=,/k5kZjhHjcnQwJLRP/yiwDCTTKM=
121,47,zAXgo8Rw4fuhIiUKf6GWlPUgOkw=,/k5kZjhHjcnQwJLRP/yiwDCTTKM=
124,45,zAXgo8Rw4fuhIiUKf6GWlPUgOkw=,BRKKH4o1miNo/gwgkYq4J7uoj/U=
124,43,zAXgo8Rw4fuhIiUKf6GWlPUgOkw=,93SfwREu2MzLqC83Jiw/s2Aq/vs=
125,43,zAXgo8Rw4fuhIiUKf6GWlPUgOkw=,93SfwREu2MzLqC83Jiw/s2Aq/vs=
126,43,zAXgo8Rw4fuhIiUKf6GWlPUgOkw=,93SfwREu2MzLqC83Jiw/s2Aq/vs=
125,45,zAXgo8Rw4fuhIiUKf6GWlPUgOkw=,BRKKH4o1miNo/gwgkYq4J7uoj/U=
126,45,zAXgo8Rw4fuhIiUKf6GWlPUgOkw=,BRKKH4o1miNo/gwgkYq4J7uoj/U=
123,45,zAXgo8Rw4fuhIiUKf6GWlPUgOkw=,/k5kZjhHjcnQwJLRP/yiwDCTTKM=
127,45,zAXgo8Rw4fuhIiUKf6GWlPUgOkw=,BRKKH4o1miNo/gwgkYq4J7uoj/U=
123,47,zAXgo8Rw4fuhIiUKf6GWlPUgOkw=,/k5kZjhHjcnQwJLRP/yiwDCTTKM=
124,46,zAXgo8Rw4fuhIiUKf6GWlPUgOkw=,BRKKH4o1miNo/gwgkYq4J7uoj/U=
125,46,zAXgo8Rw4fuhIiUKf6GWlPUgOkw=,BRKKH4o1miNo/gwgkYq4J7uoj/U=
123,43,zAXgo8Rw4fuhIiUKf6GWlPUgOkw=,lyhxA3tuS6LEFSaavcyg+1wycH4=
124,44,zAXgo8Rw4fuhIiUKf6GWlPUgOkw=,BRKKH4o1miNo/gwgkYq4J7uoj/U=
126,46,zAXgo8Rw4fuhIiUKf6GWlPUgOkw=,BRKKH4o1miNo/gwgkYq4J7uoj/U=
125,44,zAXgo8Rw4fuhIiUKf6GWlPUgOkw=,BRKKH4o1miNo/gwgkYq4J7uoj/U=
127,46,zAXgo8Rw4fuhIiUKf6GWlPUgOkw=,BRKKH4o1miNo/gwgkYq4J7uoj/U=
124,47,zAXgo8Rw4fuhIiUKf6GWlPUgOkw=,BRKKH4o1miNo/gwgkYq4J7uoj/U=
123,44,zAXgo8Rw4fuhIiUKf6GWlPUgOkw=,/k5kZjhHjcnQwJLRP/yiwDCTTKM=
125,47,zAXgo8Rw4fuhIiUKf6GWlPUgOkw=,BRKKH4o1miNo/gwgkYq4J7uoj/U=
126,47,zAXgo8Rw4fuhIiUKf6GWlPUgOkw=,BRKKH4o1miNo/gwgkYq4J7uoj/U=
123,46,zAXgo8Rw4fuhIiUKf6GWlPUgOkw=,/k5kZjhHjcnQwJLRP/yiwDCTTKM=
112,41,zAXgo8Rw4fuhIiUKf6GWlPUgOkw=,YXE0djPlTJjaY9jair/nEFWEaMs=
112,42,zAXgo8Rw4fuhIiUKf6GWlPUgOkw=,YXE0djPlTJjaY9jair/nEFWEaMs=
112,40,zAXgo8Rw4fuhIiUKf6GWlPUgOkw=,YXE0djPlTJjaY9jair/nEFWEaMs=
112,39,zAXgo8Rw4fuhIiUKf6GWlPUgOkw=,jITsDruhTDG/k2xWZyAgi7B7TAE=
112,38,zAXgo8Rw4fuhIiUKf6GWlPUgOkw=,jITsDruhTDG/k2xWZyAgi7B7TAE=
112,37,zAXgo8Rw4fuhIiUKf6GWlPUgOkw=,jITsDruhTDG/k2xWZyAgi7B7TAE=
112,36,zAXgo8Rw4fuhIiUKf6GWlPUgOkw=,jITsDruhTDG/k2xWZyAgi7B7TAE=
126,44,zAXgo8Rw4fuhIiUKf6GWlPUgOkw=,BRKKH4o1miNo/gwgkYq4J7uoj/U=
112,33,zAXgo8Rw4fuhIiUKf6GWlPUgOkw=,bGh4DVB+10ioJ7laJKiCmT7O7Vg=
112,35,zAXgo8Rw4fuhIiUKf6GWlPUgOkw=,bGh4DVB+10ioJ7laJKiCmT7O7Vg=
112,34,zAXgo8Rw4fuhIiUKf6GWlPUgOkw=,bGh4DVB+10ioJ7laJKiCmT7O7Vg=
114,32,zAXgo8Rw4fuhIiUKf6GWlPUgOkw=,bGh4DVB+10ioJ7laJKiCmT7O7Vg=
113,32,zAXgo8Rw4fuhIiUKf6GWlPUgOkw=,bGh4DVB+10ioJ7laJKiCmT7O7Vg=
118,32,zAXgo8Rw4fuhIiUKf6GWlPUgOkw=,Q9GHQL8CXfx78O6+r/f01jsMZfM=
115,32,zAXgo8Rw4fuhIiUKf6GWlPUgOkw=,bGh4DVB+10ioJ7laJKiCmT7O7Vg=
116,32,zAXgo8Rw4fuhIiUKf6GWlPUgOkw=,Q9GHQL8CXfx78O6+r/f01jsMZfM=
117,32,zAXgo8Rw4fuhIiUKf6GWlPUgOkw=,Q9GHQL8CXfx78O6+r/f01jsMZfM=
120,32,zAXgo8Rw4fuhIiUKf6GWlPUgOkw=,s+5oYPuBc5qGb3A0qNPk0C6lEF8=
121,32,zAXgo8Rw4fuhIiUKf6GWlPUgOkw=,s+5oYPuBc5qGb3A0qNPk0C6lEF8=
119,32,zAXgo8Rw4fuhIiUKf6GWlPUgOkw=,Q9GHQL8CXfx78O6+r/f01jsMZfM=
126,32,zAXgo8Rw4fuhIiUKf6GWlPUgOkw=,MW04e41T7hEnwdve/RVTdCpP6YQ=
122,32,zAXgo8Rw4fuhIiUKf6GWlPUgOkw=,s+5oYPuBc5qGb3A0qNPk0C6lEF8=
123,32,zAXgo8Rw4fuhIiUKf6GWlPUgOkw=,s+5oYPuBc5qGb3A0qNPk0C6lEF8=
125,32,zAXgo8Rw4fuhIiUKf6GWlPUgOkw=,MW04e41T7hEnwdve/RVTdCpP6YQ=
124,32,zAXgo8Rw4fuhIiUKf6GWlPUgOkw=,MW04e41T7hEnwdve/RVTdCpP6YQ=
120,47,zAXgo8Rw4fuhIiUKf6GWlPUgOkw=,/k5kZjhHjcnQwJLRP/yiwDCTTKM=
117,44,zAXgo8Rw4fuhIiUKf6GWlPUgOkw=,7EMRk+EkqaN08fXitoB25u9LrAY=
120,45,zAXgo8Rw4fuhIiUKf6GWlPUgOkw=,/k5kZjhHjcnQwJLRP/yiwDCTTKM=
119,44,zAXgo8Rw4fuhIiUKf6GWlPUgOkw=,7EMRk+EkqaN08fXitoB25u9LrAY=
118,44,zAXgo8Rw4fuhIiUKf6GWlPUgOkw=,7EMRk+EkqaN08fXitoB25u9LrAY=
117,45,zAXgo8Rw4fuhIiUKf6GWlPUgOkw=,7EMRk+EkqaN08fXitoB25u9LrAY=
119,45,zAXgo8Rw4fuhIiUKf6GWlPUgOkw=,7EMRk+EkqaN08fXitoB25u9LrAY=
120,43,zAXgo8Rw4fuhIiUKf6GWlPUgOkw=,lyhxA3tuS6LEFSaavcyg+1wycH4=
119,47,zAXgo8Rw4fuhIiUKf6GWlPUgOkw=,7EMRk+EkqaN08fXitoB25u9LrAY=
118,45,zAXgo8Rw4fuhIiUKf6GWlPUgOkw=,7EMRk+EkqaN08fXitoB25u9LrAY=
120,46,zAXgo8Rw4fuhIiUKf6GWlPUgOkw=,/k5kZjhHjcnQwJLRP/yiwDCTTKM=
117,43,zAXgo8Rw4fuhIiUKf6GWlPUgOkw=,ngSjiQ18R1DqvBQ1+OmAjMSa6Uw=
119,46,zAXgo8Rw4fuhIiUKf6GWlPUgOkw=,7EMRk+EkqaN08fXitoB25u9LrAY=
118,47,zAXgo8Rw4fuhIiUKf6GWlPUgOkw=,7EMRk+EkqaN08fXitoB25u9LrAY=
117,47,zAXgo8Rw4fuhIiUKf6GWlPUgOkw=,7EMRk+EkqaN08fXitoB25u9LrAY=
120,44,zAXgo8Rw4fuhIiUKf6GWlPUgOkw=,/k5kZjhHjcnQwJLRP/yiwDCTTKM=
119,43,zAXgo8Rw4fuhIiUKf6GWlPUgOkw=,ngSjiQ18R1DqvBQ1+OmAjMSa6Uw=
118,43,zAXgo8Rw4fuhIiUKf6GWlPUgOkw=,ngSjiQ18R1DqvBQ1+OmAjMSa6Uw=
117,46,zAXgo8Rw4fuhIiUKf6GWlPUgOkw=,7EMRk+EkqaN08fXitoB25u9LrAY=
118,46,zAXgo8Rw4fuhIiUKf6GWlPUgOkw=,7EMRk+EkqaN08fXitoB25u9LrAY=
127,33,zAXgo8Rw4fuhIiUKf6GWlPUgOkw=,MW04e41T7hEnwdve/RVTdCpP6YQ=
127,34,zAXgo8Rw4fuhIiUKf6GWlPUgOkw=,MW04e41T7hEnwdve/RVTdCpP6YQ=
127,36,zAXgo8Rw4fuhIiUKf6GWlPUgOkw=,PgMV8xfuzlSkkJoirrE8/e8Azfk=
127,37,zAXgo8Rw4fuhIiUKf6GWlPUgOkw=,PgMV8xfuzlSkkJoirrE8/e8Azfk=
127,38,zAXgo8Rw4fuhIiUKf6GWlPUgOkw=,PgMV8xfuzlSkkJoirrE8/e8Azfk=
127,35,zAXgo8Rw4fuhIiUKf6GWlPUgOkw=,MW04e41T7hEnwdve/RVTdCpP6YQ=
127,32,zAXgo8Rw4fuhIiUKf6GWlPUgOkw=,MW04e41T7hEnwdve/RVTdCpP6YQ=
127,43,zAXgo8Rw4fuhIiUKf6GWlPUgOkw=,93SfwREu2MzLqC83Jiw/s2Aq/vs=
127,41,zAXgo8Rw4fuhIiUKf6GWlPUgOkw=,93SfwREu2MzLqC83Jiw/s2Aq/vs=
127,39,zAXgo8Rw4fuhIiUKf6GWlPUgOkw=,PgMV8xfuzlSkkJoirrE8/e8Azfk=
127,42,zAXgo8Rw4fuhIiUKf6GWlPUgOkw=,93SfwREu2MzLqC83Jiw/s2Aq/vs=
127,44,zAXgo8Rw4fuhIiUKf6GWlPUgOkw=,BRKKH4o1miNo/gwgkYq4J7uoj/U=
127,40,zAXgo8Rw4fuhIiUKf6GWlPUgOkw=,93SfwREu2MzLqC83Jiw/s2Aq/vs=
127,47,zAXgo8Rw4fuhIiUKf6GWlPUgOkw=,BRKKH4o1miNo/gwgkYq4J7uoj/U=
112,32,zAXgo8Rw4fuhIiUKf6GWlPUgOkw=,bGh4DVB+10ioJ7laJKiCmT7O7Vg=
114,45,zAXgo8Rw4fuhIiUKf6GWlPUgOkw=,CzBZ7/w1sAX62IR5hFgFJT3Z7lc=
113,46,zAXgo8Rw4fuhIiUKf6GWlPUgOkw=,CzBZ7/w1sAX62IR5hFgFJT3Z7lc=
112,44,zAXgo8Rw4fuhIiUKf6GWlPUgOkw=,CzBZ7/w1sAX62IR5hFgFJT3Z7lc=
112,43,zAXgo8Rw4fuhIiUKf6GWlPUgOkw=,YXE0djPlTJjaY9jair/nEFWEaMs=
115,46,zAXgo8Rw4fuhIiUKf6GWlPUgOkw=,CzBZ7/w1sAX62IR5hFgFJT3Z7lc=
116,44,zAXgo8Rw4fuhIiUKf6GWlPUgOkw=,7EMRk+EkqaN08fXitoB25u9LrAY=
112,47,zAXgo8Rw4fuhIiUKf6GWlPUgOkw=,CzBZ7/w1sAX62IR5hFgFJT3Z7lc=
113,44,zAXgo8Rw4fuhIiUKf6GWlPUgOkw=,CzBZ7/w1sAX62IR5hFgFJT3Z7lc=
113,47,zAXgo8Rw4fuhIiUKf6GWlPUgOkw=,CzBZ7/w1sAX62IR5hFgFJT3Z7lc=
115,44,zAXgo8Rw4fuhIiUKf6GWlPUgOkw=,CzBZ7/w1sAX62IR5hFgFJT3Z7lc=
114,47,zAXgo8Rw4fuhIiUKf6GWlPUgOkw=,CzBZ7/w1sAX62IR5hFgFJT3Z7lc=
115,47,zAXgo8Rw4fuhIiUKf6GWlPUgOkw=,CzBZ7/w1sAX62IR5hFgFJT3Z7lc=
115,45,zAXgo8Rw4fuhIiUKf6GWlPUgOkw=,CzBZ7/w1sAX62IR5hFgFJT3Z7lc=
116,43,zAXgo8Rw4fuhIiUKf6GWlPUgOkw=,ngSjiQ18R1DqvBQ1+OmAjMSa6Uw=
116,45,zAXgo8Rw4fuhIiUKf6GWlPUgOkw=,7EMRk+EkqaN08fXitoB25u9LrAY=
112,46,zAXgo8Rw4fuhIiUKf6GWlPUgOkw=,CzBZ7/w1sAX62IR5hFgFJT3Z7lc=
114,46,zAXgo8Rw4fuhIiUKf6GWlPUgOkw=,CzBZ7/w1sAX62IR5hFgFJT3Z7lc=
116,46,zAXgo8Rw4fuhIiUKf6GWlPUgOkw=,7EMRk+EkqaN08fXitoB25u9LrAY=
112,45,zAXgo8Rw4fuhIiUKf6GWlPUgOkw=,CzBZ7/w1sAX62IR5hFgFJT3Z7lc=
113,45,zAXgo8Rw4fuhIiUKf6GWlPUgOkw=,CzBZ7/w1sAX62IR5hFgFJT3Z7lc=
114,44,zAXgo8Rw4fuhIiUKf6GWlPUgOkw=,CzBZ7/w1sAX62IR5hFgFJT3Z7lc=
116,47,zAXgo8Rw4fuhIiUKf6GWlPUgOkw=,7EMRk+EkqaN08fXitoB25u9LrAY=
113,43,zAXgo8Rw4fuhIiUKf6GWlPUgOkw=,YXE0djPlTJjaY9jair/nEFWEaMs=
114,43,zAXgo8Rw4fuhIiUKf6GWlPUgOkw=,YXE0djPlTJjaY9jair/nEFWEaMs=
115,43,zAXgo8Rw4fuhIiUKf6GWlPUgOkw=,YXE0djPlTJjaY9jair/nEFWEaMs=
