-306,326,V8wkv5mcSL16iNiNUfnjay4CaaQ=,cSnYOAzAHLUn9Cnszt9G8CgZ1Jc=
-307,326,V8wkv5mcSL16iNiNUfnjay4CaaQ=,cSnYOAzAHLUn9Cnszt9G8CgZ1Jc=
-308,326,V8wkv5mcSL16iNiNUfnjay4CaaQ=,cSnYOAzAHLUn9Cnszt9G8CgZ1Jc=
-309,326,V8wkv5mcSL16iNiNUfnjay4CaaQ=,cSnYOAzAHLUn9Cnszt9G8CgZ1Jc=
-311,326,V8wkv5mcSL16iNiNUfnjay4CaaQ=,cSnYOAzAHLUn9Cnszt9G8CgZ1Jc=
-311,321,V8wkv5mcSL16iNiNUfnjay4CaaQ=,cSnYOAzAHLUn9Cnszt9G8CgZ1Jc=
-306,325,V8wkv5mcSL16iNiNUfnjay4CaaQ=,cSnYOAzAHLUn9Cnszt9G8CgZ1Jc=
-310,326,V8wkv5mcSL16iNiNUfnjay4CaaQ=,cSnYOAzAHLUn9Cnszt9G8CgZ1Jc=
-307,325,V8wkv5mcSL16iNiNUfnjay4CaaQ=,cSnYOAzAHLUn9Cnszt9G8CgZ1Jc=
-310,325,V8wkv5mcSL16iNiNUfnjay4CaaQ=,cSnYOAzAHLUn9Cnszt9G8CgZ1Jc=
-310,321,V8wkv5mcSL16iNiNUfnjay4CaaQ=,cSnYOAzAHLUn9Cnszt9G8CgZ1Jc=
-308,325,V8wkv5mcSL16iNiNUfnjay4CaaQ=,cSnYOAzAHLUn9Cnszt9G8CgZ1Jc=
-311,325,V8wkv5mcSL16iNiNUfnjay4CaaQ=,cSnYOAzAHLUn9Cnszt9G8CgZ1Jc=
-309,325,V8wkv5mcSL16iNiNUfnjay4CaaQ=,cSnYOAzAHLUn9Cnszt9G8CgZ1Jc=
-307,324,V8wkv5mcSL16iNiNUfnjay4CaaQ=,cSnYOAzAHLUn9Cnszt9G8CgZ1Jc=
-306,324,V8wkv5mcSL16iNiNUfnjay4CaaQ=,cSnYOAzAHLUn9Cnszt9G8CgZ1Jc=
-309,321,V8wkv5mcSL16iNiNUfnjay4CaaQ=,cSnYOAzAHLUn9Cnszt9G8CgZ1Jc=
-306,323,V8wkv5mcSL16iNiNUfnjay4CaaQ=,cSnYOAzAHLUn9Cnszt9G8CgZ1Jc=
-310,324,V8wkv5mcSL16iNiNUfnjay4CaaQ=,cSnYOAzAHLUn9Cnszt9G8CgZ1Jc=
-309,324,V8wkv5mcSL16iNiNUfnjay4CaaQ=,cSnYOAzAHLUn9Cnszt9G8CgZ1Jc=
-308,321,V8wkv5mcSL16iNiNUfnjay4CaaQ=,cSnYOAzAHLUn9Cnszt9G8CgZ1Jc=
-308,324,V8wkv5mcSL16iNiNUfnjay4CaaQ=,cSnYOAzAHLUn9Cnszt9G8CgZ1Jc=
-309,323,V8wkv5mcSL16iNiNUfnjay4CaaQ=,cSnYOAzAHLUn9Cnszt9G8CgZ1Jc=
-311,324,V8wkv5mcSL16iNiNUfnjay4CaaQ=,cSnYOAzAHLUn9Cnszt9G8CgZ1Jc=
-307,323,V8wkv5mcSL16iNiNUfnjay4CaaQ=,cSnYOAzAHLUn9Cnszt9G8CgZ1Jc=
-308,323,V8wkv5mcSL16iNiNUfnjay4CaaQ=,cSnYOAzAHLUn9Cnszt9G8CgZ1Jc=
-307,321,V8wkv5mcSL16iNiNUfnjay4CaaQ=,cSnYOAzAHLUn9Cnszt9G8CgZ1Jc=
-311,323,V8wkv5mcSL16iNiNUfnjay4CaaQ=,cSnYOAzAHLUn9Cnszt9G8CgZ1Jc=
-310,323,V8wkv5mcSL16iNiNUfnjay4CaaQ=,cSnYOAzAHLUn9Cnszt9G8CgZ1Jc=
-306,322,V8wkv5mcSL16iNiNUfnjay4CaaQ=,cSnYOAzAHLUn9Cnszt9G8CgZ1Jc=
-309,322,V8wkv5mcSL16iNiNUfnjay4CaaQ=,cSnYOAzAHLUn9Cnszt9G8CgZ1Jc=
-308,322,V8wkv5mcSL16iNiNUfnjay4CaaQ=,cSnYOAzAHLUn9Cnszt9G8CgZ1Jc=
-307,322,V8wkv5mcSL16iNiNUfnjay4CaaQ=,cSnYOAzAHLUn9Cnszt9G8CgZ1Jc=
-306,321,V8wkv5mcSL16iNiNUfnjay4CaaQ=,cSnYOAzAHLUn9Cnszt9G8CgZ1Jc=
-310,322,V8wkv5mcSL16iNiNUfnjay4CaaQ=,cSnYOAzAHLUn9Cnszt9G8CgZ1Jc=
-311,322,V8wkv5mcSL16iNiNUfnjay4CaaQ=,cSnYOAzAHLUn9Cnszt9G8CgZ1Jc=
-316,325,V8wkv5mcSL16iNiNUfnjay4CaaQ=,9RWsEP3cEbRp72vLgx4Ahe4JZwA=
-313,324,V8wkv5mcSL16iNiNUfnjay4CaaQ=,9RWsEP3cEbRp72vLgx4Ahe4JZwA=
-317,325,V8wkv5mcSL16iNiNUfnjay4CaaQ=,9RWsEP3cEbRp72vLgx4Ahe4JZwA=
-318,325,V8wkv5mcSL16iNiNUfnjay4CaaQ=,9RWsEP3cEbRp72vLgx4Ahe4JZwA=
-315,325,V8wkv5mcSL16iNiNUfnjay4CaaQ=,9RWsEP3cEbRp72vLgx4Ahe4JZwA=
-312,326,V8wkv5mcSL16iNiNUfnjay4CaaQ=,cSnYOAzAHLUn9Cnszt9G8CgZ1Jc=
-314,324,V8wkv5mcSL16iNiNUfnjay4CaaQ=,9RWsEP3cEbRp72vLgx4Ahe4JZwA=
-314,325,V8wkv5mcSL16iNiNUfnjay4CaaQ=,9RWsEP3cEbRp72vLgx4Ahe4JZwA=
-313,325,V8wkv5mcSL16iNiNUfnjay4CaaQ=,9RWsEP3cEbRp72vLgx4Ahe4JZwA=
-315,324,V8wkv5mcSL16iNiNUfnjay4CaaQ=,9RWsEP3cEbRp72vLgx4Ahe4JZwA=
-312,325,V8wkv5mcSL16iNiNUfnjay4CaaQ=,cSnYOAzAHLUn9Cnszt9G8CgZ1Jc=
-318,324,V8wkv5mcSL16iNiNUfnjay4CaaQ=,9RWsEP3cEbRp72vLgx4Ahe4JZwA=
-312,324,V8wkv5mcSL16iNiNUfnjay4CaaQ=,cSnYOAzAHLUn9Cnszt9G8CgZ1Jc=
-319,326,V8wkv5mcSL16iNiNUfnjay4CaaQ=,9RWsEP3cEbRp72vLgx4Ahe4JZwA=
-319,324,V8wkv5mcSL16iNiNUfnjay4CaaQ=,9RWsEP3cEbRp72vLgx4Ahe4JZwA=
-317,324,V8wkv5mcSL16iNiNUfnjay4CaaQ=,9RWsEP3cEbRp72vLgx4Ahe4JZwA=
-318,326,V8wkv5mcSL16iNiNUfnjay4CaaQ=,9RWsEP3cEbRp72vLgx4Ahe4JZwA=
-313,323,V8wkv5mcSL16iNiNUfnjay4CaaQ=,9RWsEP3cEbRp72vLgx4Ahe4JZwA=
-319,325,V8wkv5mcSL16iNiNUfnjay4CaaQ=,9RWsEP3cEbRp72vLgx4Ahe4JZwA=
-316,324,V8wkv5mcSL16iNiNUfnjay4CaaQ=,9RWsEP3cEbRp72vLgx4Ahe4JZwA=
-317,326,V8wkv5mcSL16iNiNUfnjay4CaaQ=,9RWsEP3cEbRp72vLgx4Ahe4JZwA=
-316,326,V8wkv5mcSL16iNiNUfnjay4CaaQ=,9RWsEP3cEbRp72vLgx4Ahe4JZwA=
-314,323,V8wkv5mcSL16iNiNUfnjay4CaaQ=,9RWsEP3cEbRp72vLgx4Ahe4JZwA=
-315,323,V8wkv5mcSL16iNiNUfnjay4CaaQ=,9RWsEP3cEbRp72vLgx4Ahe4JZwA=
-312,323,V8wkv5mcSL16iNiNUfnjay4CaaQ=,cSnYOAzAHLUn9Cnszt9G8CgZ1Jc=
-316,323,V8wkv5mcSL16iNiNUfnjay4CaaQ=,9RWsEP3cEbRp72vLgx4Ahe4JZwA=
-319,321,V8wkv5mcSL16iNiNUfnjay4CaaQ=,9RWsEP3cEbRp72vLgx4Ahe4JZwA=
-318,321,V8wkv5mcSL16iNiNUfnjay4CaaQ=,9RWsEP3cEbRp72vLgx4Ahe4JZwA=
-318,323,V8wkv5mcSL16iNiNUfnjay4CaaQ=,9RWsEP3cEbRp72vLgx4Ahe4JZwA=
-317,323,V8wkv5mcSL16iNiNUfnjay4CaaQ=,9RWsEP3cEbRp72vLgx4Ahe4JZwA=
-317,321,V8wkv5mcSL16iNiNUfnjay4CaaQ=,9RWsEP3cEbRp72vLgx4Ahe4JZwA=
-313,322,V8wkv5mcSL16iNiNUfnjay4CaaQ=,9RWsEP3cEbRp72vLgx4Ahe4JZwA=
-319,323,V8wkv5mcSL16iNiNUfnjay4CaaQ=,9RWsEP3cEbRp72vLgx4Ahe4JZwA=
-316,321,V8wkv5mcSL16iNiNUfnjay4CaaQ=,9RWsEP3cEbRp72vLgx4Ahe4JZwA=
-315,322,V8wkv5mcSL16iNiNUfnjay4CaaQ=,9RWsEP3cEbRp72vLgx4Ahe4JZwA=
-314,322,V8wkv5mcSL16iNiNUfnjay4CaaQ=,9RWsEP3cEbRp72vLgx4Ahe4JZwA=
-312,321,V8wkv5mcSL16iNiNUfnjay4CaaQ=,cSnYOAzAHLUn9Cnszt9G8CgZ1Jc=
-316,322,V8wkv5mcSL16iNiNUfnjay4CaaQ=,9RWsEP3cEbRp72vLgx4Ahe4JZwA=
-312,322,V8wkv5mcSL16iNiNUfnjay4CaaQ=,cSnYOAzAHLUn9Cnszt9G8CgZ1Jc=
-315,321,V8wkv5mcSL16iNiNUfnjay4CaaQ=,9RWsEP3cEbRp72vLgx4Ahe4JZwA=
-317,322,V8wkv5mcSL16iNiNUfnjay4CaaQ=,9RWsEP3cEbRp72vLgx4Ahe4JZwA=
-318,322,V8wkv5mcSL16iNiNUfnjay4CaaQ=,9RWsEP3cEbRp72vLgx4Ahe4JZwA=
-313,326,V8wkv5mcSL16iNiNUfnjay4CaaQ=,9RWsEP3cEbRp72vLgx4Ahe4JZwA=
-319,322,V8wkv5mcSL16iNiNUfnjay4CaaQ=,9RWsEP3cEbRp72vLgx4Ahe4JZwA=
-314,326,V8wkv5mcSL16iNiNUfnjay4CaaQ=,9RWsEP3cEbRp72vLgx4Ahe4JZwA=
-313,321,V8wkv5mcSL16iNiNUfnjay4CaaQ=,9RWsEP3cEbRp72vLgx4Ahe4JZwA=
-315,326,V8wkv5mcSL16iNiNUfnjay4CaaQ=,9RWsEP3cEbRp72vLgx4Ahe4JZwA=
-314,321,V8wkv5mcSL16iNiNUfnjay4CaaQ=,9RWsEP3cEbRp72vLgx4Ahe4JZwA=
-320,325,V8wkv5mcSL16iNiNUfnjay4CaaQ=,9RWsEP3cEbRp72vLgx4Ahe4JZwA=
-320,324,V8wkv5mcSL16iNiNUfnjay4CaaQ=,9RWsEP3cEbRp72vLgx4Ahe4JZwA=
-320,326,V8wkv5mcSL16iNiNUfnjay4CaaQ=,9RWsEP3cEbRp72vLgx4Ahe4JZwA=
-320,322,V8wkv5mcSL16iNiNUfnjay4CaaQ=,9RWsEP3cEbRp72vLgx4Ahe4JZwA=
-320,323,V8wkv5mcSL16iNiNUfnjay4CaaQ=,9RWsEP3cEbRp72vLgx4Ahe4JZwA=
-320,321,V8wkv5mcSL16iNiNUfnjay4CaaQ=,9RWsEP3cEbRp72vLgx4Ahe4JZwA=
-319,320,V8wkv5mcSL16iNiNUfnjay4CaaQ=,9RWsEP3cEbRp72vLgx4Ahe4JZwA=
-318,320,V8wkv5mcSL16iNiNUfnjay4CaaQ=,9RWsEP3cEbRp72vLgx4Ahe4JZwA=
-317,320,V8wkv5mcSL16iNiNUfnjay4CaaQ=,9RWsEP3cEbRp72vLgx4Ahe4JZwA=
-315,320,V8wkv5mcSL16iNiNUfnjay4CaaQ=,9RWsEP3cEbRp72vLgx4Ahe4JZwA=
-316,320,V8wkv5mcSL16iNiNUfnjay4CaaQ=,9RWsEP3cEbRp72vLgx4Ahe4JZwA=
-305,321,V8wkv5mcSL16iNiNUfnjay4CaaQ=,cSnYOAzAHLUn9Cnszt9G8CgZ1Jc=
-314,320,V8wkv5mcSL16iNiNUfnjay4CaaQ=,9RWsEP3cEbRp72vLgx4Ahe4JZwA=
-305,326,V8wkv5mcSL16iNiNUfnjay4CaaQ=,cSnYOAzAHLUn9Cnszt9G8CgZ1Jc=
-305,325,V8wkv5mcSL16iNiNUfnjay4CaaQ=,cSnYOAzAHLUn9Cnszt9G8CgZ1Jc=
-305,322,V8wkv5mcSL16iNiNUfnjay4CaaQ=,cSnYOAzAHLUn9Cnszt9G8CgZ1Jc=
-305,323,V8wkv5mcSL16iNiNUfnjay4CaaQ=,cSnYOAzAHLUn9Cnszt9G8CgZ1Jc=
-306,320,V8wkv5mcSL16iNiNUfnjay4CaaQ=,cSnYOAzAHLUn9Cnszt9G8CgZ1Jc=
-305,324,V8wkv5mcSL16iNiNUfnjay4CaaQ=,cSnYOAzAHLUn9Cnszt9G8CgZ1Jc=
-313,320,V8wkv5mcSL16iNiNUfnjay4CaaQ=,9RWsEP3cEbRp72vLgx4Ahe4JZwA=
-312,320,V8wkv5mcSL16iNiNUfnjay4CaaQ=,cSnYOAzAHLUn9Cnszt9G8CgZ1Jc=
-308,320,V8wkv5mcSL16iNiNUfnjay4CaaQ=,cSnYOAzAHLUn9Cnszt9G8CgZ1Jc=
-307,320,V8wkv5mcSL16iNiNUfnjay4CaaQ=,cSnYOAzAHLUn9Cnszt9G8CgZ1Jc=
-310,320,V8wkv5mcSL16iNiNUfnjay4CaaQ=,cSnYOAzAHLUn9Cnszt9G8CgZ1Jc=
-311,320,V8wkv5mcSL16iNiNUfnjay4CaaQ=,cSnYOAzAHLUn9Cnszt9G8CgZ1Jc=
-320,320,V8wkv5mcSL16iNiNUfnjay4CaaQ=,9RWsEP3cEbRp72vLgx4Ahe4JZwA=
-305,320,V8wkv5mcSL16iNiNUfnjay4CaaQ=,cSnYOAzAHLUn9Cnszt9G8CgZ1Jc=
-309,320,V8wkv5mcSL16iNiNUfnjay4CaaQ=,cSnYOAzAHLUn9Cnszt9G8CgZ1Jc=
-306,333,V8wkv5mcSL16iNiNUfnjay4CaaQ=,zztbWeErQ091t+GKb2qqT0gQsZE=
-308,335,V8wkv5mcSL16iNiNUfnjay4CaaQ=,zztbWeErQ091t+GKb2qqT0gQsZE=
-308,327,V8wkv5mcSL16iNiNUfnjay4CaaQ=,cSnYOAzAHLUn9Cnszt9G8CgZ1Jc=
-307,327,V8wkv5mcSL16iNiNUfnjay4CaaQ=,cSnYOAzAHLUn9Cnszt9G8CgZ1Jc=
-305,333,V8wkv5mcSL16iNiNUfnjay4CaaQ=,zztbWeErQ091t+GKb2qqT0gQsZE=
-306,327,V8wkv5mcSL16iNiNUfnjay4CaaQ=,cSnYOAzAHLUn9Cnszt9G8CgZ1Jc=
-307,335,V8wkv5mcSL16iNiNUfnjay4CaaQ=,zztbWeErQ091t+GKb2qqT0gQsZE=
-306,335,V8wkv5mcSL16iNiNUfnjay4CaaQ=,zztbWeErQ091t+GKb2qqT0gQsZE=
-310,331,V8wkv5mcSL16iNiNUfnjay4CaaQ=,zztbWeErQ091t+GKb2qqT0gQsZE=
-311,328,V8wkv5mcSL16iNiNUfnjay4CaaQ=,zztbWeErQ091t+GKb2qqT0gQsZE=
-308,330,V8wkv5mcSL16iNiNUfnjay4CaaQ=,zztbWeErQ091t+GKb2qqT0gQsZE=
-308,329,V8wkv5mcSL16iNiNUfnjay4CaaQ=,zztbWeErQ091t+GKb2qqT0gQsZE=
-306,330,V8wkv5mcSL16iNiNUfnjay4CaaQ=,zztbWeErQ091t+GKb2qqT0gQsZE=
-308,328,V8wkv5mcSL16iNiNUfnjay4CaaQ=,zztbWeErQ091t+GKb2qqT0gQsZE=
-307,330,V8wkv5mcSL16iNiNUfnjay4CaaQ=,zztbWeErQ091t+GKb2qqT0gQsZE=
-305,335,V8wkv5mcSL16iNiNUfnjay4CaaQ=,zztbWeErQ091t+GKb2qqT0gQsZE=
-306,329,V8wkv5mcSL16iNiNUfnjay4CaaQ=,zztbWeErQ091t+GKb2qqT0gQsZE=
-305,329,V8wkv5mcSL16iNiNUfnjay4CaaQ=,zztbWeErQ091t+GKb2qqT0gQsZE=
-307,329,V8wkv5mcSL16iNiNUfnjay4CaaQ=,zztbWeErQ091t+GKb2qqT0gQsZE=
-305,330,V8wkv5mcSL16iNiNUfnjay4CaaQ=,zztbWeErQ091t+GKb2qqT0gQsZE=
-310,330,V8wkv5mcSL16iNiNUfnjay4CaaQ=,zztbWeErQ091t+GKb2qqT0gQsZE=
-311,330,V8wkv5mcSL16iNiNUfnjay4CaaQ=,zztbWeErQ091t+GKb2qqT0gQsZE=
-305,327,V8wkv5mcSL16iNiNUfnjay4CaaQ=,cSnYOAzAHLUn9Cnszt9G8CgZ1Jc=
-310,328,V8wkv5mcSL16iNiNUfnjay4CaaQ=,zztbWeErQ091t+GKb2qqT0gQsZE=
-307,328,V8wkv5mcSL16iNiNUfnjay4CaaQ=,zztbWeErQ091t+GKb2qqT0gQsZE=
-310,332,V8wkv5mcSL16iNiNUfnjay4CaaQ=,zztbWeErQ091t+GKb2qqT0gQsZE=
-311,331,V8wkv5mcSL16iNiNUfnjay4CaaQ=,zztbWeErQ091t+GKb2qqT0gQsZE=
-309,330,V8wkv5mcSL16iNiNUfnjay4CaaQ=,zztbWeErQ091t+GKb2qqT0gQsZE=
-309,332,V8wkv5mcSL16iNiNUfnjay4CaaQ=,zztbWeErQ091t+GKb2qqT0gQsZE=
-309,331,V8wkv5mcSL16iNiNUfnjay4CaaQ=,zztbWeErQ091t+GKb2qqT0gQsZE=
-311,333,V8wkv5mcSL16iNiNUfnjay4CaaQ=,zztbWeErQ091t+GKb2qqT0gQsZE=
-308,332,V8wkv5mcSL16iNiNUfnjay4CaaQ=,zztbWeErQ091t+GKb2qqT0gQsZE=
-310,333,V8wkv5mcSL16iNiNUfnjay4CaaQ=,zztbWeErQ091t+GKb2qqT0gQsZE=
-306,328,V8wkv5mcSL16iNiNUfnjay4CaaQ=,zztbWeErQ091t+GKb2qqT0gQsZE=
-307,334,V8wkv5mcSL16iNiNUfnjay4CaaQ=,zztbWeErQ091t+GKb2qqT0gQsZE=
-308,331,V8wkv5mcSL16iNiNUfnjay4CaaQ=,zztbWeErQ091t+GKb2qqT0gQsZE=
-310,335,V8wkv5mcSL16iNiNUfnjay4CaaQ=,zztbWeErQ091t+GKb2qqT0gQsZE=
-309,335,V8wkv5mcSL16iNiNUfnjay4CaaQ=,zztbWeErQ091t+GKb2qqT0gQsZE=
-309,333,V8wkv5mcSL16iNiNUfnjay4CaaQ=,zztbWeErQ091t+GKb2qqT0gQsZE=
-309,329,V8wkv5mcSL16iNiNUfnjay4CaaQ=,zztbWeErQ091t+GKb2qqT0gQsZE=
-307,333,V8wkv5mcSL16iNiNUfnjay4CaaQ=,zztbWeErQ091t+GKb2qqT0gQsZE=
-305,328,V8wkv5mcSL16iNiNUfnjay4CaaQ=,zztbWeErQ091t+GKb2qqT0gQsZE=
-307,331,V8wkv5mcSL16iNiNUfnjay4CaaQ=,zztbWeErQ091t+GKb2qqT0gQsZE=
-311,327,V8wkv5mcSL16iNiNUfnjay4CaaQ=,cSnYOAzAHLUn9Cnszt9G8CgZ1Jc=
-310,327,V8wkv5mcSL16iNiNUfnjay4CaaQ=,cSnYOAzAHLUn9Cnszt9G8CgZ1Jc=
-307,332,V8wkv5mcSL16iNiNUfnjay4CaaQ=,zztbWeErQ091t+GKb2qqT0gQsZE=
-309,327,V8wkv5mcSL16iNiNUfnjay4CaaQ=,cSnYOAzAHLUn9Cnszt9G8CgZ1Jc=
-306,332,V8wkv5mcSL16iNiNUfnjay4CaaQ=,zztbWeErQ091t+GKb2qqT0gQsZE=
-305,334,V8wkv5mcSL16iNiNUfnjay4CaaQ=,zztbWeErQ091t+GKb2qqT0gQsZE=
-308,334,V8wkv5mcSL16iNiNUfnjay4CaaQ=,zztbWeErQ091t+GKb2qqT0gQsZE=
-311,334,V8wkv5mcSL16iNiNUfnjay4CaaQ=,zztbWeErQ091t+GKb2qqT0gQsZE=
-311,335,V8wkv5mcSL16iNiNUfnjay4CaaQ=,zztbWeErQ091t+GKb2qqT0gQsZE=
-309,328,V8wkv5mcSL16iNiNUfnjay4CaaQ=,zztbWeErQ091t+GKb2qqT0gQsZE=
-310,329,V8wkv5mcSL16iNiNUfnjay4CaaQ=,zztbWeErQ091t+GKb2qqT0gQsZE=
-306,331,V8wkv5mcSL16iNiNUfnjay4CaaQ=,zztbWeErQ091t+GKb2qqT0gQsZE=
-305,332,V8wkv5mcSL16iNiNUfnjay4CaaQ=,zztbWeErQ091t+GKb2qqT0gQsZE=
-306,334,V8wkv5mcSL16iNiNUfnjay4CaaQ=,zztbWeErQ091t+GKb2qqT0gQsZE=
-305,331,V8wkv5mcSL16iNiNUfnjay4CaaQ=,zztbWeErQ091t+GKb2qqT0gQsZE=
-309,334,V8wkv5mcSL16iNiNUfnjay4CaaQ=,zztbWeErQ091t+GKb2qqT0gQsZE=
-311,332,V8wkv5mcSL16iNiNUfnjay4CaaQ=,zztbWeErQ091t+GKb2qqT0gQsZE=
-308,333,V8wkv5mcSL16iNiNUfnjay4CaaQ=,zztbWeErQ091t+GKb2qqT0gQsZE=
-311,329,V8wkv5mcSL16iNiNUfnjay4CaaQ=,zztbWeErQ091t+GKb2qqT0gQsZE=
-310,334,V8wkv5mcSL16iNiNUfnjay4CaaQ=,zztbWeErQ091t+GKb2qqT0gQsZE=
-319,331,V8wkv5mcSL16iNiNUfnjay4CaaQ=,nUXaIxK8v0q1GR/MEqglr5Hok4w=
-313,335,V8wkv5mcSL16iNiNUfnjay4CaaQ=,nUXaIxK8v0q1GR/MEqglr5Hok4w=
-316,331,V8wkv5mcSL16iNiNUfnjay4CaaQ=,nUXaIxK8v0q1GR/MEqglr5Hok4w=
-318,331,V8wkv5mcSL16iNiNUfnjay4CaaQ=,nUXaIxK8v0q1GR/MEqglr5Hok4w=
-317,331,V8wkv5mcSL16iNiNUfnjay4CaaQ=,nUXaIxK8v0q1GR/MEqglr5Hok4w=
-315,331,V8wkv5mcSL16iNiNUfnjay4CaaQ=,nUXaIxK8v0q1GR/MEqglr5Hok4w=
-314,331,V8wkv5mcSL16iNiNUfnjay4CaaQ=,nUXaIxK8v0q1GR/MEqglr5Hok4w=
-314,335,V8wkv5mcSL16iNiNUfnjay4CaaQ=,nUXaIxK8v0q1GR/MEqglr5Hok4w=
-316,335,V8wkv5mcSL16iNiNUfnjay4CaaQ=,nUXaIxK8v0q1GR/MEqglr5Hok4w=
-312,334,V8wkv5mcSL16iNiNUfnjay4CaaQ=,zztbWeErQ091t+GKb2qqT0gQsZE=
-313,330,V8wkv5mcSL16iNiNUfnjay4CaaQ=,nUXaIxK8v0q1GR/MEqglr5Hok4w=
-320,331,V8wkv5mcSL16iNiNUfnjay4CaaQ=,nUXaIxK8v0q1GR/MEqglr5Hok4w=
-312,335,V8wkv5mcSL16iNiNUfnjay4CaaQ=,zztbWeErQ091t+GKb2qqT0gQsZE=
-313,331,V8wkv5mcSL16iNiNUfnjay4CaaQ=,nUXaIxK8v0q1GR/MEqglr5Hok4w=
-314,330,V8wkv5mcSL16iNiNUfnjay4CaaQ=,nUXaIxK8v0q1GR/MEqglr5Hok4w=
-315,330,V8wkv5mcSL16iNiNUfnjay4CaaQ=,nUXaIxK8v0q1GR/MEqglr5Hok4w=
-316,330,V8wkv5mcSL16iNiNUfnjay4CaaQ=,nUXaIxK8v0q1GR/MEqglr5Hok4w=
-315,335,V8wkv5mcSL16iNiNUfnjay4CaaQ=,nUXaIxK8v0q1GR/MEqglr5Hok4w=
-320,332,V8wkv5mcSL16iNiNUfnjay4CaaQ=,nUXaIxK8v0q1GR/MEqglr5Hok4w=
-312,327,V8wkv5mcSL16iNiNUfnjay4CaaQ=,cSnYOAzAHLUn9Cnszt9G8CgZ1Jc=
-312,328,V8wkv5mcSL16iNiNUfnjay4CaaQ=,zztbWeErQ091t+GKb2qqT0gQsZE=
-317,335,V8wkv5mcSL16iNiNUfnjay4CaaQ=,nUXaIxK8v0q1GR/MEqglr5Hok4w=
-319,330,V8wkv5mcSL16iNiNUfnjay4CaaQ=,nUXaIxK8v0q1GR/MEqglr5Hok4w=
-312,330,V8wkv5mcSL16iNiNUfnjay4CaaQ=,zztbWeErQ091t+GKb2qqT0gQsZE=
-318,330,V8wkv5mcSL16iNiNUfnjay4CaaQ=,nUXaIxK8v0q1GR/MEqglr5Hok4w=
-318,335,V8wkv5mcSL16iNiNUfnjay4CaaQ=,nUXaIxK8v0q1GR/MEqglr5Hok4w=
-319,332,V8wkv5mcSL16iNiNUfnjay4CaaQ=,nUXaIxK8v0q1GR/MEqglr5Hok4w=
-315,329,V8wkv5mcSL16iNiNUfnjay4CaaQ=,nUXaIxK8v0q1GR/MEqglr5Hok4w=
-314,329,V8wkv5mcSL16iNiNUfnjay4CaaQ=,nUXaIxK8v0q1GR/MEqglr5Hok4w=
-320,330,V8wkv5mcSL16iNiNUfnjay4CaaQ=,nUXaIxK8v0q1GR/MEqglr5Hok4w=
-317,329,V8wkv5mcSL16iNiNUfnjay4CaaQ=,nUXaIxK8v0q1GR/MEqglr5Hok4w=
-316,329,V8wkv5mcSL16iNiNUfnjay4CaaQ=,nUXaIxK8v0q1GR/MEqglr5Hok4w=
-313,329,V8wkv5mcSL16iNiNUfnjay4CaaQ=,nUXaIxK8v0q1GR/MEqglr5Hok4w=
-312,333,V8wkv5mcSL16iNiNUfnjay4CaaQ=,zztbWeErQ091t+GKb2qqT0gQsZE=
-320,329,V8wkv5mcSL16iNiNUfnjay4CaaQ=,nUXaIxK8v0q1GR/MEqglr5Hok4w=
-320,335,V8wkv5mcSL16iNiNUfnjay4CaaQ=,nUXaIxK8v0q1GR/MEqglr5Hok4w=
-319,329,V8wkv5mcSL16iNiNUfnjay4CaaQ=,nUXaIxK8v0q1GR/MEqglr5Hok4w=
-313,328,V8wkv5mcSL16iNiNUfnjay4CaaQ=,nUXaIxK8v0q1GR/MEqglr5Hok4w=
-319,335,V8wkv5mcSL16iNiNUfnjay4CaaQ=,nUXaIxK8v0q1GR/MEqglr5Hok4w=
-313,334,V8wkv5mcSL16iNiNUfnjay4CaaQ=,nUXaIxK8v0q1GR/MEqglr5Hok4w=
-318,332,V8wkv5mcSL16iNiNUfnjay4CaaQ=,nUXaIxK8v0q1GR/MEqglr5Hok4w=
-312,332,V8wkv5mcSL16iNiNUfnjay4CaaQ=,zztbWeErQ091t+GKb2qqT0gQsZE=
-318,329,V8wkv5mcSL16iNiNUfnjay4CaaQ=,nUXaIxK8v0q1GR/MEqglr5Hok4w=
-317,332,V8wkv5mcSL16iNiNUfnjay4CaaQ=,nUXaIxK8v0q1GR/MEqglr5Hok4w=
-315,328,V8wkv5mcSL16iNiNUfnjay4CaaQ=,nUXaIxK8v0q1GR/MEqglr5Hok4w=
-314,328,V8wkv5mcSL16iNiNUfnjay4CaaQ=,nUXaIxK8v0q1GR/MEqglr5Hok4w=
-314,334,V8wkv5mcSL16iNiNUfnjay4CaaQ=,nUXaIxK8v0q1GR/MEqglr5Hok4w=
-316,328,V8wkv5mcSL16iNiNUfnjay4CaaQ=,nUXaIxK8v0q1GR/MEqglr5Hok4w=
-317,328,V8wkv5mcSL16iNiNUfnjay4CaaQ=,nUXaIxK8v0q1GR/MEqglr5Hok4w=
-312,331,V8wkv5mcSL16iNiNUfnjay4CaaQ=,zztbWeErQ091t+GKb2qqT0gQsZE=
-315,334,V8wkv5mcSL16iNiNUfnjay4CaaQ=,nUXaIxK8v0q1GR/MEqglr5Hok4w=
-317,330,V8wkv5mcSL16iNiNUfnjay4CaaQ=,nUXaIxK8v0q1GR/MEqglr5Hok4w=
-314,327,V8wkv5mcSL16iNiNUfnjay4CaaQ=,9RWsEP3cEbRp72vLgx4Ahe4JZwA=
-320,328,V8wkv5mcSL16iNiNUfnjay4CaaQ=,nUXaIxK8v0q1GR/MEqglr5Hok4w=
-319,328,V8wkv5mcSL16iNiNUfnjay4CaaQ=,nUXaIxK8v0q1GR/MEqglr5Hok4w=
-318,328,V8wkv5mcSL16iNiNUfnjay4CaaQ=,nUXaIxK8v0q1GR/MEqglr5Hok4w=
-315,327,V8wkv5mcSL16iNiNUfnjay4CaaQ=,9RWsEP3cEbRp72vLgx4Ahe4JZwA=
-318,334,V8wkv5mcSL16iNiNUfnjay4CaaQ=,nUXaIxK8v0q1GR/MEqglr5Hok4w=
-316,334,V8wkv5mcSL16iNiNUfnjay4CaaQ=,nUXaIxK8v0q1GR/MEqglr5Hok4w=
-316,332,V8wkv5mcSL16iNiNUfnjay4CaaQ=,nUXaIxK8v0q1GR/MEqglr5Hok4w=
-317,334,V8wkv5mcSL16iNiNUfnjay4CaaQ=,nUXaIxK8v0q1GR/MEqglr5Hok4w=
-313,327,V8wkv5mcSL16iNiNUfnjay4CaaQ=,9RWsEP3cEbRp72vLgx4Ahe4JZwA=
-320,334,V8wkv5mcSL16iNiNUfnjay4CaaQ=,nUXaIxK8v0q1GR/MEqglr5Hok4w=
-312,329,V8wkv5mcSL16iNiNUfnjay4CaaQ=,zztbWeErQ091t+GKb2qqT0gQsZE=
-316,327,V8wkv5mcSL16iNiNUfnjay4CaaQ=,9RWsEP3cEbRp72vLgx4Ahe4JZwA=
-315,332,V8wkv5mcSL16iNiNUfnjay4CaaQ=,nUXaIxK8v0q1GR/MEqglr5Hok4w=
-317,327,V8wkv5mcSL16iNiNUfnjay4CaaQ=,9RWsEP3cEbRp72vLgx4Ahe4JZwA=
-318,327,V8wkv5mcSL16iNiNUfnjay4CaaQ=,9RWsEP3cEbRp72vLgx4Ahe4JZwA=
-313,333,V8wkv5mcSL16iNiNUfnjay4CaaQ=,nUXaIxK8v0q1GR/MEqglr5Hok4w=
-319,334,V8wkv5mcSL16iNiNUfnjay4CaaQ=,nUXaIxK8v0q1GR/MEqglr5Hok4w=
-314,332,V8wkv5mcSL16iNiNUfnjay4CaaQ=,nUXaIxK8v0q1GR/MEqglr5Hok4w=
-319,327,V8wkv5mcSL16iNiNUfnjay4CaaQ=,9RWsEP3cEbRp72vLgx4Ahe4JZwA=
-314,333,V8wkv5mcSL16iNiNUfnjay4CaaQ=,nUXaIxK8v0q1GR/MEqglr5Hok4w=
-316,333,V8wkv5mcSL16iNiNUfnjay4CaaQ=,nUXaIxK8v0q1GR/MEqglr5Hok4w=
-315,333,V8wkv5mcSL16iNiNUfnjay4CaaQ=,nUXaIxK8v0q1GR/MEqglr5Hok4w=
-317,333,V8wkv5mcSL16iNiNUfnjay4CaaQ=,nUXaIxK8v0q1GR/MEqglr5Hok4w=
-320,327,V8wkv5mcSL16iNiNUfnjay4CaaQ=,9RWsEP3cEbRp72vLgx4Ahe4JZwA=
-313,332,V8wkv5mcSL16iNiNUfnjay4CaaQ=,nUXaIxK8v0q1GR/MEqglr5Hok4w=
-318,333,V8wkv5mcSL16iNiNUfnjay4CaaQ=,nUXaIxK8v0q1GR/MEqglr5Hok4w=
-320,333,V8wkv5mcSL16iNiNUfnjay4CaaQ=,nUXaIxK8v0q1GR/MEqglr5Hok4w=
-319,333,V8wkv5mcSL16iNiNUfnjay4CaaQ=,nUXaIxK8v0q1GR/MEqglr5Hok4w=
-308,342,6fEcXzV9FKhuITtMhw/i2Uq5K34=,hsXDpgdkp9swbdcW4pcjoGiuV2g=
-307,342,6fEcXzV9FKhuITtMhw/i2Uq5K34=,hsXDpgdkp9swbdcW4pcjoGiuV2g=
-306,342,6fEcXzV9FKhuITtMhw/i2Uq5K34=,hsXDpgdkp9swbdcW4pcjoGiuV2g=
-309,342,6fEcXzV9FKhuITtMhw/i2Uq5K34=,hsXDpgdkp9swbdcW4pcjoGiuV2g=
-310,342,6fEcXzV9FKhuITtMhw/i2Uq5K34=,hsXDpgdkp9swbdcW4pcjoGiuV2g=
-306,341,6fEcXzV9FKhuITtMhw/i2Uq5K34=,hsXDpgdkp9swbdcW4pcjoGiuV2g=
-311,342,6fEcXzV9FKhuITtMhw/i2Uq5K34=,hsXDpgdkp9swbdcW4pcjoGiuV2g=
-308,341,6fEcXzV9FKhuITtMhw/i2Uq5K34=,hsXDpgdkp9swbdcW4pcjoGiuV2g=
-311,337,6fEcXzV9FKhuITtMhw/i2Uq5K34=,hsXDpgdkp9swbdcW4pcjoGiuV2g=
-307,341,6fEcXzV9FKhuITtMhw/i2Uq5K34=,hsXDpgdkp9swbdcW4pcjoGiuV2g=
-309,341,6fEcXzV9FKhuITtMhw/i2Uq5K34=,hsXDpgdkp9swbdcW4pcjoGiuV2g=
-311,341,6fEcXzV9FKhuITtMhw/i2Uq5K34=,hsXDpgdkp9swbdcW4pcjoGiuV2g=
-310,341,6fEcXzV9FKhuITtMhw/i2Uq5K34=,hsXDpgdkp9swbdcW4pcjoGiuV2g=
-306,340,6fEcXzV9FKhuITtMhw/i2Uq5K34=,hsXDpgdkp9swbdcW4pcjoGiuV2g=
-307,340,6fEcXzV9FKhuITtMhw/i2Uq5K34=,hsXDpgdkp9swbdcW4pcjoGiuV2g=
-309,340,6fEcXzV9FKhuITtMhw/i2Uq5K34=,hsXDpgdkp9swbdcW4pcjoGiuV2g=
-308,340,6fEcXzV9FKhuITtMhw/i2Uq5K34=,hsXDpgdkp9swbdcW4pcjoGiuV2g=
-310,340,6fEcXzV9FKhuITtMhw/i2Uq5K34=,hsXDpgdkp9swbdcW4pcjoGiuV2g=
-307,339,6fEcXzV9FKhuITtMhw/i2Uq5K34=,hsXDpgdkp9swbdcW4pcjoGiuV2g=
-306,339,6fEcXzV9FKhuITtMhw/i2Uq5K34=,hsXDpgdkp9swbdcW4pcjoGiuV2g=
-310,337,6fEcXzV9FKhuITtMhw/i2Uq5K34=,hsXDpgdkp9swbdcW4pcjoGiuV2g=
-311,340,6fEcXzV9FKhuITtMhw/i2Uq5K34=,hsXDpgdkp9swbdcW4pcjoGiuV2g=
-311,339,6fEcXzV9FKhuITtMhw/i2Uq5K34=,hsXDpgdkp9swbdcW4pcjoGiuV2g=
-310,339,6fEcXzV9FKhuITtMhw/i2Uq5K34=,hsXDpgdkp9swbdcW4pcjoGiuV2g=
-308,339,6fEcXzV9FKhuITtMhw/i2Uq5K34=,hsXDpgdkp9swbdcW4pcjoGiuV2g=
-306,338,6fEcXzV9FKhuITtMhw/i2Uq5K34=,hsXDpgdkp9swbdcW4pcjoGiuV2g=
-309,339,6fEcXzV9FKhuITtMhw/i2Uq5K34=,hsXDpgdkp9swbdcW4pcjoGiuV2g=
-309,337,6fEcXzV9FKhuITtMhw/i2Uq5K34=,hsXDpgdkp9swbdcW4pcjoGiuV2g=
-309,338,6fEcXzV9FKhuITtMhw/i2Uq5K34=,hsXDpgdkp9swbdcW4pcjoGiuV2g=
-307,338,6fEcXzV9FKhuITtMhw/i2Uq5K34=,hsXDpgdkp9swbdcW4pcjoGiuV2g=
-310,338,6fEcXzV9FKhuITtMhw/i2Uq5K34=,hsXDpgdkp9swbdcW4pcjoGiuV2g=
-308,338,6fEcXzV9FKhuITtMhw/i2Uq5K34=,hsXDpgdkp9swbdcW4pcjoGiuV2g=
-306,337,6fEcXzV9FKhuITtMhw/i2Uq5K34=,hsXDpgdkp9swbdcW4pcjoGiuV2g=
-307,337,6fEcXzV9FKhuITtMhw/i2Uq5K34=,hsXDpgdkp9swbdcW4pcjoGiuV2g=
-311,338,6fEcXzV9FKhuITtMhw/i2Uq5K34=,hsXDpgdkp9swbdcW4pcjoGiuV2g=
-308,337,6fEcXzV9FKhuITtMhw/i2Uq5K34=,hsXDpgdkp9swbdcW4pcjoGiuV2g=
-308,343,6fEcXzV9FKhuITtMhw/i2Uq5K34=,hsXDpgdkp9swbdcW4pcjoGiuV2g=
-306,349,6fEcXzV9FKhuITtMhw/i2Uq5K34=,2mHnbICeqcAMauEhaM67FjhpMkA=
-307,343,6fEcXzV9FKhuITtMhw/i2Uq5K34=,hsXDpgdkp9swbdcW4pcjoGiuV2g=
-308,351,6fEcXzV9FKhuITtMhw/i2Uq5K34=,2mHnbICeqcAMauEhaM67FjhpMkA=
-305,349,6fEcXzV9FKhuITtMhw/i2Uq5K34=,2mHnbICeqcAMauEhaM67FjhpMkA=
-309,351,6fEcXzV9FKhuITtMhw/i2Uq5K34=,2mHnbICeqcAMauEhaM67FjhpMkA=
-307,350,6fEcXzV9FKhuITtMhw/i2Uq5K34=,2mHnbICeqcAMauEhaM67FjhpMkA=
-310,351,6fEcXzV9FKhuITtMhw/i2Uq5K34=,2mHnbICeqcAMauEhaM67FjhpMkA=
-306,343,6fEcXzV9FKhuITtMhw/i2Uq5K34=,hsXDpgdkp9swbdcW4pcjoGiuV2g=
-309,343,6fEcXzV9FKhuITtMhw/i2Uq5K34=,hsXDpgdkp9swbdcW4pcjoGiuV2g=
-307,349,6fEcXzV9FKhuITtMhw/i2Uq5K34=,2mHnbICeqcAMauEhaM67FjhpMkA=
-310,343,6fEcXzV9FKhuITtMhw/i2Uq5K34=,hsXDpgdkp9swbdcW4pcjoGiuV2g=
-311,343,6fEcXzV9FKhuITtMhw/i2Uq5K34=,hsXDpgdkp9swbdcW4pcjoGiuV2g=
-307,351,6fEcXzV9FKhuITtMhw/i2Uq5K34=,2mHnbICeqcAMauEhaM67FjhpMkA=
-308,350,6fEcXzV9FKhuITtMhw/i2Uq5K34=,2mHnbICeqcAMauEhaM67FjhpMkA=
-306,351,6fEcXzV9FKhuITtMhw/i2Uq5K34=,2mHnbICeqcAMauEhaM67FjhpMkA=
-311,351,6fEcXzV9FKhuITtMhw/i2Uq5K34=,2mHnbICeqcAMauEhaM67FjhpMkA=
-305,350,6fEcXzV9FKhuITtMhw/i2Uq5K34=,2mHnbICeqcAMauEhaM67FjhpMkA=
-309,345,6fEcXzV9FKhuITtMhw/i2Uq5K34=,2mHnbICeqcAMauEhaM67FjhpMkA=
-306,350,6fEcXzV9FKhuITtMhw/i2Uq5K34=,2mHnbICeqcAMauEhaM67FjhpMkA=
-309,344,6fEcXzV9FKhuITtMhw/i2Uq5K34=,2mHnbICeqcAMauEhaM67FjhpMkA=
-306,348,6fEcXzV9FKhuITtMhw/i2Uq5K34=,2mHnbICeqcAMauEhaM67FjhpMkA=
-305,348,6fEcXzV9FKhuITtMhw/i2Uq5K34=,2mHnbICeqcAMauEhaM67FjhpMkA=
-308,345,6fEcXzV9FKhuITtMhw/i2Uq5K34=,2mHnbICeqcAMauEhaM67FjhpMkA=
-309,350,6fEcXzV9FKhuITtMhw/i2Uq5K34=,2mHnbICeqcAMauEhaM67FjhpMkA=
-311,348,6fEcXzV9FKhuITtMhw/i2Uq5K34=,2mHnbICeqcAMauEhaM67FjhpMkA=
-310,350,6fEcXzV9FKhuITtMhw/i2Uq5K34=,2mHnbICeqcAMauEhaM67FjhpMkA=
-310,345,6fEcXzV9FKhuITtMhw/i2Uq5K34=,2mHnbICeqcAMauEhaM67FjhpMkA=
-308,346,6fEcXzV9FKhuITtMhw/i2Uq5K34=,2mHnbICeqcAMauEhaM67FjhpMkA=
-308,349,6fEcXzV9FKhuITtMhw/i2Uq5K34=,2mHnbICeqcAMauEhaM67FjhpMkA=
-311,345,6fEcXzV9FKhuITtMhw/i2Uq5K34=,2mHnbICeqcAMauEhaM67FjhpMkA=
-311,350,6fEcXzV9FKhuITtMhw/i2Uq5K34=,2mHnbICeqcAMauEhaM67FjhpMkA=
-307,348,6fEcXzV9FKhuITtMhw/i2Uq5K34=,2mHnbICeqcAMauEhaM67FjhpMkA=
-306,344,6fEcXzV9FKhuITtMhw/i2Uq5K34=,2mHnbICeqcAMauEhaM67FjhpMkA=
-309,348,6fEcXzV9FKhuITtMhw/i2Uq5K34=,2mHnbICeqcAMauEhaM67FjhpMkA=
-305,347,6fEcXzV9FKhuITtMhw/i2Uq5K34=,2mHnbICeqcAMauEhaM67FjhpMkA=
-310,347,6fEcXzV9FKhuITtMhw/i2Uq5K34=,2mHnbICeqcAMauEhaM67FjhpMkA=
-309,349,6fEcXzV9FKhuITtMhw/i2Uq5K34=,2mHnbICeqcAMauEhaM67FjhpMkA=
-310,348,6fEcXzV9FKhuITtMhw/i2Uq5K34=,2mHnbICeqcAMauEhaM67FjhpMkA=
-308,348,6fEcXzV9FKhuITtMhw/i2Uq5K34=,2mHnbICeqcAMauEhaM67FjhpMkA=
-310,344,6fEcXzV9FKhuITtMhw/i2Uq5K34=,2mHnbICeqcAMauEhaM67FjhpMkA=
-310,349,6fEcXzV9FKhuITtMhw/i2Uq5K34=,2mHnbICeqcAMauEhaM67FjhpMkA=
-306,347,6fEcXzV9FKhuITtMhw/i2Uq5K34=,2mHnbICeqcAMauEhaM67FjhpMkA=
-311,347,6fEcXzV9FKhuITtMhw/i2Uq5K34=,2mHnbICeqcAMauEhaM67FjhpMkA=
-311,349,6fEcXzV9FKhuITtMhw/i2Uq5K34=,2mHnbICeqcAMauEhaM67FjhpMkA=
-311,344,6fEcXzV9FKhuITtMhw/i2Uq5K34=,2mHnbICeqcAMauEhaM67FjhpMkA=
-307,344,6fEcXzV9FKhuITtMhw/i2Uq5K34=,2mHnbICeqcAMauEhaM67FjhpMkA=
-309,346,6fEcXzV9FKhuITtMhw/i2Uq5K34=,2mHnbICeqcAMauEhaM67FjhpMkA=
-310,346,6fEcXzV9FKhuITtMhw/i2Uq5K34=,2mHnbICeqcAMauEhaM67FjhpMkA=
-307,347,6fEcXzV9FKhuITtMhw/i2Uq5K34=,2mHnbICeqcAMauEhaM67FjhpMkA=
-305,346,6fEcXzV9FKhuITtMhw/i2Uq5K34=,2mHnbICeqcAMauEhaM67FjhpMkA=
-311,346,6fEcXzV9FKhuITtMhw/i2Uq5K34=,2mHnbICeqcAMauEhaM67FjhpMkA=
-309,347,6fEcXzV9FKhuITtMhw/i2Uq5K34=,2mHnbICeqcAMauEhaM67FjhpMkA=
-306,346,6fEcXzV9FKhuITtMhw/i2Uq5K34=,2mHnbICeqcAMauEhaM67FjhpMkA=
-305,345,6fEcXzV9FKhuITtMhw/i2Uq5K34=,2mHnbICeqcAMauEhaM67FjhpMkA=
-308,347,6fEcXzV9FKhuITtMhw/i2Uq5K34=,2mHnbICeqcAMauEhaM67FjhpMkA=
-308,344,6fEcXzV9FKhuITtMhw/i2Uq5K34=,2mHnbICeqcAMauEhaM67FjhpMkA=
-307,345,6fEcXzV9FKhuITtMhw/i2Uq5K34=,2mHnbICeqcAMauEhaM67FjhpMkA=
-306,345,6fEcXzV9FKhuITtMhw/i2Uq5K34=,2mHnbICeqcAMauEhaM67FjhpMkA=
-307,346,6fEcXzV9FKhuITtMhw/i2Uq5K34=,2mHnbICeqcAMauEhaM67FjhpMkA=
-307,336,6fEcXzV9FKhuITtMhw/i2Uq5K34=,hsXDpgdkp9swbdcW4pcjoGiuV2g=
-311,336,6fEcXzV9FKhuITtMhw/i2Uq5K34=,hsXDpgdkp9swbdcW4pcjoGiuV2g=
-306,336,6fEcXzV9FKhuITtMhw/i2Uq5K34=,hsXDpgdkp9swbdcW4pcjoGiuV2g=
-308,336,6fEcXzV9FKhuITtMhw/i2Uq5K34=,hsXDpgdkp9swbdcW4pcjoGiuV2g=
-310,336,6fEcXzV9FKhuITtMhw/i2Uq5K34=,hsXDpgdkp9swbdcW4pcjoGiuV2g=
-309,336,6fEcXzV9FKhuITtMhw/i2Uq5K34=,hsXDpgdkp9swbdcW4pcjoGiuV2g=
-305,342,6fEcXzV9FKhuITtMhw/i2Uq5K34=,hsXDpgdkp9swbdcW4pcjoGiuV2g=
-305,343,6fEcXzV9FKhuITtMhw/i2Uq5K34=,hsXDpgdkp9swbdcW4pcjoGiuV2g=
-305,344,6fEcXzV9FKhuITtMhw/i2Uq5K34=,2mHnbICeqcAMauEhaM67FjhpMkA=
-305,341,6fEcXzV9FKhuITtMhw/i2Uq5K34=,hsXDpgdkp9swbdcW4pcjoGiuV2g=
-305,340,6fEcXzV9FKhuITtMhw/i2Uq5K34=,hsXDpgdkp9swbdcW4pcjoGiuV2g=
-305,339,6fEcXzV9FKhuITtMhw/i2Uq5K34=,hsXDpgdkp9swbdcW4pcjoGiuV2g=
-305,338,6fEcXzV9FKhuITtMhw/i2Uq5K34=,hsXDpgdkp9swbdcW4pcjoGiuV2g=
-305,337,6fEcXzV9FKhuITtMhw/i2Uq5K34=,hsXDpgdkp9swbdcW4pcjoGiuV2g=
-305,336,6fEcXzV9FKhuITtMhw/i2Uq5K34=,hsXDpgdkp9swbdcW4pcjoGiuV2g=
-305,351,6fEcXzV9FKhuITtMhw/i2Uq5K34=,2mHnbICeqcAMauEhaM67FjhpMkA=
-319,341,6fEcXzV9FKhuITtMhw/i2Uq5K34=,fcxkzj5xGt9BbBS10NRlNRE7tRQ=
-318,341,6fEcXzV9FKhuITtMhw/i2Uq5K34=,fcxkzj5xGt9BbBS10NRlNRE7tRQ=
-313,340,6fEcXzV9FKhuITtMhw/i2Uq5K34=,fcxkzj5xGt9BbBS10NRlNRE7tRQ=
-314,340,6fEcXzV9FKhuITtMhw/i2Uq5K34=,fcxkzj5xGt9BbBS10NRlNRE7tRQ=
-316,341,6fEcXzV9FKhuITtMhw/i2Uq5K34=,fcxkzj5xGt9BbBS10NRlNRE7tRQ=
-320,341,6fEcXzV9FKhuITtMhw/i2Uq5K34=,fcxkzj5xGt9BbBS10NRlNRE7tRQ=
-315,341,6fEcXzV9FKhuITtMhw/i2Uq5K34=,fcxkzj5xGt9BbBS10NRlNRE7tRQ=
-316,340,6fEcXzV9FKhuITtMhw/i2Uq5K34=,fcxkzj5xGt9BbBS10NRlNRE7tRQ=
-315,340,6fEcXzV9FKhuITtMhw/i2Uq5K34=,fcxkzj5xGt9BbBS10NRlNRE7tRQ=
-312,342,6fEcXzV9FKhuITtMhw/i2Uq5K34=,hsXDpgdkp9swbdcW4pcjoGiuV2g=
-312,341,6fEcXzV9FKhuITtMhw/i2Uq5K34=,hsXDpgdkp9swbdcW4pcjoGiuV2g=
-318,340,6fEcXzV9FKhuITtMhw/i2Uq5K34=,fcxkzj5xGt9BbBS10NRlNRE7tRQ=
-317,340,6fEcXzV9FKhuITtMhw/i2Uq5K34=,fcxkzj5xGt9BbBS10NRlNRE7tRQ=
-313,339,6fEcXzV9FKhuITtMhw/i2Uq5K34=,fcxkzj5xGt9BbBS10NRlNRE7tRQ=
-314,339,6fEcXzV9FKhuITtMhw/i2Uq5K34=,fcxkzj5xGt9BbBS10NRlNRE7tRQ=
-319,340,6fEcXzV9FKhuITtMhw/i2Uq5K34=,fcxkzj5xGt9BbBS10NRlNRE7tRQ=
-320,340,6fEcXzV9FKhuITtMhw/i2Uq5K34=,fcxkzj5xGt9BbBS10NRlNRE7tRQ=
-315,339,6fEcXzV9FKhuITtMhw/i2Uq5K34=,fcxkzj5xGt9BbBS10NRlNRE7tRQ=
-314,341,6fEcXzV9FKhuITtMhw/i2Uq5K34=,fcxkzj5xGt9BbBS10NRlNRE7tRQ=
-316,339,6fEcXzV9FKhuITtMhw/i2Uq5K34=,fcxkzj5xGt9BbBS10NRlNRE7tRQ=
-317,341,6fEcXzV9FKhuITtMhw/i2Uq5K34=,fcxkzj5xGt9BbBS10NRlNRE7tRQ=
-312,340,6fEcXzV9FKhuITtMhw/i2Uq5K34=,hsXDpgdkp9swbdcW4pcjoGiuV2g=
-313,341,6fEcXzV9FKhuITtMhw/i2Uq5K34=,fcxkzj5xGt9BbBS10NRlNRE7tRQ=
-317,339,6fEcXzV9FKhuITtMhw/i2Uq5K34=,fcxkzj5xGt9BbBS10NRlNRE7tRQ=
-318,339,6fEcXzV9FKhuITtMhw/i2Uq5K34=,fcxkzj5xGt9BbBS10NRlNRE7tRQ=
-319,339,6fEcXzV9FKhuITtMhw/i2Uq5K34=,fcxkzj5xGt9BbBS10NRlNRE7tRQ=
-313,338,6fEcXzV9FKhuITtMhw/i2Uq5K34=,fcxkzj5xGt9BbBS10NRlNRE7tRQ=
-320,339,6fEcXzV9FKhuITtMhw/i2Uq5K34=,fcxkzj5xGt9BbBS10NRlNRE7tRQ=
-320,342,6fEcXzV9FKhuITtMhw/i2Uq5K34=,fcxkzj5xGt9BbBS10NRlNRE7tRQ=
-316,338,6fEcXzV9FKhuITtMhw/i2Uq5K34=,fcxkzj5xGt9BbBS10NRlNRE7tRQ=
-314,338,6fEcXzV9FKhuITtMhw/i2Uq5K34=,fcxkzj5xGt9BbBS10NRlNRE7tRQ=
-312,339,6fEcXzV9FKhuITtMhw/i2Uq5K34=,hsXDpgdkp9swbdcW4pcjoGiuV2g=
-319,342,6fEcXzV9FKhuITtMhw/i2Uq5K34=,fcxkzj5xGt9BbBS10NRlNRE7tRQ=
-319,338,6fEcXzV9FKhuITtMhw/i2Uq5K34=,fcxkzj5xGt9BbBS10NRlNRE7tRQ=
-317,338,6fEcXzV9FKhuITtMhw/i2Uq5K34=,fcxkzj5xGt9BbBS10NRlNRE7tRQ=
-313,337,6fEcXzV9FKhuITtMhw/i2Uq5K34=,fcxkzj5xGt9BbBS10NRlNRE7tRQ=
-314,337,6fEcXzV9FKhuITtMhw/i2Uq5K34=,fcxkzj5xGt9BbBS10NRlNRE7tRQ=
-318,342,6fEcXzV9FKhuITtMhw/i2Uq5K34=,fcxkzj5xGt9BbBS10NRlNRE7tRQ=
-320,338,6fEcXzV9FKhuITtMhw/i2Uq5K34=,fcxkzj5xGt9BbBS10NRlNRE7tRQ=
-316,337,6fEcXzV9FKhuITtMhw/i2Uq5K34=,fcxkzj5xGt9BbBS10NRlNRE7tRQ=
-315,338,6fEcXzV9FKhuITtMhw/i2Uq5K34=,fcxkzj5xGt9BbBS10NRlNRE7tRQ=
-315,337,6fEcXzV9FKhuITtMhw/i2Uq5K34=,fcxkzj5xGt9BbBS10NRlNRE7tRQ=
-317,337,6fEcXzV9FKhuITtMhw/i2Uq5K34=,fcxkzj5xGt9BbBS10NRlNRE7tRQ=
-312,338,6fEcXzV9FKhuITtMhw/i2Uq5K34=,hsXDpgdkp9swbdcW4pcjoGiuV2g=
-318,338,6fEcXzV9FKhuITtMhw/i2Uq5K34=,fcxkzj5xGt9BbBS10NRlNRE7tRQ=
-319,337,6fEcXzV9FKhuITtMhw/i2Uq5K34=,fcxkzj5xGt9BbBS10NRlNRE7tRQ=
-317,342,6fEcXzV9FKhuITtMhw/i2Uq5K34=,fcxkzj5xGt9BbBS10NRlNRE7tRQ=
-318,337,6fEcXzV9FKhuITtMhw/i2Uq5K34=,fcxkzj5xGt9BbBS10NRlNRE7tRQ=
-316,342,6fEcXzV9FKhuITtMhw/i2Uq5K34=,fcxkzj5xGt9BbBS10NRlNRE7tRQ=
-320,337,6fEcXzV9FKhuITtMhw/i2Uq5K34=,fcxkzj5xGt9BbBS10NRlNRE7tRQ=
-316,336,6fEcXzV9FKhuITtMhw/i2Uq5K34=,fcxkzj5xGt9BbBS10NRlNRE7tRQ=
-313,336,6fEcXzV9FKhuITtMhw/i2Uq5K34=,fcxkzj5xGt9BbBS10NRlNRE7tRQ=
-314,336,6fEcXzV9FKhuITtMhw/i2Uq5K34=,fcxkzj5xGt9BbBS10NRlNRE7tRQ=
-312,337,6fEcXzV9FKhuITtMhw/i2Uq5K34=,hsXDpgdkp9swbdcW4pcjoGiuV2g=
-317,336,6fEcXzV9FKhuITtMhw/i2Uq5K34=,fcxkzj5xGt9BbBS10NRlNRE7tRQ=
-318,336,6fEcXzV9FKhuITtMhw/i2Uq5K34=,fcxkzj5xGt9BbBS10NRlNRE7tRQ=
-315,342,6fEcXzV9FKhuITtMhw/i2Uq5K34=,fcxkzj5xGt9BbBS10NRlNRE7tRQ=
-319,336,6fEcXzV9FKhuITtMhw/i2Uq5K34=,fcxkzj5xGt9BbBS10NRlNRE7tRQ=
-320,336,6fEcXzV9FKhuITtMhw/i2Uq5K34=,fcxkzj5xGt9BbBS10NRlNRE7tRQ=
-315,336,6fEcXzV9FKhuITtMhw/i2Uq5K34=,fcxkzj5xGt9BbBS10NRlNRE7tRQ=
-313,342,6fEcXzV9FKhuITtMhw/i2Uq5K34=,fcxkzj5xGt9BbBS10NRlNRE7tRQ=
-317,347,6fEcXzV9FKhuITtMhw/i2Uq5K34=,aEj2LKLKclk8eOD93xoIYoKNOb8=
-312,336,6fEcXzV9FKhuITtMhw/i2Uq5K34=,hsXDpgdkp9swbdcW4pcjoGiuV2g=
-313,351,6fEcXzV9FKhuITtMhw/i2Uq5K34=,aEj2LKLKclk8eOD93xoIYoKNOb8=
-316,347,6fEcXzV9FKhuITtMhw/i2Uq5K34=,aEj2LKLKclk8eOD93xoIYoKNOb8=
-318,347,6fEcXzV9FKhuITtMhw/i2Uq5K34=,aEj2LKLKclk8eOD93xoIYoKNOb8=
-315,347,6fEcXzV9FKhuITtMhw/i2Uq5K34=,aEj2LKLKclk8eOD93xoIYoKNOb8=
-314,351,6fEcXzV9FKhuITtMhw/i2Uq5K34=,aEj2LKLKclk8eOD93xoIYoKNOb8=
-312,343,6fEcXzV9FKhuITtMhw/i2Uq5K34=,hsXDpgdkp9swbdcW4pcjoGiuV2g=
-312,350,6fEcXzV9FKhuITtMhw/i2Uq5K34=,2mHnbICeqcAMauEhaM67FjhpMkA=
-314,342,6fEcXzV9FKhuITtMhw/i2Uq5K34=,fcxkzj5xGt9BbBS10NRlNRE7tRQ=
-319,347,6fEcXzV9FKhuITtMhw/i2Uq5K34=,aEj2LKLKclk8eOD93xoIYoKNOb8=
-312,344,6fEcXzV9FKhuITtMhw/i2Uq5K34=,2mHnbICeqcAMauEhaM67FjhpMkA=
-320,347,6fEcXzV9FKhuITtMhw/i2Uq5K34=,aEj2LKLKclk8eOD93xoIYoKNOb8=
-312,351,6fEcXzV9FKhuITtMhw/i2Uq5K34=,2mHnbICeqcAMauEhaM67FjhpMkA=
-316,351,6fEcXzV9FKhuITtMhw/i2Uq5K34=,aEj2LKLKclk8eOD93xoIYoKNOb8=
-314,347,6fEcXzV9FKhuITtMhw/i2Uq5K34=,aEj2LKLKclk8eOD93xoIYoKNOb8=
-317,351,6fEcXzV9FKhuITtMhw/i2Uq5K34=,aEj2LKLKclk8eOD93xoIYoKNOb8=
-314,346,6fEcXzV9FKhuITtMhw/i2Uq5K34=,aEj2LKLKclk8eOD93xoIYoKNOb8=
-313,346,6fEcXzV9FKhuITtMhw/i2Uq5K34=,aEj2LKLKclk8eOD93xoIYoKNOb8=
-312,346,6fEcXzV9FKhuITtMhw/i2Uq5K34=,2mHnbICeqcAMauEhaM67FjhpMkA=
-315,351,6fEcXzV9FKhuITtMhw/i2Uq5K34=,aEj2LKLKclk8eOD93xoIYoKNOb8=
-313,347,6fEcXzV9FKhuITtMhw/i2Uq5K34=,aEj2LKLKclk8eOD93xoIYoKNOb8=
-319,351,6fEcXzV9FKhuITtMhw/i2Uq5K34=,aEj2LKLKclk8eOD93xoIYoKNOb8=
-320,351,6fEcXzV9FKhuITtMhw/i2Uq5K34=,aEj2LKLKclk8eOD93xoIYoKNOb8=
-312,349,6fEcXzV9FKhuITtMhw/i2Uq5K34=,2mHnbICeqcAMauEhaM67FjhpMkA=
-315,346,6fEcXzV9FKhuITtMhw/i2Uq5K34=,aEj2LKLKclk8eOD93xoIYoKNOb8=
-318,351,6fEcXzV9FKhuITtMhw/i2Uq5K34=,aEj2LKLKclk8eOD93xoIYoKNOb8=
-316,346,6fEcXzV9FKhuITtMhw/i2Uq5K34=,aEj2LKLKclk8eOD93xoIYoKNOb8=
-317,346,6fEcXzV9FKhuITtMhw/i2Uq5K34=,aEj2LKLKclk8eOD93xoIYoKNOb8=
-320,348,6fEcXzV9FKhuITtMhw/i2Uq5K34=,aEj2LKLKclk8eOD93xoIYoKNOb8=
-314,350,6fEcXzV9FKhuITtMhw/i2Uq5K34=,aEj2LKLKclk8eOD93xoIYoKNOb8=
-315,350,6fEcXzV9FKhuITtMhw/i2Uq5K34=,aEj2LKLKclk8eOD93xoIYoKNOb8=
-316,350,6fEcXzV9FKhuITtMhw/i2Uq5K34=,aEj2LKLKclk8eOD93xoIYoKNOb8=
-313,350,6fEcXzV9FKhuITtMhw/i2Uq5K34=,aEj2LKLKclk8eOD93xoIYoKNOb8=
-318,350,6fEcXzV9FKhuITtMhw/i2Uq5K34=,aEj2LKLKclk8eOD93xoIYoKNOb8=
-317,350,6fEcXzV9FKhuITtMhw/i2Uq5K34=,aEj2LKLKclk8eOD93xoIYoKNOb8=
-318,346,6fEcXzV9FKhuITtMhw/i2Uq5K34=,aEj2LKLKclk8eOD93xoIYoKNOb8=
-319,350,6fEcXzV9FKhuITtMhw/i2Uq5K34=,aEj2LKLKclk8eOD93xoIYoKNOb8=
-320,350,6fEcXzV9FKhuITtMhw/i2Uq5K34=,aEj2LKLKclk8eOD93xoIYoKNOb8=
-313,349,6fEcXzV9FKhuITtMhw/i2Uq5K34=,aEj2LKLKclk8eOD93xoIYoKNOb8=
-314,349,6fEcXzV9FKhuITtMhw/i2Uq5K34=,aEj2LKLKclk8eOD93xoIYoKNOb8=
-319,346,6fEcXzV9FKhuITtMhw/i2Uq5K34=,aEj2LKLKclk8eOD93xoIYoKNOb8=
-319,348,6fEcXzV9FKhuITtMhw/i2Uq5K34=,aEj2LKLKclk8eOD93xoIYoKNOb8=
-320,346,6fEcXzV9FKhuITtMhw/i2Uq5K34=,aEj2LKLKclk8eOD93xoIYoKNOb8=
-315,349,6fEcXzV9FKhuITtMhw/i2Uq5K34=,aEj2LKLKclk8eOD93xoIYoKNOb8=
-313,345,6fEcXzV9FKhuITtMhw/i2Uq5K34=,aEj2LKLKclk8eOD93xoIYoKNOb8=
-312,348,6fEcXzV9FKhuITtMhw/i2Uq5K34=,2mHnbICeqcAMauEhaM67FjhpMkA=
-318,348,6fEcXzV9FKhuITtMhw/i2Uq5K34=,aEj2LKLKclk8eOD93xoIYoKNOb8=
-314,345,6fEcXzV9FKhuITtMhw/i2Uq5K34=,aEj2LKLKclk8eOD93xoIYoKNOb8=
-315,345,6fEcXzV9FKhuITtMhw/i2Uq5K34=,aEj2LKLKclk8eOD93xoIYoKNOb8=
-312,345,6fEcXzV9FKhuITtMhw/i2Uq5K34=,2mHnbICeqcAMauEhaM67FjhpMkA=
-320,343,6fEcXzV9FKhuITtMhw/i2Uq5K34=,fcxkzj5xGt9BbBS10NRlNRE7tRQ=
-318,345,6fEcXzV9FKhuITtMhw/i2Uq5K34=,aEj2LKLKclk8eOD93xoIYoKNOb8=
-319,345,6fEcXzV9FKhuITtMhw/i2Uq5K34=,aEj2LKLKclk8eOD93xoIYoKNOb8=
-318,349,6fEcXzV9FKhuITtMhw/i2Uq5K34=,aEj2LKLKclk8eOD93xoIYoKNOb8=
-316,349,6fEcXzV9FKhuITtMhw/i2Uq5K34=,aEj2LKLKclk8eOD93xoIYoKNOb8=
-317,349,6fEcXzV9FKhuITtMhw/i2Uq5K34=,aEj2LKLKclk8eOD93xoIYoKNOb8=
-319,343,6fEcXzV9FKhuITtMhw/i2Uq5K34=,fcxkzj5xGt9BbBS10NRlNRE7tRQ=
-313,344,6fEcXzV9FKhuITtMhw/i2Uq5K34=,aEj2LKLKclk8eOD93xoIYoKNOb8=
-320,349,6fEcXzV9FKhuITtMhw/i2Uq5K34=,aEj2LKLKclk8eOD93xoIYoKNOb8=
-319,349,6fEcXzV9FKhuITtMhw/i2Uq5K34=,aEj2LKLKclk8eOD93xoIYoKNOb8=
-313,348,6fEcXzV9FKhuITtMhw/i2Uq5K34=,aEj2LKLKclk8eOD93xoIYoKNOb8=
-320,345,6fEcXzV9FKhuITtMhw/i2Uq5K34=,aEj2LKLKclk8eOD93xoIYoKNOb8=
-314,348,6fEcXzV9FKhuITtMhw/i2Uq5K34=,aEj2LKLKclk8eOD93xoIYoKNOb8=
-318,343,6fEcXzV9FKhuITtMhw/i2Uq5K34=,fcxkzj5xGt9BbBS10NRlNRE7tRQ=
-315,344,6fEcXzV9FKhuITtMhw/i2Uq5K34=,aEj2LKLKclk8eOD93xoIYoKNOb8=
-318,344,6fEcXzV9FKhuITtMhw/i2Uq5K34=,aEj2LKLKclk8eOD93xoIYoKNOb8=
-315,348,6fEcXzV9FKhuITtMhw/i2Uq5K34=,aEj2LKLKclk8eOD93xoIYoKNOb8=
-320,344,6fEcXzV9FKhuITtMhw/i2Uq5K34=,aEj2LKLKclk8eOD93xoIYoKNOb8=
-313,343,6fEcXzV9FKhuITtMhw/i2Uq5K34=,fcxkzj5xGt9BbBS10NRlNRE7tRQ=
-314,343,6fEcXzV9FKhuITtMhw/i2Uq5K34=,fcxkzj5xGt9BbBS10NRlNRE7tRQ=
-316,348,6fEcXzV9FKhuITtMhw/i2Uq5K34=,aEj2LKLKclk8eOD93xoIYoKNOb8=
-315,343,6fEcXzV9FKhuITtMhw/i2Uq5K34=,fcxkzj5xGt9BbBS10NRlNRE7tRQ=
-319,344,6fEcXzV9FKhuITtMhw/i2Uq5K34=,aEj2LKLKclk8eOD93xoIYoKNOb8=
-317,348,6fEcXzV9FKhuITtMhw/i2Uq5K34=,aEj2LKLKclk8eOD93xoIYoKNOb8=
-312,347,6fEcXzV9FKhuITtMhw/i2Uq5K34=,2mHnbICeqcAMauEhaM67FjhpMkA=
-316,343,6fEcXzV9FKhuITtMhw/i2Uq5K34=,fcxkzj5xGt9BbBS10NRlNRE7tRQ=
-316,345,6fEcXzV9FKhuITtMhw/i2Uq5K34=,aEj2LKLKclk8eOD93xoIYoKNOb8=
-317,343,6fEcXzV9FKhuITtMhw/i2Uq5K34=,fcxkzj5xGt9BbBS10NRlNRE7tRQ=
-314,344,6fEcXzV9FKhuITtMhw/i2Uq5K34=,aEj2LKLKclk8eOD93xoIYoKNOb8=
-316,344,6fEcXzV9FKhuITtMhw/i2Uq5K34=,aEj2LKLKclk8eOD93xoIYoKNOb8=
-317,345,6fEcXzV9FKhuITtMhw/i2Uq5K34=,aEj2LKLKclk8eOD93xoIYoKNOb8=
-317,344,6fEcXzV9FKhuITtMhw/i2Uq5K34=,aEj2LKLKclk8eOD93xoIYoKNOb8=
-295,337,/gUHTruaFoiI53dIW9VPgQo7DDA=,vtds6NT1CqjRCs7abnp0DT+Jf/k=
-290,342,/gUHTruaFoiI53dIW9VPgQo7DDA=,vtds6NT1CqjRCs7abnp0DT+Jf/k=
-291,342,/gUHTruaFoiI53dIW9VPgQo7DDA=,vtds6NT1CqjRCs7abnp0DT+Jf/k=
-292,342,/gUHTruaFoiI53dIW9VPgQo7DDA=,vtds6NT1CqjRCs7abnp0DT+Jf/k=
-294,342,/gUHTruaFoiI53dIW9VPgQo7DDA=,vtds6NT1CqjRCs7abnp0DT+Jf/k=
-293,342,/gUHTruaFoiI53dIW9VPgQo7DDA=,vtds6NT1CqjRCs7abnp0DT+Jf/k=
-295,342,/gUHTruaFoiI53dIW9VPgQo7DDA=,vtds6NT1CqjRCs7abnp0DT+Jf/k=
-290,341,/gUHTruaFoiI53dIW9VPgQo7DDA=,vtds6NT1CqjRCs7abnp0DT+Jf/k=
-291,341,/gUHTruaFoiI53dIW9VPgQo7DDA=,vtds6NT1CqjRCs7abnp0DT+Jf/k=
-292,341,/gUHTruaFoiI53dIW9VPgQo7DDA=,vtds6NT1CqjRCs7abnp0DT+Jf/k=
-294,341,/gUHTruaFoiI53dIW9VPgQo7DDA=,vtds6NT1CqjRCs7abnp0DT+Jf/k=
-293,341,/gUHTruaFoiI53dIW9VPgQo7DDA=,vtds6NT1CqjRCs7abnp0DT+Jf/k=
-290,340,/gUHTruaFoiI53dIW9VPgQo7DDA=,vtds6NT1CqjRCs7abnp0DT+Jf/k=
-291,340,/gUHTruaFoiI53dIW9VPgQo7DDA=,vtds6NT1CqjRCs7abnp0DT+Jf/k=
-295,341,/gUHTruaFoiI53dIW9VPgQo7DDA=,vtds6NT1CqjRCs7abnp0DT+Jf/k=
-292,340,/gUHTruaFoiI53dIW9VPgQo7DDA=,vtds6NT1CqjRCs7abnp0DT+Jf/k=
-294,340,/gUHTruaFoiI53dIW9VPgQo7DDA=,vtds6NT1CqjRCs7abnp0DT+Jf/k=
-293,340,/gUHTruaFoiI53dIW9VPgQo7DDA=,vtds6NT1CqjRCs7abnp0DT+Jf/k=
-295,340,/gUHTruaFoiI53dIW9VPgQo7DDA=,vtds6NT1CqjRCs7abnp0DT+Jf/k=
-290,339,/gUHTruaFoiI53dIW9VPgQo7DDA=,vtds6NT1CqjRCs7abnp0DT+Jf/k=
-292,339,/gUHTruaFoiI53dIW9VPgQo7DDA=,vtds6NT1CqjRCs7abnp0DT+Jf/k=
-295,339,/gUHTruaFoiI53dIW9VPgQo7DDA=,vtds6NT1CqjRCs7abnp0DT+Jf/k=
-294,339,/gUHTruaFoiI53dIW9VPgQo7DDA=,vtds6NT1CqjRCs7abnp0DT+Jf/k=
-291,339,/gUHTruaFoiI53dIW9VPgQo7DDA=,vtds6NT1CqjRCs7abnp0DT+Jf/k=
-293,339,/gUHTruaFoiI53dIW9VPgQo7DDA=,vtds6NT1CqjRCs7abnp0DT+Jf/k=
-291,338,/gUHTruaFoiI53dIW9VPgQo7DDA=,vtds6NT1CqjRCs7abnp0DT+Jf/k=
-290,338,/gUHTruaFoiI53dIW9VPgQo7DDA=,vtds6NT1CqjRCs7abnp0DT+Jf/k=
-295,338,/gUHTruaFoiI53dIW9VPgQo7DDA=,vtds6NT1CqjRCs7abnp0DT+Jf/k=
-293,338,/gUHTruaFoiI53dIW9VPgQo7DDA=,vtds6NT1CqjRCs7abnp0DT+Jf/k=
-294,338,/gUHTruaFoiI53dIW9VPgQo7DDA=,vtds6NT1CqjRCs7abnp0DT+Jf/k=
-290,337,/gUHTruaFoiI53dIW9VPgQo7DDA=,vtds6NT1CqjRCs7abnp0DT+Jf/k=
-291,337,/gUHTruaFoiI53dIW9VPgQo7DDA=,vtds6NT1CqjRCs7abnp0DT+Jf/k=
-292,337,/gUHTruaFoiI53dIW9VPgQo7DDA=,vtds6NT1CqjRCs7abnp0DT+Jf/k=
-293,337,/gUHTruaFoiI53dIW9VPgQo7DDA=,vtds6NT1CqjRCs7abnp0DT+Jf/k=
-292,338,/gUHTruaFoiI53dIW9VPgQo7DDA=,vtds6NT1CqjRCs7abnp0DT+Jf/k=
-294,337,/gUHTruaFoiI53dIW9VPgQo7DDA=,vtds6NT1CqjRCs7abnp0DT+Jf/k=
-293,343,/gUHTruaFoiI53dIW9VPgQo7DDA=,vtds6NT1CqjRCs7abnp0DT+Jf/k=
-294,351,/gUHTruaFoiI53dIW9VPgQo7DDA=,1SxU/SaRWdzXx8qd4RSjYcFfX5w=
-292,350,/gUHTruaFoiI53dIW9VPgQo7DDA=,1SxU/SaRWdzXx8qd4RSjYcFfX5w=
-291,350,/gUHTruaFoiI53dIW9VPgQo7DDA=,1SxU/SaRWdzXx8qd4RSjYcFfX5w=
-291,349,/gUHTruaFoiI53dIW9VPgQo7DDA=,1SxU/SaRWdzXx8qd4RSjYcFfX5w=
-295,343,/gUHTruaFoiI53dIW9VPgQo7DDA=,vtds6NT1CqjRCs7abnp0DT+Jf/k=
-294,343,/gUHTruaFoiI53dIW9VPgQo7DDA=,vtds6NT1CqjRCs7abnp0DT+Jf/k=
-290,349,/gUHTruaFoiI53dIW9VPgQo7DDA=,1SxU/SaRWdzXx8qd4RSjYcFfX5w=
-289,350,/gUHTruaFoiI53dIW9VPgQo7DDA=,1SxU/SaRWdzXx8qd4RSjYcFfX5w=
-294,345,/gUHTruaFoiI53dIW9VPgQo7DDA=,1SxU/SaRWdzXx8qd4RSjYcFfX5w=
-293,350,/gUHTruaFoiI53dIW9VPgQo7DDA=,1SxU/SaRWdzXx8qd4RSjYcFfX5w=
-293,344,/gUHTruaFoiI53dIW9VPgQo7DDA=,1SxU/SaRWdzXx8qd4RSjYcFfX5w=
-295,351,/gUHTruaFoiI53dIW9VPgQo7DDA=,1SxU/SaRWdzXx8qd4RSjYcFfX5w=
-292,343,/gUHTruaFoiI53dIW9VPgQo7DDA=,vtds6NT1CqjRCs7abnp0DT+Jf/k=
-293,345,/gUHTruaFoiI53dIW9VPgQo7DDA=,1SxU/SaRWdzXx8qd4RSjYcFfX5w=
-289,347,/gUHTruaFoiI53dIW9VPgQo7DDA=,1SxU/SaRWdzXx8qd4RSjYcFfX5w=
-295,348,/gUHTruaFoiI53dIW9VPgQo7DDA=,1SxU/SaRWdzXx8qd4RSjYcFfX5w=
-292,349,/gUHTruaFoiI53dIW9VPgQo7DDA=,1SxU/SaRWdzXx8qd4RSjYcFfX5w=
-295,345,/gUHTruaFoiI53dIW9VPgQo7DDA=,1SxU/SaRWdzXx8qd4RSjYcFfX5w=
-290,347,/gUHTruaFoiI53dIW9VPgQo7DDA=,1SxU/SaRWdzXx8qd4RSjYcFfX5w=
-289,349,/gUHTruaFoiI53dIW9VPgQo7DDA=,1SxU/SaRWdzXx8qd4RSjYcFfX5w=
-294,350,/gUHTruaFoiI53dIW9VPgQo7DDA=,1SxU/SaRWdzXx8qd4RSjYcFfX5w=
-290,348,/gUHTruaFoiI53dIW9VPgQo7DDA=,1SxU/SaRWdzXx8qd4RSjYcFfX5w=
-289,348,/gUHTruaFoiI53dIW9VPgQo7DDA=,1SxU/SaRWdzXx8qd4RSjYcFfX5w=
-291,348,/gUHTruaFoiI53dIW9VPgQo7DDA=,1SxU/SaRWdzXx8qd4RSjYcFfX5w=
-293,349,/gUHTruaFoiI53dIW9VPgQo7DDA=,1SxU/SaRWdzXx8qd4RSjYcFfX5w=
-291,347,/gUHTruaFoiI53dIW9VPgQo7DDA=,1SxU/SaRWdzXx8qd4RSjYcFfX5w=
-294,349,/gUHTruaFoiI53dIW9VPgQo7DDA=,1SxU/SaRWdzXx8qd4RSjYcFfX5w=
-290,344,/gUHTruaFoiI53dIW9VPgQo7DDA=,1SxU/SaRWdzXx8qd4RSjYcFfX5w=
-291,343,/gUHTruaFoiI53dIW9VPgQo7DDA=,vtds6NT1CqjRCs7abnp0DT+Jf/k=
-292,347,/gUHTruaFoiI53dIW9VPgQo7DDA=,1SxU/SaRWdzXx8qd4RSjYcFfX5w=
-293,348,/gUHTruaFoiI53dIW9VPgQo7DDA=,1SxU/SaRWdzXx8qd4RSjYcFfX5w=
-293,346,/gUHTruaFoiI53dIW9VPgQo7DDA=,1SxU/SaRWdzXx8qd4RSjYcFfX5w=
-295,350,/gUHTruaFoiI53dIW9VPgQo7DDA=,1SxU/SaRWdzXx8qd4RSjYcFfX5w=
-291,344,/gUHTruaFoiI53dIW9VPgQo7DDA=,1SxU/SaRWdzXx8qd4RSjYcFfX5w=
-292,351,/gUHTruaFoiI53dIW9VPgQo7DDA=,1SxU/SaRWdzXx8qd4RSjYcFfX5w=
-293,347,/gUHTruaFoiI53dIW9VPgQo7DDA=,1SxU/SaRWdzXx8qd4RSjYcFfX5w=
-292,348,/gUHTruaFoiI53dIW9VPgQo7DDA=,1SxU/SaRWdzXx8qd4RSjYcFfX5w=
-294,344,/gUHTruaFoiI53dIW9VPgQo7DDA=,1SxU/SaRWdzXx8qd4RSjYcFfX5w=
-294,348,/gUHTruaFoiI53dIW9VPgQo7DDA=,1SxU/SaRWdzXx8qd4RSjYcFfX5w=
-295,349,/gUHTruaFoiI53dIW9VPgQo7DDA=,1SxU/SaRWdzXx8qd4RSjYcFfX5w=
-290,346,/gUHTruaFoiI53dIW9VPgQo7DDA=,1SxU/SaRWdzXx8qd4RSjYcFfX5w=
-294,346,/gUHTruaFoiI53dIW9VPgQo7DDA=,1SxU/SaRWdzXx8qd4RSjYcFfX5w=
-295,346,/gUHTruaFoiI53dIW9VPgQo7DDA=,1SxU/SaRWdzXx8qd4RSjYcFfX5w=
-289,345,/gUHTruaFoiI53dIW9VPgQo7DDA=,1SxU/SaRWdzXx8qd4RSjYcFfX5w=
-291,345,/gUHTruaFoiI53dIW9VPgQo7DDA=,1SxU/SaRWdzXx8qd4RSjYcFfX5w=
-292,344,/gUHTruaFoiI53dIW9VPgQo7DDA=,1SxU/SaRWdzXx8qd4RSjYcFfX5w=
-292,346,/gUHTruaFoiI53dIW9VPgQo7DDA=,1SxU/SaRWdzXx8qd4RSjYcFfX5w=
-294,347,/gUHTruaFoiI53dIW9VPgQo7DDA=,1SxU/SaRWdzXx8qd4RSjYcFfX5w=
-291,351,/gUHTruaFoiI53dIW9VPgQo7DDA=,1SxU/SaRWdzXx8qd4RSjYcFfX5w=
-290,345,/gUHTruaFoiI53dIW9VPgQo7DDA=,1SxU/SaRWdzXx8qd4RSjYcFfX5w=
-295,344,/gUHTruaFoiI53dIW9VPgQo7DDA=,1SxU/SaRWdzXx8qd4RSjYcFfX5w=
-290,351,/gUHTruaFoiI53dIW9VPgQo7DDA=,1SxU/SaRWdzXx8qd4RSjYcFfX5w=
-292,345,/gUHTruaFoiI53dIW9VPgQo7DDA=,1SxU/SaRWdzXx8qd4RSjYcFfX5w=
-290,343,/gUHTruaFoiI53dIW9VPgQo7DDA=,vtds6NT1CqjRCs7abnp0DT+Jf/k=
-291,346,/gUHTruaFoiI53dIW9VPgQo7DDA=,1SxU/SaRWdzXx8qd4RSjYcFfX5w=
-289,346,/gUHTruaFoiI53dIW9VPgQo7DDA=,1SxU/SaRWdzXx8qd4RSjYcFfX5w=
-293,351,/gUHTruaFoiI53dIW9VPgQo7DDA=,1SxU/SaRWdzXx8qd4RSjYcFfX5w=
-295,347,/gUHTruaFoiI53dIW9VPgQo7DDA=,1SxU/SaRWdzXx8qd4RSjYcFfX5w=
-290,350,/gUHTruaFoiI53dIW9VPgQo7DDA=,1SxU/SaRWdzXx8qd4RSjYcFfX5w=
-289,343,/gUHTruaFoiI53dIW9VPgQo7DDA=,vtds6NT1CqjRCs7abnp0DT+Jf/k=
-289,337,/gUHTruaFoiI53dIW9VPgQo7DDA=,vtds6NT1CqjRCs7abnp0DT+Jf/k=
-289,344,/gUHTruaFoiI53dIW9VPgQo7DDA=,1SxU/SaRWdzXx8qd4RSjYcFfX5w=
-289,339,/gUHTruaFoiI53dIW9VPgQo7DDA=,vtds6NT1CqjRCs7abnp0DT+Jf/k=
-289,342,/gUHTruaFoiI53dIW9VPgQo7DDA=,vtds6NT1CqjRCs7abnp0DT+Jf/k=
-289,341,/gUHTruaFoiI53dIW9VPgQo7DDA=,vtds6NT1CqjRCs7abnp0DT+Jf/k=
-289,340,/gUHTruaFoiI53dIW9VPgQo7DDA=,vtds6NT1CqjRCs7abnp0DT+Jf/k=
-289,338,/gUHTruaFoiI53dIW9VPgQo7DDA=,vtds6NT1CqjRCs7abnp0DT+Jf/k=
-292,336,/gUHTruaFoiI53dIW9VPgQo7DDA=,vtds6NT1CqjRCs7abnp0DT+Jf/k=
-295,336,/gUHTruaFoiI53dIW9VPgQo7DDA=,vtds6NT1CqjRCs7abnp0DT+Jf/k=
-294,336,/gUHTruaFoiI53dIW9VPgQo7DDA=,vtds6NT1CqjRCs7abnp0DT+Jf/k=
-289,336,/gUHTruaFoiI53dIW9VPgQo7DDA=,vtds6NT1CqjRCs7abnp0DT+Jf/k=
-291,336,/gUHTruaFoiI53dIW9VPgQo7DDA=,vtds6NT1CqjRCs7abnp0DT+Jf/k=
-293,336,/gUHTruaFoiI53dIW9VPgQo7DDA=,vtds6NT1CqjRCs7abnp0DT+Jf/k=
-290,336,/gUHTruaFoiI53dIW9VPgQo7DDA=,vtds6NT1CqjRCs7abnp0DT+Jf/k=
-289,351,/gUHTruaFoiI53dIW9VPgQo7DDA=,1SxU/SaRWdzXx8qd4RSjYcFfX5w=
-301,341,/gUHTruaFoiI53dIW9VPgQo7DDA=,nHtzTWxo9uSkBDFl7dBF++7DMLk=
-302,341,/gUHTruaFoiI53dIW9VPgQo7DDA=,nHtzTWxo9uSkBDFl7dBF++7DMLk=
-303,341,/gUHTruaFoiI53dIW9VPgQo7DDA=,nHtzTWxo9uSkBDFl7dBF++7DMLk=
-298,340,/gUHTruaFoiI53dIW9VPgQo7DDA=,nHtzTWxo9uSkBDFl7dBF++7DMLk=
-297,340,/gUHTruaFoiI53dIW9VPgQo7DDA=,nHtzTWxo9uSkBDFl7dBF++7DMLk=
-296,342,/gUHTruaFoiI53dIW9VPgQo7DDA=,vtds6NT1CqjRCs7abnp0DT+Jf/k=
-300,341,/gUHTruaFoiI53dIW9VPgQo7DDA=,nHtzTWxo9uSkBDFl7dBF++7DMLk=
-304,341,/gUHTruaFoiI53dIW9VPgQo7DDA=,nHtzTWxo9uSkBDFl7dBF++7DMLk=
-300,340,/gUHTruaFoiI53dIW9VPgQo7DDA=,nHtzTWxo9uSkBDFl7dBF++7DMLk=
-299,340,/gUHTruaFoiI53dIW9VPgQo7DDA=,nHtzTWxo9uSkBDFl7dBF++7DMLk=
-299,341,/gUHTruaFoiI53dIW9VPgQo7DDA=,nHtzTWxo9uSkBDFl7dBF++7DMLk=
-296,341,/gUHTruaFoiI53dIW9VPgQo7DDA=,vtds6NT1CqjRCs7abnp0DT+Jf/k=
-298,341,/gUHTruaFoiI53dIW9VPgQo7DDA=,nHtzTWxo9uSkBDFl7dBF++7DMLk=
-296,340,/gUHTruaFoiI53dIW9VPgQo7DDA=,vtds6NT1CqjRCs7abnp0DT+Jf/k=
-301,340,/gUHTruaFoiI53dIW9VPgQo7DDA=,nHtzTWxo9uSkBDFl7dBF++7DMLk=
-302,340,/gUHTruaFoiI53dIW9VPgQo7DDA=,nHtzTWxo9uSkBDFl7dBF++7DMLk=
-300,339,/gUHTruaFoiI53dIW9VPgQo7DDA=,nHtzTWxo9uSkBDFl7dBF++7DMLk=
-297,341,/gUHTruaFoiI53dIW9VPgQo7DDA=,nHtzTWxo9uSkBDFl7dBF++7DMLk=
-297,339,/gUHTruaFoiI53dIW9VPgQo7DDA=,nHtzTWxo9uSkBDFl7dBF++7DMLk=
-301,339,/gUHTruaFoiI53dIW9VPgQo7DDA=,nHtzTWxo9uSkBDFl7dBF++7DMLk=
-296,339,/gUHTruaFoiI53dIW9VPgQo7DDA=,vtds6NT1CqjRCs7abnp0DT+Jf/k=
-299,339,/gUHTruaFoiI53dIW9VPgQo7DDA=,nHtzTWxo9uSkBDFl7dBF++7DMLk=
-302,339,/gUHTruaFoiI53dIW9VPgQo7DDA=,nHtzTWxo9uSkBDFl7dBF++7DMLk=
-304,340,/gUHTruaFoiI53dIW9VPgQo7DDA=,nHtzTWxo9uSkBDFl7dBF++7DMLk=
-298,339,/gUHTruaFoiI53dIW9VPgQo7DDA=,nHtzTWxo9uSkBDFl7dBF++7DMLk=
-304,342,/gUHTruaFoiI53dIW9VPgQo7DDA=,nHtzTWxo9uSkBDFl7dBF++7DMLk=
-303,339,/gUHTruaFoiI53dIW9VPgQo7DDA=,nHtzTWxo9uSkBDFl7dBF++7DMLk=
-304,339,/gUHTruaFoiI53dIW9VPgQo7DDA=,nHtzTWxo9uSkBDFl7dBF++7DMLk=
-298,338,/gUHTruaFoiI53dIW9VPgQo7DDA=,nHtzTWxo9uSkBDFl7dBF++7DMLk=
-299,338,/gUHTruaFoiI53dIW9VPgQo7DDA=,nHtzTWxo9uSkBDFl7dBF++7DMLk=
-302,338,/gUHTruaFoiI53dIW9VPgQo7DDA=,nHtzTWxo9uSkBDFl7dBF++7DMLk=
-296,338,/gUHTruaFoiI53dIW9VPgQo7DDA=,vtds6NT1CqjRCs7abnp0DT+Jf/k=
-304,336,/gUHTruaFoiI53dIW9VPgQo7DDA=,nHtzTWxo9uSkBDFl7dBF++7DMLk=
-303,340,/gUHTruaFoiI53dIW9VPgQo7DDA=,nHtzTWxo9uSkBDFl7dBF++7DMLk=
-297,342,/gUHTruaFoiI53dIW9VPgQo7DDA=,nHtzTWxo9uSkBDFl7dBF++7DMLk=
-298,342,/gUHTruaFoiI53dIW9VPgQo7DDA=,nHtzTWxo9uSkBDFl7dBF++7DMLk=
-296,336,/gUHTruaFoiI53dIW9VPgQo7DDA=,vtds6NT1CqjRCs7abnp0DT+Jf/k=
-300,338,/gUHTruaFoiI53dIW9VPgQo7DDA=,nHtzTWxo9uSkBDFl7dBF++7DMLk=
-303,338,/gUHTruaFoiI53dIW9VPgQo7DDA=,nHtzTWxo9uSkBDFl7dBF++7DMLk=
-297,338,/gUHTruaFoiI53dIW9VPgQo7DDA=,nHtzTWxo9uSkBDFl7dBF++7DMLk=
-296,337,/gUHTruaFoiI53dIW9VPgQo7DDA=,vtds6NT1CqjRCs7abnp0DT+Jf/k=
-297,337,/gUHTruaFoiI53dIW9VPgQo7DDA=,nHtzTWxo9uSkBDFl7dBF++7DMLk=
-298,337,/gUHTruaFoiI53dIW9VPgQo7DDA=,nHtzTWxo9uSkBDFl7dBF++7DMLk=
-303,336,/gUHTruaFoiI53dIW9VPgQo7DDA=,nHtzTWxo9uSkBDFl7dBF++7DMLk=
-301,338,/gUHTruaFoiI53dIW9VPgQo7DDA=,nHtzTWxo9uSkBDFl7dBF++7DMLk=
-304,338,/gUHTruaFoiI53dIW9VPgQo7DDA=,nHtzTWxo9uSkBDFl7dBF++7DMLk=
-300,337,/gUHTruaFoiI53dIW9VPgQo7DDA=,nHtzTWxo9uSkBDFl7dBF++7DMLk=
-299,342,/gUHTruaFoiI53dIW9VPgQo7DDA=,nHtzTWxo9uSkBDFl7dBF++7DMLk=
-302,337,/gUHTruaFoiI53dIW9VPgQo7DDA=,nHtzTWxo9uSkBDFl7dBF++7DMLk=
-299,337,/gUHTruaFoiI53dIW9VPgQo7DDA=,nHtzTWxo9uSkBDFl7dBF++7DMLk=
-301,337,/gUHTruaFoiI53dIW9VPgQo7DDA=,nHtzTWxo9uSkBDFl7dBF++7DMLk=
-303,337,/gUHTruaFoiI53dIW9VPgQo7DDA=,nHtzTWxo9uSkBDFl7dBF++7DMLk=
-297,336,/gUHTruaFoiI53dIW9VPgQo7DDA=,nHtzTWxo9uSkBDFl7dBF++7DMLk=
-304,337,/gUHTruaFoiI53dIW9VPgQo7DDA=,nHtzTWxo9uSkBDFl7dBF++7DMLk=
-301,342,/gUHTruaFoiI53dIW9VPgQo7DDA=,nHtzTWxo9uSkBDFl7dBF++7DMLk=
-298,336,/gUHTruaFoiI53dIW9VPgQo7DDA=,nHtzTWxo9uSkBDFl7dBF++7DMLk=
-302,336,/gUHTruaFoiI53dIW9VPgQo7DDA=,nHtzTWxo9uSkBDFl7dBF++7DMLk=
-300,342,/gUHTruaFoiI53dIW9VPgQo7DDA=,nHtzTWxo9uSkBDFl7dBF++7DMLk=
-303,342,/gUHTruaFoiI53dIW9VPgQo7DDA=,nHtzTWxo9uSkBDFl7dBF++7DMLk=
-299,336,/gUHTruaFoiI53dIW9VPgQo7DDA=,nHtzTWxo9uSkBDFl7dBF++7DMLk=
-300,336,/gUHTruaFoiI53dIW9VPgQo7DDA=,nHtzTWxo9uSkBDFl7dBF++7DMLk=
-301,336,/gUHTruaFoiI53dIW9VPgQo7DDA=,nHtzTWxo9uSkBDFl7dBF++7DMLk=
-302,342,/gUHTruaFoiI53dIW9VPgQo7DDA=,nHtzTWxo9uSkBDFl7dBF++7DMLk=
-297,351,/gUHTruaFoiI53dIW9VPgQo7DDA=,eBgLIqayeTL0ANT8Ng2vDy+yeNw=
-302,347,/gUHTruaFoiI53dIW9VPgQo7DDA=,eBgLIqayeTL0ANT8Ng2vDy+yeNw=
-301,347,/gUHTruaFoiI53dIW9VPgQo7DDA=,eBgLIqayeTL0ANT8Ng2vDy+yeNw=
-298,351,/gUHTruaFoiI53dIW9VPgQo7DDA=,eBgLIqayeTL0ANT8Ng2vDy+yeNw=
-299,351,/gUHTruaFoiI53dIW9VPgQo7DDA=,eBgLIqayeTL0ANT8Ng2vDy+yeNw=
-303,347,/gUHTruaFoiI53dIW9VPgQo7DDA=,eBgLIqayeTL0ANT8Ng2vDy+yeNw=
-300,351,/gUHTruaFoiI53dIW9VPgQo7DDA=,eBgLIqayeTL0ANT8Ng2vDy+yeNw=
-304,347,/gUHTruaFoiI53dIW9VPgQo7DDA=,eBgLIqayeTL0ANT8Ng2vDy+yeNw=
-300,347,/gUHTruaFoiI53dIW9VPgQo7DDA=,eBgLIqayeTL0ANT8Ng2vDy+yeNw=
-297,346,/gUHTruaFoiI53dIW9VPgQo7DDA=,eBgLIqayeTL0ANT8Ng2vDy+yeNw=
-298,346,/gUHTruaFoiI53dIW9VPgQo7DDA=,eBgLIqayeTL0ANT8Ng2vDy+yeNw=
-300,346,/gUHTruaFoiI53dIW9VPgQo7DDA=,eBgLIqayeTL0ANT8Ng2vDy+yeNw=
-299,346,/gUHTruaFoiI53dIW9VPgQo7DDA=,eBgLIqayeTL0ANT8Ng2vDy+yeNw=
-301,351,/gUHTruaFoiI53dIW9VPgQo7DDA=,eBgLIqayeTL0ANT8Ng2vDy+yeNw=
-299,347,/gUHTruaFoiI53dIW9VPgQo7DDA=,eBgLIqayeTL0ANT8Ng2vDy+yeNw=
-296,343,/gUHTruaFoiI53dIW9VPgQo7DDA=,vtds6NT1CqjRCs7abnp0DT+Jf/k=
-301,346,/gUHTruaFoiI53dIW9VPgQo7DDA=,eBgLIqayeTL0ANT8Ng2vDy+yeNw=
-298,347,/gUHTruaFoiI53dIW9VPgQo7DDA=,eBgLIqayeTL0ANT8Ng2vDy+yeNw=
-302,346,/gUHTruaFoiI53dIW9VPgQo7DDA=,eBgLIqayeTL0ANT8Ng2vDy+yeNw=
-296,351,/gUHTruaFoiI53dIW9VPgQo7DDA=,1SxU/SaRWdzXx8qd4RSjYcFfX5w=
-302,351,/gUHTruaFoiI53dIW9VPgQo7DDA=,eBgLIqayeTL0ANT8Ng2vDy+yeNw=
-303,346,/gUHTruaFoiI53dIW9VPgQo7DDA=,eBgLIqayeTL0ANT8Ng2vDy+yeNw=
-297,345,/gUHTruaFoiI53dIW9VPgQo7DDA=,eBgLIqayeTL0ANT8Ng2vDy+yeNw=
-304,346,/gUHTruaFoiI53dIW9VPgQo7DDA=,eBgLIqayeTL0ANT8Ng2vDy+yeNw=
-298,345,/gUHTruaFoiI53dIW9VPgQo7DDA=,eBgLIqayeTL0ANT8Ng2vDy+yeNw=
-300,345,/gUHTruaFoiI53dIW9VPgQo7DDA=,eBgLIqayeTL0ANT8Ng2vDy+yeNw=
-296,350,/gUHTruaFoiI53dIW9VPgQo7DDA=,1SxU/SaRWdzXx8qd4RSjYcFfX5w=
-301,345,/gUHTruaFoiI53dIW9VPgQo7DDA=,eBgLIqayeTL0ANT8Ng2vDy+yeNw=
-299,345,/gUHTruaFoiI53dIW9VPgQo7DDA=,eBgLIqayeTL0ANT8Ng2vDy+yeNw=
-303,345,/gUHTruaFoiI53dIW9VPgQo7DDA=,eBgLIqayeTL0ANT8Ng2vDy+yeNw=
-296,344,/gUHTruaFoiI53dIW9VPgQo7DDA=,1SxU/SaRWdzXx8qd4RSjYcFfX5w=
-304,351,/gUHTruaFoiI53dIW9VPgQo7DDA=,eBgLIqayeTL0ANT8Ng2vDy+yeNw=
-297,350,/gUHTruaFoiI53dIW9VPgQo7DDA=,eBgLIqayeTL0ANT8Ng2vDy+yeNw=
-296,348,/gUHTruaFoiI53dIW9VPgQo7DDA=,1SxU/SaRWdzXx8qd4RSjYcFfX5w=
-299,350,/gUHTruaFoiI53dIW9VPgQo7DDA=,eBgLIqayeTL0ANT8Ng2vDy+yeNw=
-297,347,/gUHTruaFoiI53dIW9VPgQo7DDA=,eBgLIqayeTL0ANT8Ng2vDy+yeNw=
-303,351,/gUHTruaFoiI53dIW9VPgQo7DDA=,eBgLIqayeTL0ANT8Ng2vDy+yeNw=
-297,344,/gUHTruaFoiI53dIW9VPgQo7DDA=,eBgLIqayeTL0ANT8Ng2vDy+yeNw=
-304,348,/gUHTruaFoiI53dIW9VPgQo7DDA=,eBgLIqayeTL0ANT8Ng2vDy+yeNw=
-298,350,/gUHTruaFoiI53dIW9VPgQo7DDA=,eBgLIqayeTL0ANT8Ng2vDy+yeNw=
-298,344,/gUHTruaFoiI53dIW9VPgQo7DDA=,eBgLIqayeTL0ANT8Ng2vDy+yeNw=
-301,350,/gUHTruaFoiI53dIW9VPgQo7DDA=,eBgLIqayeTL0ANT8Ng2vDy+yeNw=
-300,344,/gUHTruaFoiI53dIW9VPgQo7DDA=,eBgLIqayeTL0ANT8Ng2vDy+yeNw=
-299,344,/gUHTruaFoiI53dIW9VPgQo7DDA=,eBgLIqayeTL0ANT8Ng2vDy+yeNw=
-303,348,/gUHTruaFoiI53dIW9VPgQo7DDA=,eBgLIqayeTL0ANT8Ng2vDy+yeNw=
-300,350,/gUHTruaFoiI53dIW9VPgQo7DDA=,eBgLIqayeTL0ANT8Ng2vDy+yeNw=
-302,350,/gUHTruaFoiI53dIW9VPgQo7DDA=,eBgLIqayeTL0ANT8Ng2vDy+yeNw=
-301,344,/gUHTruaFoiI53dIW9VPgQo7DDA=,eBgLIqayeTL0ANT8Ng2vDy+yeNw=
-304,350,/gUHTruaFoiI53dIW9VPgQo7DDA=,eBgLIqayeTL0ANT8Ng2vDy+yeNw=
-304,345,/gUHTruaFoiI53dIW9VPgQo7DDA=,eBgLIqayeTL0ANT8Ng2vDy+yeNw=
-302,348,/gUHTruaFoiI53dIW9VPgQo7DDA=,eBgLIqayeTL0ANT8Ng2vDy+yeNw=
-303,344,/gUHTruaFoiI53dIW9VPgQo7DDA=,eBgLIqayeTL0ANT8Ng2vDy+yeNw=
-303,350,/gUHTruaFoiI53dIW9VPgQo7DDA=,eBgLIqayeTL0ANT8Ng2vDy+yeNw=
-297,349,/gUHTruaFoiI53dIW9VPgQo7DDA=,eBgLIqayeTL0ANT8Ng2vDy+yeNw=
-304,344,/gUHTruaFoiI53dIW9VPgQo7DDA=,eBgLIqayeTL0ANT8Ng2vDy+yeNw=
-296,345,/gUHTruaFoiI53dIW9VPgQo7DDA=,1SxU/SaRWdzXx8qd4RSjYcFfX5w=
-296,346,/gUHTruaFoiI53dIW9VPgQo7DDA=,1SxU/SaRWdzXx8qd4RSjYcFfX5w=
-297,343,/gUHTruaFoiI53dIW9VPgQo7DDA=,nHtzTWxo9uSkBDFl7dBF++7DMLk=
-299,343,/gUHTruaFoiI53dIW9VPgQo7DDA=,nHtzTWxo9uSkBDFl7dBF++7DMLk=
-300,343,/gUHTruaFoiI53dIW9VPgQo7DDA=,nHtzTWxo9uSkBDFl7dBF++7DMLk=
-299,349,/gUHTruaFoiI53dIW9VPgQo7DDA=,eBgLIqayeTL0ANT8Ng2vDy+yeNw=
-301,348,/gUHTruaFoiI53dIW9VPgQo7DDA=,eBgLIqayeTL0ANT8Ng2vDy+yeNw=
-298,343,/gUHTruaFoiI53dIW9VPgQo7DDA=,nHtzTWxo9uSkBDFl7dBF++7DMLk=
-302,343,/gUHTruaFoiI53dIW9VPgQo7DDA=,nHtzTWxo9uSkBDFl7dBF++7DMLk=
-300,349,/gUHTruaFoiI53dIW9VPgQo7DDA=,eBgLIqayeTL0ANT8Ng2vDy+yeNw=
-302,345,/gUHTruaFoiI53dIW9VPgQo7DDA=,eBgLIqayeTL0ANT8Ng2vDy+yeNw=
-298,349,/gUHTruaFoiI53dIW9VPgQo7DDA=,eBgLIqayeTL0ANT8Ng2vDy+yeNw=
-302,349,/gUHTruaFoiI53dIW9VPgQo7DDA=,eBgLIqayeTL0ANT8Ng2vDy+yeNw=
-301,343,/gUHTruaFoiI53dIW9VPgQo7DDA=,nHtzTWxo9uSkBDFl7dBF++7DMLk=
-296,349,/gUHTruaFoiI53dIW9VPgQo7DDA=,1SxU/SaRWdzXx8qd4RSjYcFfX5w=
-304,343,/gUHTruaFoiI53dIW9VPgQo7DDA=,nHtzTWxo9uSkBDFl7dBF++7DMLk=
-301,349,/gUHTruaFoiI53dIW9VPgQo7DDA=,eBgLIqayeTL0ANT8Ng2vDy+yeNw=
-303,343,/gUHTruaFoiI53dIW9VPgQo7DDA=,nHtzTWxo9uSkBDFl7dBF++7DMLk=
-299,348,/gUHTruaFoiI53dIW9VPgQo7DDA=,eBgLIqayeTL0ANT8Ng2vDy+yeNw=
-304,349,/gUHTruaFoiI53dIW9VPgQo7DDA=,eBgLIqayeTL0ANT8Ng2vDy+yeNw=
-298,348,/gUHTruaFoiI53dIW9VPgQo7DDA=,eBgLIqayeTL0ANT8Ng2vDy+yeNw=
-303,349,/gUHTruaFoiI53dIW9VPgQo7DDA=,eBgLIqayeTL0ANT8Ng2vDy+yeNw=
-300,348,/gUHTruaFoiI53dIW9VPgQo7DDA=,eBgLIqayeTL0ANT8Ng2vDy+yeNw=
-296,347,/gUHTruaFoiI53dIW9VPgQo7DDA=,1SxU/SaRWdzXx8qd4RSjYcFfX5w=
-302,344,/gUHTruaFoiI53dIW9VPgQo7DDA=,eBgLIqayeTL0ANT8Ng2vDy+yeNw=
-297,348,/gUHTruaFoiI53dIW9VPgQo7DDA=,eBgLIqayeTL0ANT8Ng2vDy+yeNw=
-295,321,Wqz8twRkZO+LiGs1fgbwM8ueRI8=,g5TcpX3sJ8RWfyK3G0AYd6L6qwg=
-290,326,Wqz8twRkZO+LiGs1fgbwM8ueRI8=,g5TcpX3sJ8RWfyK3G0AYd6L6qwg=
-292,326,Wqz8twRkZO+LiGs1fgbwM8ueRI8=,g5TcpX3sJ8RWfyK3G0AYd6L6qwg=
-291,326,Wqz8twRkZO+LiGs1fgbwM8ueRI8=,g5TcpX3sJ8RWfyK3G0AYd6L6qwg=
-293,326,Wqz8twRkZO+LiGs1fgbwM8ueRI8=,g5TcpX3sJ8RWfyK3G0AYd6L6qwg=
-290,325,Wqz8twRkZO+LiGs1fgbwM8ueRI8=,g5TcpX3sJ8RWfyK3G0AYd6L6qwg=
-295,326,Wqz8twRkZO+LiGs1fgbwM8ueRI8=,g5TcpX3sJ8RWfyK3G0AYd6L6qwg=
-293,325,Wqz8twRkZO+LiGs1fgbwM8ueRI8=,g5TcpX3sJ8RWfyK3G0AYd6L6qwg=
-294,326,Wqz8twRkZO+LiGs1fgbwM8ueRI8=,g5TcpX3sJ8RWfyK3G0AYd6L6qwg=
-295,325,Wqz8twRkZO+LiGs1fgbwM8ueRI8=,g5TcpX3sJ8RWfyK3G0AYd6L6qwg=
-294,325,Wqz8twRkZO+LiGs1fgbwM8ueRI8=,g5TcpX3sJ8RWfyK3G0AYd6L6qwg=
-291,325,Wqz8twRkZO+LiGs1fgbwM8ueRI8=,g5TcpX3sJ8RWfyK3G0AYd6L6qwg=
-291,324,Wqz8twRkZO+LiGs1fgbwM8ueRI8=,g5TcpX3sJ8RWfyK3G0AYd6L6qwg=
-292,325,Wqz8twRkZO+LiGs1fgbwM8ueRI8=,g5TcpX3sJ8RWfyK3G0AYd6L6qwg=
-290,324,Wqz8twRkZO+LiGs1fgbwM8ueRI8=,g5TcpX3sJ8RWfyK3G0AYd6L6qwg=
-294,324,Wqz8twRkZO+LiGs1fgbwM8ueRI8=,g5TcpX3sJ8RWfyK3G0AYd6L6qwg=
-293,324,Wqz8twRkZO+LiGs1fgbwM8ueRI8=,g5TcpX3sJ8RWfyK3G0AYd6L6qwg=
-292,324,Wqz8twRkZO+LiGs1fgbwM8ueRI8=,g5TcpX3sJ8RWfyK3G0AYd6L6qwg=
-290,323,Wqz8twRkZO+LiGs1fgbwM8ueRI8=,g5TcpX3sJ8RWfyK3G0AYd6L6qwg=
-291,323,Wqz8twRkZO+LiGs1fgbwM8ueRI8=,g5TcpX3sJ8RWfyK3G0AYd6L6qwg=
-295,324,Wqz8twRkZO+LiGs1fgbwM8ueRI8=,g5TcpX3sJ8RWfyK3G0AYd6L6qwg=
-293,323,Wqz8twRkZO+LiGs1fgbwM8ueRI8=,g5TcpX3sJ8RWfyK3G0AYd6L6qwg=
-292,323,Wqz8twRkZO+LiGs1fgbwM8ueRI8=,g5TcpX3sJ8RWfyK3G0AYd6L6qwg=
-294,323,Wqz8twRkZO+LiGs1fgbwM8ueRI8=,g5TcpX3sJ8RWfyK3G0AYd6L6qwg=
-291,322,Wqz8twRkZO+LiGs1fgbwM8ueRI8=,g5TcpX3sJ8RWfyK3G0AYd6L6qwg=
-295,323,Wqz8twRkZO+LiGs1fgbwM8ueRI8=,g5TcpX3sJ8RWfyK3G0AYd6L6qwg=
-290,322,Wqz8twRkZO+LiGs1fgbwM8ueRI8=,g5TcpX3sJ8RWfyK3G0AYd6L6qwg=
-294,322,Wqz8twRkZO+LiGs1fgbwM8ueRI8=,g5TcpX3sJ8RWfyK3G0AYd6L6qwg=
-292,322,Wqz8twRkZO+LiGs1fgbwM8ueRI8=,g5TcpX3sJ8RWfyK3G0AYd6L6qwg=
-295,322,Wqz8twRkZO+LiGs1fgbwM8ueRI8=,g5TcpX3sJ8RWfyK3G0AYd6L6qwg=
-291,321,Wqz8twRkZO+LiGs1fgbwM8ueRI8=,g5TcpX3sJ8RWfyK3G0AYd6L6qwg=
-294,321,Wqz8twRkZO+LiGs1fgbwM8ueRI8=,g5TcpX3sJ8RWfyK3G0AYd6L6qwg=
-293,321,Wqz8twRkZO+LiGs1fgbwM8ueRI8=,g5TcpX3sJ8RWfyK3G0AYd6L6qwg=
-292,321,Wqz8twRkZO+LiGs1fgbwM8ueRI8=,g5TcpX3sJ8RWfyK3G0AYd6L6qwg=
-290,321,Wqz8twRkZO+LiGs1fgbwM8ueRI8=,g5TcpX3sJ8RWfyK3G0AYd6L6qwg=
-293,322,Wqz8twRkZO+LiGs1fgbwM8ueRI8=,g5TcpX3sJ8RWfyK3G0AYd6L6qwg=
-292,327,Wqz8twRkZO+LiGs1fgbwM8ueRI8=,g5TcpX3sJ8RWfyK3G0AYd6L6qwg=
-290,333,Wqz8twRkZO+LiGs1fgbwM8ueRI8=,upWrwLwLyVNRhhuiokZT3w8f2lc=
-289,333,Wqz8twRkZO+LiGs1fgbwM8ueRI8=,upWrwLwLyVNRhhuiokZT3w8f2lc=
-292,335,Wqz8twRkZO+LiGs1fgbwM8ueRI8=,upWrwLwLyVNRhhuiokZT3w8f2lc=
-291,327,Wqz8twRkZO+LiGs1fgbwM8ueRI8=,g5TcpX3sJ8RWfyK3G0AYd6L6qwg=
-290,327,Wqz8twRkZO+LiGs1fgbwM8ueRI8=,g5TcpX3sJ8RWfyK3G0AYd6L6qwg=
-290,335,Wqz8twRkZO+LiGs1fgbwM8ueRI8=,upWrwLwLyVNRhhuiokZT3w8f2lc=
-291,335,Wqz8twRkZO+LiGs1fgbwM8ueRI8=,upWrwLwLyVNRhhuiokZT3w8f2lc=
-291,333,Wqz8twRkZO+LiGs1fgbwM8ueRI8=,upWrwLwLyVNRhhuiokZT3w8f2lc=
-293,335,Wqz8twRkZO+LiGs1fgbwM8ueRI8=,upWrwLwLyVNRhhuiokZT3w8f2lc=
-294,335,Wqz8twRkZO+LiGs1fgbwM8ueRI8=,upWrwLwLyVNRhhuiokZT3w8f2lc=
-292,329,Wqz8twRkZO+LiGs1fgbwM8ueRI8=,upWrwLwLyVNRhhuiokZT3w8f2lc=
-293,327,Wqz8twRkZO+LiGs1fgbwM8ueRI8=,g5TcpX3sJ8RWfyK3G0AYd6L6qwg=
-292,330,Wqz8twRkZO+LiGs1fgbwM8ueRI8=,upWrwLwLyVNRhhuiokZT3w8f2lc=
-294,327,Wqz8twRkZO+LiGs1fgbwM8ueRI8=,g5TcpX3sJ8RWfyK3G0AYd6L6qwg=
-291,330,Wqz8twRkZO+LiGs1fgbwM8ueRI8=,upWrwLwLyVNRhhuiokZT3w8f2lc=
-295,327,Wqz8twRkZO+LiGs1fgbwM8ueRI8=,g5TcpX3sJ8RWfyK3G0AYd6L6qwg=
-293,329,Wqz8twRkZO+LiGs1fgbwM8ueRI8=,upWrwLwLyVNRhhuiokZT3w8f2lc=
-292,334,Wqz8twRkZO+LiGs1fgbwM8ueRI8=,upWrwLwLyVNRhhuiokZT3w8f2lc=
-291,334,Wqz8twRkZO+LiGs1fgbwM8ueRI8=,upWrwLwLyVNRhhuiokZT3w8f2lc=
-295,335,Wqz8twRkZO+LiGs1fgbwM8ueRI8=,upWrwLwLyVNRhhuiokZT3w8f2lc=
-289,332,Wqz8twRkZO+LiGs1fgbwM8ueRI8=,upWrwLwLyVNRhhuiokZT3w8f2lc=
-289,334,Wqz8twRkZO+LiGs1fgbwM8ueRI8=,upWrwLwLyVNRhhuiokZT3w8f2lc=
-294,331,Wqz8twRkZO+LiGs1fgbwM8ueRI8=,upWrwLwLyVNRhhuiokZT3w8f2lc=
-293,328,Wqz8twRkZO+LiGs1fgbwM8ueRI8=,upWrwLwLyVNRhhuiokZT3w8f2lc=
-290,334,Wqz8twRkZO+LiGs1fgbwM8ueRI8=,upWrwLwLyVNRhhuiokZT3w8f2lc=
-295,328,Wqz8twRkZO+LiGs1fgbwM8ueRI8=,upWrwLwLyVNRhhuiokZT3w8f2lc=
-294,329,Wqz8twRkZO+LiGs1fgbwM8ueRI8=,upWrwLwLyVNRhhuiokZT3w8f2lc=
-293,334,Wqz8twRkZO+LiGs1fgbwM8ueRI8=,upWrwLwLyVNRhhuiokZT3w8f2lc=
-295,329,Wqz8twRkZO+LiGs1fgbwM8ueRI8=,upWrwLwLyVNRhhuiokZT3w8f2lc=
-290,329,Wqz8twRkZO+LiGs1fgbwM8ueRI8=,upWrwLwLyVNRhhuiokZT3w8f2lc=
-290,332,Wqz8twRkZO+LiGs1fgbwM8ueRI8=,upWrwLwLyVNRhhuiokZT3w8f2lc=
-291,329,Wqz8twRkZO+LiGs1fgbwM8ueRI8=,upWrwLwLyVNRhhuiokZT3w8f2lc=
-292,333,Wqz8twRkZO+LiGs1fgbwM8ueRI8=,upWrwLwLyVNRhhuiokZT3w8f2lc=
-294,334,Wqz8twRkZO+LiGs1fgbwM8ueRI8=,upWrwLwLyVNRhhuiokZT3w8f2lc=
-293,333,Wqz8twRkZO+LiGs1fgbwM8ueRI8=,upWrwLwLyVNRhhuiokZT3w8f2lc=
-291,332,Wqz8twRkZO+LiGs1fgbwM8ueRI8=,upWrwLwLyVNRhhuiokZT3w8f2lc=
-289,329,Wqz8twRkZO+LiGs1fgbwM8ueRI8=,upWrwLwLyVNRhhuiokZT3w8f2lc=
-295,332,Wqz8twRkZO+LiGs1fgbwM8ueRI8=,upWrwLwLyVNRhhuiokZT3w8f2lc=
-292,332,Wqz8twRkZO+LiGs1fgbwM8ueRI8=,upWrwLwLyVNRhhuiokZT3w8f2lc=
-294,333,Wqz8twRkZO+LiGs1fgbwM8ueRI8=,upWrwLwLyVNRhhuiokZT3w8f2lc=
-290,330,Wqz8twRkZO+LiGs1fgbwM8ueRI8=,upWrwLwLyVNRhhuiokZT3w8f2lc=
-289,331,Wqz8twRkZO+LiGs1fgbwM8ueRI8=,upWrwLwLyVNRhhuiokZT3w8f2lc=
-293,332,Wqz8twRkZO+LiGs1fgbwM8ueRI8=,upWrwLwLyVNRhhuiokZT3w8f2lc=
-295,334,Wqz8twRkZO+LiGs1fgbwM8ueRI8=,upWrwLwLyVNRhhuiokZT3w8f2lc=
-294,332,Wqz8twRkZO+LiGs1fgbwM8ueRI8=,upWrwLwLyVNRhhuiokZT3w8f2lc=
-290,328,Wqz8twRkZO+LiGs1fgbwM8ueRI8=,upWrwLwLyVNRhhuiokZT3w8f2lc=
-290,331,Wqz8twRkZO+LiGs1fgbwM8ueRI8=,upWrwLwLyVNRhhuiokZT3w8f2lc=
-294,328,Wqz8twRkZO+LiGs1fgbwM8ueRI8=,upWrwLwLyVNRhhuiokZT3w8f2lc=
-292,328,Wqz8twRkZO+LiGs1fgbwM8ueRI8=,upWrwLwLyVNRhhuiokZT3w8f2lc=
-295,333,Wqz8twRkZO+LiGs1fgbwM8ueRI8=,upWrwLwLyVNRhhuiokZT3w8f2lc=
-295,330,Wqz8twRkZO+LiGs1fgbwM8ueRI8=,upWrwLwLyVNRhhuiokZT3w8f2lc=
-291,331,Wqz8twRkZO+LiGs1fgbwM8ueRI8=,upWrwLwLyVNRhhuiokZT3w8f2lc=
-291,328,Wqz8twRkZO+LiGs1fgbwM8ueRI8=,upWrwLwLyVNRhhuiokZT3w8f2lc=
-293,331,Wqz8twRkZO+LiGs1fgbwM8ueRI8=,upWrwLwLyVNRhhuiokZT3w8f2lc=
-293,330,Wqz8twRkZO+LiGs1fgbwM8ueRI8=,upWrwLwLyVNRhhuiokZT3w8f2lc=
-294,330,Wqz8twRkZO+LiGs1fgbwM8ueRI8=,upWrwLwLyVNRhhuiokZT3w8f2lc=
-292,331,Wqz8twRkZO+LiGs1fgbwM8ueRI8=,upWrwLwLyVNRhhuiokZT3w8f2lc=
-295,331,Wqz8twRkZO+LiGs1fgbwM8ueRI8=,upWrwLwLyVNRhhuiokZT3w8f2lc=
-300,325,Wqz8twRkZO+LiGs1fgbwM8ueRI8=,RrIuiaUQwORgzpE5uuEt/5M0uCM=
-299,325,Wqz8twRkZO+LiGs1fgbwM8ueRI8=,RrIuiaUQwORgzpE5uuEt/5M0uCM=
-289,330,Wqz8twRkZO+LiGs1fgbwM8ueRI8=,upWrwLwLyVNRhhuiokZT3w8f2lc=
-298,325,Wqz8twRkZO+LiGs1fgbwM8ueRI8=,RrIuiaUQwORgzpE5uuEt/5M0uCM=
-297,325,Wqz8twRkZO+LiGs1fgbwM8ueRI8=,RrIuiaUQwORgzpE5uuEt/5M0uCM=
-302,325,Wqz8twRkZO+LiGs1fgbwM8ueRI8=,RrIuiaUQwORgzpE5uuEt/5M0uCM=
-303,326,Wqz8twRkZO+LiGs1fgbwM8ueRI8=,RrIuiaUQwORgzpE5uuEt/5M0uCM=
-303,325,Wqz8twRkZO+LiGs1fgbwM8ueRI8=,RrIuiaUQwORgzpE5uuEt/5M0uCM=
-301,325,Wqz8twRkZO+LiGs1fgbwM8ueRI8=,RrIuiaUQwORgzpE5uuEt/5M0uCM=
-304,325,Wqz8twRkZO+LiGs1fgbwM8ueRI8=,RrIuiaUQwORgzpE5uuEt/5M0uCM=
-304,326,Wqz8twRkZO+LiGs1fgbwM8ueRI8=,RrIuiaUQwORgzpE5uuEt/5M0uCM=
-302,326,Wqz8twRkZO+LiGs1fgbwM8ueRI8=,RrIuiaUQwORgzpE5uuEt/5M0uCM=
-297,324,Wqz8twRkZO+LiGs1fgbwM8ueRI8=,RrIuiaUQwORgzpE5uuEt/5M0uCM=
-298,324,Wqz8twRkZO+LiGs1fgbwM8ueRI8=,RrIuiaUQwORgzpE5uuEt/5M0uCM=
-296,326,Wqz8twRkZO+LiGs1fgbwM8ueRI8=,g5TcpX3sJ8RWfyK3G0AYd6L6qwg=
-301,324,Wqz8twRkZO+LiGs1fgbwM8ueRI8=,RrIuiaUQwORgzpE5uuEt/5M0uCM=
-296,325,Wqz8twRkZO+LiGs1fgbwM8ueRI8=,g5TcpX3sJ8RWfyK3G0AYd6L6qwg=
-300,324,Wqz8twRkZO+LiGs1fgbwM8ueRI8=,RrIuiaUQwORgzpE5uuEt/5M0uCM=
-301,326,Wqz8twRkZO+LiGs1fgbwM8ueRI8=,RrIuiaUQwORgzpE5uuEt/5M0uCM=
-297,323,Wqz8twRkZO+LiGs1fgbwM8ueRI8=,RrIuiaUQwORgzpE5uuEt/5M0uCM=
-302,324,Wqz8twRkZO+LiGs1fgbwM8ueRI8=,RrIuiaUQwORgzpE5uuEt/5M0uCM=
-299,324,Wqz8twRkZO+LiGs1fgbwM8ueRI8=,RrIuiaUQwORgzpE5uuEt/5M0uCM=
-303,324,Wqz8twRkZO+LiGs1fgbwM8ueRI8=,RrIuiaUQwORgzpE5uuEt/5M0uCM=
-304,324,Wqz8twRkZO+LiGs1fgbwM8ueRI8=,RrIuiaUQwORgzpE5uuEt/5M0uCM=
-300,323,Wqz8twRkZO+LiGs1fgbwM8ueRI8=,RrIuiaUQwORgzpE5uuEt/5M0uCM=
-299,323,Wqz8twRkZO+LiGs1fgbwM8ueRI8=,RrIuiaUQwORgzpE5uuEt/5M0uCM=
-298,323,Wqz8twRkZO+LiGs1fgbwM8ueRI8=,RrIuiaUQwORgzpE5uuEt/5M0uCM=
-300,326,Wqz8twRkZO+LiGs1fgbwM8ueRI8=,RrIuiaUQwORgzpE5uuEt/5M0uCM=
-301,323,Wqz8twRkZO+LiGs1fgbwM8ueRI8=,RrIuiaUQwORgzpE5uuEt/5M0uCM=
-296,324,Wqz8twRkZO+LiGs1fgbwM8ueRI8=,g5TcpX3sJ8RWfyK3G0AYd6L6qwg=
-297,322,Wqz8twRkZO+LiGs1fgbwM8ueRI8=,RrIuiaUQwORgzpE5uuEt/5M0uCM=
-303,323,Wqz8twRkZO+LiGs1fgbwM8ueRI8=,RrIuiaUQwORgzpE5uuEt/5M0uCM=
-302,323,Wqz8twRkZO+LiGs1fgbwM8ueRI8=,RrIuiaUQwORgzpE5uuEt/5M0uCM=
-299,322,Wqz8twRkZO+LiGs1fgbwM8ueRI8=,RrIuiaUQwORgzpE5uuEt/5M0uCM=
-304,323,Wqz8twRkZO+LiGs1fgbwM8ueRI8=,RrIuiaUQwORgzpE5uuEt/5M0uCM=
-300,322,Wqz8twRkZO+LiGs1fgbwM8ueRI8=,RrIuiaUQwORgzpE5uuEt/5M0uCM=
-301,322,Wqz8twRkZO+LiGs1fgbwM8ueRI8=,RrIuiaUQwORgzpE5uuEt/5M0uCM=
-299,326,Wqz8twRkZO+LiGs1fgbwM8ueRI8=,RrIuiaUQwORgzpE5uuEt/5M0uCM=
-302,322,Wqz8twRkZO+LiGs1fgbwM8ueRI8=,RrIuiaUQwORgzpE5uuEt/5M0uCM=
-297,321,Wqz8twRkZO+LiGs1fgbwM8ueRI8=,RrIuiaUQwORgzpE5uuEt/5M0uCM=
-296,323,Wqz8twRkZO+LiGs1fgbwM8ueRI8=,g5TcpX3sJ8RWfyK3G0AYd6L6qwg=
-298,326,Wqz8twRkZO+LiGs1fgbwM8ueRI8=,RrIuiaUQwORgzpE5uuEt/5M0uCM=
-299,321,Wqz8twRkZO+LiGs1fgbwM8ueRI8=,RrIuiaUQwORgzpE5uuEt/5M0uCM=
-296,322,Wqz8twRkZO+LiGs1fgbwM8ueRI8=,g5TcpX3sJ8RWfyK3G0AYd6L6qwg=
-302,321,Wqz8twRkZO+LiGs1fgbwM8ueRI8=,RrIuiaUQwORgzpE5uuEt/5M0uCM=
-300,321,Wqz8twRkZO+LiGs1fgbwM8ueRI8=,RrIuiaUQwORgzpE5uuEt/5M0uCM=
-303,322,Wqz8twRkZO+LiGs1fgbwM8ueRI8=,RrIuiaUQwORgzpE5uuEt/5M0uCM=
-301,321,Wqz8twRkZO+LiGs1fgbwM8ueRI8=,RrIuiaUQwORgzpE5uuEt/5M0uCM=
-296,321,Wqz8twRkZO+LiGs1fgbwM8ueRI8=,g5TcpX3sJ8RWfyK3G0AYd6L6qwg=
-298,322,Wqz8twRkZO+LiGs1fgbwM8ueRI8=,RrIuiaUQwORgzpE5uuEt/5M0uCM=
-304,322,Wqz8twRkZO+LiGs1fgbwM8ueRI8=,RrIuiaUQwORgzpE5uuEt/5M0uCM=
-304,321,Wqz8twRkZO+LiGs1fgbwM8ueRI8=,RrIuiaUQwORgzpE5uuEt/5M0uCM=
-297,326,Wqz8twRkZO+LiGs1fgbwM8ueRI8=,RrIuiaUQwORgzpE5uuEt/5M0uCM=
-303,321,Wqz8twRkZO+LiGs1fgbwM8ueRI8=,RrIuiaUQwORgzpE5uuEt/5M0uCM=
-298,321,Wqz8twRkZO+LiGs1fgbwM8ueRI8=,RrIuiaUQwORgzpE5uuEt/5M0uCM=
-303,320,Wqz8twRkZO+LiGs1fgbwM8ueRI8=,RrIuiaUQwORgzpE5uuEt/5M0uCM=
-302,320,Wqz8twRkZO+LiGs1fgbwM8ueRI8=,RrIuiaUQwORgzpE5uuEt/5M0uCM=
-301,320,Wqz8twRkZO+LiGs1fgbwM8ueRI8=,RrIuiaUQwORgzpE5uuEt/5M0uCM=
-300,320,Wqz8twRkZO+LiGs1fgbwM8ueRI8=,RrIuiaUQwORgzpE5uuEt/5M0uCM=
-298,320,Wqz8twRkZO+LiGs1fgbwM8ueRI8=,RrIuiaUQwORgzpE5uuEt/5M0uCM=
-289,327,Wqz8twRkZO+LiGs1fgbwM8ueRI8=,g5TcpX3sJ8RWfyK3G0AYd6L6qwg=
-299,320,Wqz8twRkZO+LiGs1fgbwM8ueRI8=,RrIuiaUQwORgzpE5uuEt/5M0uCM=
-289,321,Wqz8twRkZO+LiGs1fgbwM8ueRI8=,g5TcpX3sJ8RWfyK3G0AYd6L6qwg=
-289,325,Wqz8twRkZO+LiGs1fgbwM8ueRI8=,g5TcpX3sJ8RWfyK3G0AYd6L6qwg=
-289,323,Wqz8twRkZO+LiGs1fgbwM8ueRI8=,g5TcpX3sJ8RWfyK3G0AYd6L6qwg=
-289,324,Wqz8twRkZO+LiGs1fgbwM8ueRI8=,g5TcpX3sJ8RWfyK3G0AYd6L6qwg=
-289,328,Wqz8twRkZO+LiGs1fgbwM8ueRI8=,upWrwLwLyVNRhhuiokZT3w8f2lc=
-289,322,Wqz8twRkZO+LiGs1fgbwM8ueRI8=,g5TcpX3sJ8RWfyK3G0AYd6L6qwg=
-289,326,Wqz8twRkZO+LiGs1fgbwM8ueRI8=,g5TcpX3sJ8RWfyK3G0AYd6L6qwg=
-297,320,Wqz8twRkZO+LiGs1fgbwM8ueRI8=,RrIuiaUQwORgzpE5uuEt/5M0uCM=
-296,320,Wqz8twRkZO+LiGs1fgbwM8ueRI8=,g5TcpX3sJ8RWfyK3G0AYd6L6qwg=
-289,320,Wqz8twRkZO+LiGs1fgbwM8ueRI8=,g5TcpX3sJ8RWfyK3G0AYd6L6qwg=
-295,320,Wqz8twRkZO+LiGs1fgbwM8ueRI8=,g5TcpX3sJ8RWfyK3G0AYd6L6qwg=
-290,320,Wqz8twRkZO+LiGs1fgbwM8ueRI8=,g5TcpX3sJ8RWfyK3G0AYd6L6qwg=
-291,320,Wqz8twRkZO+LiGs1fgbwM8ueRI8=,g5TcpX3sJ8RWfyK3G0AYd6L6qwg=
-292,320,Wqz8twRkZO+LiGs1fgbwM8ueRI8=,g5TcpX3sJ8RWfyK3G0AYd6L6qwg=
-293,320,Wqz8twRkZO+LiGs1fgbwM8ueRI8=,g5TcpX3sJ8RWfyK3G0AYd6L6qwg=
-294,320,Wqz8twRkZO+LiGs1fgbwM8ueRI8=,g5TcpX3sJ8RWfyK3G0AYd6L6qwg=
-289,335,Wqz8twRkZO+LiGs1fgbwM8ueRI8=,upWrwLwLyVNRhhuiokZT3w8f2lc=
-304,320,Wqz8twRkZO+LiGs1fgbwM8ueRI8=,RrIuiaUQwORgzpE5uuEt/5M0uCM=
-301,331,Wqz8twRkZO+LiGs1fgbwM8ueRI8=,ujUGRlsP5PSvQ/NAkLmwhQT9rMA=
-297,335,Wqz8twRkZO+LiGs1fgbwM8ueRI8=,ujUGRlsP5PSvQ/NAkLmwhQT9rMA=
-300,331,Wqz8twRkZO+LiGs1fgbwM8ueRI8=,ujUGRlsP5PSvQ/NAkLmwhQT9rMA=
-296,327,Wqz8twRkZO+LiGs1fgbwM8ueRI8=,g5TcpX3sJ8RWfyK3G0AYd6L6qwg=
-299,335,Wqz8twRkZO+LiGs1fgbwM8ueRI8=,ujUGRlsP5PSvQ/NAkLmwhQT9rMA=
-298,335,Wqz8twRkZO+LiGs1fgbwM8ueRI8=,ujUGRlsP5PSvQ/NAkLmwhQT9rMA=
-299,331,Wqz8twRkZO+LiGs1fgbwM8ueRI8=,ujUGRlsP5PSvQ/NAkLmwhQT9rMA=
-303,331,Wqz8twRkZO+LiGs1fgbwM8ueRI8=,ujUGRlsP5PSvQ/NAkLmwhQT9rMA=
-296,328,Wqz8twRkZO+LiGs1fgbwM8ueRI8=,upWrwLwLyVNRhhuiokZT3w8f2lc=
-296,334,Wqz8twRkZO+LiGs1fgbwM8ueRI8=,upWrwLwLyVNRhhuiokZT3w8f2lc=
-298,331,Wqz8twRkZO+LiGs1fgbwM8ueRI8=,ujUGRlsP5PSvQ/NAkLmwhQT9rMA=
-297,330,Wqz8twRkZO+LiGs1fgbwM8ueRI8=,ujUGRlsP5PSvQ/NAkLmwhQT9rMA=
-296,335,Wqz8twRkZO+LiGs1fgbwM8ueRI8=,upWrwLwLyVNRhhuiokZT3w8f2lc=
-300,335,Wqz8twRkZO+LiGs1fgbwM8ueRI8=,ujUGRlsP5PSvQ/NAkLmwhQT9rMA=
-296,333,Wqz8twRkZO+LiGs1fgbwM8ueRI8=,upWrwLwLyVNRhhuiokZT3w8f2lc=
-301,335,Wqz8twRkZO+LiGs1fgbwM8ueRI8=,ujUGRlsP5PSvQ/NAkLmwhQT9rMA=
-304,331,Wqz8twRkZO+LiGs1fgbwM8ueRI8=,ujUGRlsP5PSvQ/NAkLmwhQT9rMA=
-298,330,Wqz8twRkZO+LiGs1fgbwM8ueRI8=,ujUGRlsP5PSvQ/NAkLmwhQT9rMA=
-304,327,Wqz8twRkZO+LiGs1fgbwM8ueRI8=,RrIuiaUQwORgzpE5uuEt/5M0uCM=
-297,331,Wqz8twRkZO+LiGs1fgbwM8ueRI8=,ujUGRlsP5PSvQ/NAkLmwhQT9rMA=
-302,335,Wqz8twRkZO+LiGs1fgbwM8ueRI8=,ujUGRlsP5PSvQ/NAkLmwhQT9rMA=
-300,330,Wqz8twRkZO+LiGs1fgbwM8ueRI8=,ujUGRlsP5PSvQ/NAkLmwhQT9rMA=
-303,335,Wqz8twRkZO+LiGs1fgbwM8ueRI8=,ujUGRlsP5PSvQ/NAkLmwhQT9rMA=
-296,330,Wqz8twRkZO+LiGs1fgbwM8ueRI8=,upWrwLwLyVNRhhuiokZT3w8f2lc=
-304,335,Wqz8twRkZO+LiGs1fgbwM8ueRI8=,ujUGRlsP5PSvQ/NAkLmwhQT9rMA=
-297,334,Wqz8twRkZO+LiGs1fgbwM8ueRI8=,ujUGRlsP5PSvQ/NAkLmwhQT9rMA=
-298,334,Wqz8twRkZO+LiGs1fgbwM8ueRI8=,ujUGRlsP5PSvQ/NAkLmwhQT9rMA=
-304,332,Wqz8twRkZO+LiGs1fgbwM8ueRI8=,ujUGRlsP5PSvQ/NAkLmwhQT9rMA=
-299,330,Wqz8twRkZO+LiGs1fgbwM8ueRI8=,ujUGRlsP5PSvQ/NAkLmwhQT9rMA=
-303,332,Wqz8twRkZO+LiGs1fgbwM8ueRI8=,ujUGRlsP5PSvQ/NAkLmwhQT9rMA=
-301,330,Wqz8twRkZO+LiGs1fgbwM8ueRI8=,ujUGRlsP5PSvQ/NAkLmwhQT9rMA=
-303,327,Wqz8twRkZO+LiGs1fgbwM8ueRI8=,RrIuiaUQwORgzpE5uuEt/5M0uCM=
-299,334,Wqz8twRkZO+LiGs1fgbwM8ueRI8=,ujUGRlsP5PSvQ/NAkLmwhQT9rMA=
-302,331,Wqz8twRkZO+LiGs1fgbwM8ueRI8=,ujUGRlsP5PSvQ/NAkLmwhQT9rMA=
-302,327,Wqz8twRkZO+LiGs1fgbwM8ueRI8=,RrIuiaUQwORgzpE5uuEt/5M0uCM=
-300,334,Wqz8twRkZO+LiGs1fgbwM8ueRI8=,ujUGRlsP5PSvQ/NAkLmwhQT9rMA=
-304,334,Wqz8twRkZO+LiGs1fgbwM8ueRI8=,ujUGRlsP5PSvQ/NAkLmwhQT9rMA=
-301,334,Wqz8twRkZO+LiGs1fgbwM8ueRI8=,ujUGRlsP5PSvQ/NAkLmwhQT9rMA=
-303,334,Wqz8twRkZO+LiGs1fgbwM8ueRI8=,ujUGRlsP5PSvQ/NAkLmwhQT9rMA=
-302,334,Wqz8twRkZO+LiGs1fgbwM8ueRI8=,ujUGRlsP5PSvQ/NAkLmwhQT9rMA=
-301,327,Wqz8twRkZO+LiGs1fgbwM8ueRI8=,RrIuiaUQwORgzpE5uuEt/5M0uCM=
-296,331,Wqz8twRkZO+LiGs1fgbwM8ueRI8=,upWrwLwLyVNRhhuiokZT3w8f2lc=
-300,327,Wqz8twRkZO+LiGs1fgbwM8ueRI8=,RrIuiaUQwORgzpE5uuEt/5M0uCM=
-299,333,Wqz8twRkZO+LiGs1fgbwM8ueRI8=,ujUGRlsP5PSvQ/NAkLmwhQT9rMA=
-298,333,Wqz8twRkZO+LiGs1fgbwM8ueRI8=,ujUGRlsP5PSvQ/NAkLmwhQT9rMA=
-299,327,Wqz8twRkZO+LiGs1fgbwM8ueRI8=,RrIuiaUQwORgzpE5uuEt/5M0uCM=
-304,330,Wqz8twRkZO+LiGs1fgbwM8ueRI8=,ujUGRlsP5PSvQ/NAkLmwhQT9rMA=
-300,333,Wqz8twRkZO+LiGs1fgbwM8ueRI8=,ujUGRlsP5PSvQ/NAkLmwhQT9rMA=
-297,329,Wqz8twRkZO+LiGs1fgbwM8ueRI8=,ujUGRlsP5PSvQ/NAkLmwhQT9rMA=
-297,333,Wqz8twRkZO+LiGs1fgbwM8ueRI8=,ujUGRlsP5PSvQ/NAkLmwhQT9rMA=
-296,332,Wqz8twRkZO+LiGs1fgbwM8ueRI8=,upWrwLwLyVNRhhuiokZT3w8f2lc=
-301,333,Wqz8twRkZO+LiGs1fgbwM8ueRI8=,ujUGRlsP5PSvQ/NAkLmwhQT9rMA=
-301,332,Wqz8twRkZO+LiGs1fgbwM8ueRI8=,ujUGRlsP5PSvQ/NAkLmwhQT9rMA=
-302,332,Wqz8twRkZO+LiGs1fgbwM8ueRI8=,ujUGRlsP5PSvQ/NAkLmwhQT9rMA=
-300,329,Wqz8twRkZO+LiGs1fgbwM8ueRI8=,ujUGRlsP5PSvQ/NAkLmwhQT9rMA=
-299,329,Wqz8twRkZO+LiGs1fgbwM8ueRI8=,ujUGRlsP5PSvQ/NAkLmwhQT9rMA=
-301,329,Wqz8twRkZO+LiGs1fgbwM8ueRI8=,ujUGRlsP5PSvQ/NAkLmwhQT9rMA=
-298,327,Wqz8twRkZO+LiGs1fgbwM8ueRI8=,RrIuiaUQwORgzpE5uuEt/5M0uCM=
-298,329,Wqz8twRkZO+LiGs1fgbwM8ueRI8=,ujUGRlsP5PSvQ/NAkLmwhQT9rMA=
-302,329,Wqz8twRkZO+LiGs1fgbwM8ueRI8=,ujUGRlsP5PSvQ/NAkLmwhQT9rMA=
-297,327,Wqz8twRkZO+LiGs1fgbwM8ueRI8=,RrIuiaUQwORgzpE5uuEt/5M0uCM=
-303,333,Wqz8twRkZO+LiGs1fgbwM8ueRI8=,ujUGRlsP5PSvQ/NAkLmwhQT9rMA=
-296,329,Wqz8twRkZO+LiGs1fgbwM8ueRI8=,upWrwLwLyVNRhhuiokZT3w8f2lc=
-304,329,Wqz8twRkZO+LiGs1fgbwM8ueRI8=,ujUGRlsP5PSvQ/NAkLmwhQT9rMA=
-302,333,Wqz8twRkZO+LiGs1fgbwM8ueRI8=,ujUGRlsP5PSvQ/NAkLmwhQT9rMA=
-303,329,Wqz8twRkZO+LiGs1fgbwM8ueRI8=,ujUGRlsP5PSvQ/NAkLmwhQT9rMA=
-304,333,Wqz8twRkZO+LiGs1fgbwM8ueRI8=,ujUGRlsP5PSvQ/NAkLmwhQT9rMA=
-298,332,Wqz8twRkZO+LiGs1fgbwM8ueRI8=,ujUGRlsP5PSvQ/NAkLmwhQT9rMA=
-300,332,Wqz8twRkZO+LiGs1fgbwM8ueRI8=,ujUGRlsP5PSvQ/NAkLmwhQT9rMA=
-298,328,Wqz8twRkZO+LiGs1fgbwM8ueRI8=,ujUGRlsP5PSvQ/NAkLmwhQT9rMA=
-297,332,Wqz8twRkZO+LiGs1fgbwM8ueRI8=,ujUGRlsP5PSvQ/NAkLmwhQT9rMA=
-299,328,Wqz8twRkZO+LiGs1fgbwM8ueRI8=,ujUGRlsP5PSvQ/NAkLmwhQT9rMA=
-304,328,Wqz8twRkZO+LiGs1fgbwM8ueRI8=,ujUGRlsP5PSvQ/NAkLmwhQT9rMA=
-299,332,Wqz8twRkZO+LiGs1fgbwM8ueRI8=,ujUGRlsP5PSvQ/NAkLmwhQT9rMA=
-301,328,Wqz8twRkZO+LiGs1fgbwM8ueRI8=,ujUGRlsP5PSvQ/NAkLmwhQT9rMA=
-297,328,Wqz8twRkZO+LiGs1fgbwM8ueRI8=,ujUGRlsP5PSvQ/NAkLmwhQT9rMA=
-303,328,Wqz8twRkZO+LiGs1fgbwM8ueRI8=,ujUGRlsP5PSvQ/NAkLmwhQT9rMA=
-300,328,Wqz8twRkZO+LiGs1fgbwM8ueRI8=,ujUGRlsP5PSvQ/NAkLmwhQT9rMA=
-303,330,Wqz8twRkZO+LiGs1fgbwM8ueRI8=,ujUGRlsP5PSvQ/NAkLmwhQT9rMA=
-302,328,Wqz8twRkZO+LiGs1fgbwM8ueRI8=,ujUGRlsP5PSvQ/NAkLmwhQT9rMA=
-302,330,Wqz8twRkZO+LiGs1fgbwM8ueRI8=,ujUGRlsP5PSvQ/NAkLmwhQT9rMA=
