363,-18,9M1QpQKlQRmZDHrbqWh9/zg0YYA=,LwYKO6OzNs0Oj89FfsYXYN4vbE8=
364,-18,9M1QpQKlQRmZDHrbqWh9/zg0YYA=,LwYKO6OzNs0Oj89FfsYXYN4vbE8=
362,-18,9M1QpQKlQRmZDHrbqWh9/zg0YYA=,LwYKO6OzNs0Oj89FfsYXYN4vbE8=
365,-18,9M1QpQKlQRmZDHrbqWh9/zg0YYA=,LwYKO6OzNs0Oj89FfsYXYN4vbE8=
366,-20,H42DkFHH+IVX1cE9fdcJObjdmOc=,LwYKO6OzNs0Oj89FfsYXYN4vbE8=
365,-19,H42DkFHH+IVX1cE9fdcJObjdmOc=,LwYKO6OzNs0Oj89FfsYXYN4vbE8=
363,-19,H42DkFHH+IVX1cE9fdcJObjdmOc=,LwYKO6OzNs0Oj89FfsYXYN4vbE8=
364,-19,H42DkFHH+IVX1cE9fdcJObjdmOc=,LwYKO6OzNs0Oj89FfsYXYN4vbE8=
366,-19,H42DkFHH+IVX1cE9fdcJObjdmOc=,LwYKO6OzNs0Oj89FfsYXYN4vbE8=
361,-22,H42DkFHH+IVX1cE9fdcJObjdmOc=,LwYKO6OzNs0Oj89FfsYXYN4vbE8=
362,-20,H42DkFHH+IVX1cE9fdcJObjdmOc=,LwYKO6OzNs0Oj89FfsYXYN4vbE8=
362,-22,H42DkFHH+IVX1cE9fdcJObjdmOc=,LwYKO6OzNs0Oj89FfsYXYN4vbE8=
363,-22,H42DkFHH+IVX1cE9fdcJObjdmOc=,LwYKO6OzNs0Oj89FfsYXYN4vbE8=
361,-18,H42DkFHH+IVX1cE9fdcJObjdmOc=,LwYKO6OzNs0Oj89FfsYXYN4vbE8=
364,-20,H42DkFHH+IVX1cE9fdcJObjdmOc=,LwYKO6OzNs0Oj89FfsYXYN4vbE8=
361,-20,H42DkFHH+IVX1cE9fdcJObjdmOc=,LwYKO6OzNs0Oj89FfsYXYN4vbE8=
366,-23,H42DkFHH+IVX1cE9fdcJObjdmOc=,LwYKO6OzNs0Oj89FfsYXYN4vbE8=
366,-21,H42DkFHH+IVX1cE9fdcJObjdmOc=,LwYKO6OzNs0Oj89FfsYXYN4vbE8=
364,-21,H42DkFHH+IVX1cE9fdcJObjdmOc=,LwYKO6OzNs0Oj89FfsYXYN4vbE8=
365,-21,H42DkFHH+IVX1cE9fdcJObjdmOc=,LwYKO6OzNs0Oj89FfsYXYN4vbE8=
366,-18,H42DkFHH+IVX1cE9fdcJObjdmOc=,LwYKO6OzNs0Oj89FfsYXYN4vbE8=
362,-23,H42DkFHH+IVX1cE9fdcJObjdmOc=,LwYKO6OzNs0Oj89FfsYXYN4vbE8=
365,-20,H42DkFHH+IVX1cE9fdcJObjdmOc=,LwYKO6OzNs0Oj89FfsYXYN4vbE8=
366,-22,H42DkFHH+IVX1cE9fdcJObjdmOc=,LwYKO6OzNs0Oj89FfsYXYN4vbE8=
362,-21,H42DkFHH+IVX1cE9fdcJObjdmOc=,LwYKO6OzNs0Oj89FfsYXYN4vbE8=
365,-22,H42DkFHH+IVX1cE9fdcJObjdmOc=,LwYKO6OzNs0Oj89FfsYXYN4vbE8=
361,-23,H42DkFHH+IVX1cE9fdcJObjdmOc=,LwYKO6OzNs0Oj89FfsYXYN4vbE8=
363,-23,H42DkFHH+IVX1cE9fdcJObjdmOc=,LwYKO6OzNs0Oj89FfsYXYN4vbE8=
364,-22,H42DkFHH+IVX1cE9fdcJObjdmOc=,LwYKO6OzNs0Oj89FfsYXYN4vbE8=
363,-20,H42DkFHH+IVX1cE9fdcJObjdmOc=,LwYKO6OzNs0Oj89FfsYXYN4vbE8=
363,-21,H42DkFHH+IVX1cE9fdcJObjdmOc=,LwYKO6OzNs0Oj89FfsYXYN4vbE8=
362,-19,H42DkFHH+IVX1cE9fdcJObjdmOc=,LwYKO6OzNs0Oj89FfsYXYN4vbE8=
365,-23,H42DkFHH+IVX1cE9fdcJObjdmOc=,LwYKO6OzNs0Oj89FfsYXYN4vbE8=
361,-21,H42DkFHH+IVX1cE9fdcJObjdmOc=,LwYKO6OzNs0Oj89FfsYXYN4vbE8=
364,-23,H42DkFHH+IVX1cE9fdcJObjdmOc=,LwYKO6OzNs0Oj89FfsYXYN4vbE8=
358,-17,H42DkFHH+IVX1cE9fdcJObjdmOc=,tYkFQgl7K7IwuRoOpVPyj/2e/rs=
361,-19,H42DkFHH+IVX1cE9fdcJObjdmOc=,LwYKO6OzNs0Oj89FfsYXYN4vbE8=
353,-21,H42DkFHH+IVX1cE9fdcJObjdmOc=,tYkFQgl7K7IwuRoOpVPyj/2e/rs=
354,-17,H42DkFHH+IVX1cE9fdcJObjdmOc=,tYkFQgl7K7IwuRoOpVPyj/2e/rs=
356,-21,H42DkFHH+IVX1cE9fdcJObjdmOc=,tYkFQgl7K7IwuRoOpVPyj/2e/rs=
352,-21,H42DkFHH+IVX1cE9fdcJObjdmOc=,tYkFQgl7K7IwuRoOpVPyj/2e/rs=
357,-17,H42DkFHH+IVX1cE9fdcJObjdmOc=,tYkFQgl7K7IwuRoOpVPyj/2e/rs=
360,-18,H42DkFHH+IVX1cE9fdcJObjdmOc=,LwYKO6OzNs0Oj89FfsYXYN4vbE8=
354,-21,H42DkFHH+IVX1cE9fdcJObjdmOc=,tYkFQgl7K7IwuRoOpVPyj/2e/rs=
355,-21,H42DkFHH+IVX1cE9fdcJObjdmOc=,tYkFQgl7K7IwuRoOpVPyj/2e/rs=
355,-17,H42DkFHH+IVX1cE9fdcJObjdmOc=,tYkFQgl7K7IwuRoOpVPyj/2e/rs=
358,-22,H42DkFHH+IVX1cE9fdcJObjdmOc=,tYkFQgl7K7IwuRoOpVPyj/2e/rs=
357,-21,H42DkFHH+IVX1cE9fdcJObjdmOc=,tYkFQgl7K7IwuRoOpVPyj/2e/rs=
357,-22,H42DkFHH+IVX1cE9fdcJObjdmOc=,tYkFQgl7K7IwuRoOpVPyj/2e/rs=
356,-17,H42DkFHH+IVX1cE9fdcJObjdmOc=,tYkFQgl7K7IwuRoOpVPyj/2e/rs=
358,-21,H42DkFHH+IVX1cE9fdcJObjdmOc=,tYkFQgl7K7IwuRoOpVPyj/2e/rs=
355,-22,H42DkFHH+IVX1cE9fdcJObjdmOc=,tYkFQgl7K7IwuRoOpVPyj/2e/rs=
358,-18,H42DkFHH+IVX1cE9fdcJObjdmOc=,tYkFQgl7K7IwuRoOpVPyj/2e/rs=
359,-23,H42DkFHH+IVX1cE9fdcJObjdmOc=,tYkFQgl7K7IwuRoOpVPyj/2e/rs=
359,-18,H42DkFHH+IVX1cE9fdcJObjdmOc=,tYkFQgl7K7IwuRoOpVPyj/2e/rs=
359,-21,H42DkFHH+IVX1cE9fdcJObjdmOc=,tYkFQgl7K7IwuRoOpVPyj/2e/rs=
353,-22,H42DkFHH+IVX1cE9fdcJObjdmOc=,tYkFQgl7K7IwuRoOpVPyj/2e/rs=
357,-18,H42DkFHH+IVX1cE9fdcJObjdmOc=,tYkFQgl7K7IwuRoOpVPyj/2e/rs=
352,-22,H42DkFHH+IVX1cE9fdcJObjdmOc=,tYkFQgl7K7IwuRoOpVPyj/2e/rs=
358,-23,H42DkFHH+IVX1cE9fdcJObjdmOc=,tYkFQgl7K7IwuRoOpVPyj/2e/rs=
360,-23,H42DkFHH+IVX1cE9fdcJObjdmOc=,LwYKO6OzNs0Oj89FfsYXYN4vbE8=
354,-23,H42DkFHH+IVX1cE9fdcJObjdmOc=,tYkFQgl7K7IwuRoOpVPyj/2e/rs=
356,-23,H42DkFHH+IVX1cE9fdcJObjdmOc=,tYkFQgl7K7IwuRoOpVPyj/2e/rs=
354,-22,H42DkFHH+IVX1cE9fdcJObjdmOc=,tYkFQgl7K7IwuRoOpVPyj/2e/rs=
357,-23,H42DkFHH+IVX1cE9fdcJObjdmOc=,tYkFQgl7K7IwuRoOpVPyj/2e/rs=
352,-23,H42DkFHH+IVX1cE9fdcJObjdmOc=,tYkFQgl7K7IwuRoOpVPyj/2e/rs=
356,-18,H42DkFHH+IVX1cE9fdcJObjdmOc=,tYkFQgl7K7IwuRoOpVPyj/2e/rs=
352,-20,H42DkFHH+IVX1cE9fdcJObjdmOc=,tYkFQgl7K7IwuRoOpVPyj/2e/rs=
353,-18,H42DkFHH+IVX1cE9fdcJObjdmOc=,tYkFQgl7K7IwuRoOpVPyj/2e/rs=
353,-17,H42DkFHH+IVX1cE9fdcJObjdmOc=,tYkFQgl7K7IwuRoOpVPyj/2e/rs=
355,-23,H42DkFHH+IVX1cE9fdcJObjdmOc=,tYkFQgl7K7IwuRoOpVPyj/2e/rs=
359,-19,H42DkFHH+IVX1cE9fdcJObjdmOc=,tYkFQgl7K7IwuRoOpVPyj/2e/rs=
360,-20,H42DkFHH+IVX1cE9fdcJObjdmOc=,LwYKO6OzNs0Oj89FfsYXYN4vbE8=
353,-20,H42DkFHH+IVX1cE9fdcJObjdmOc=,tYkFQgl7K7IwuRoOpVPyj/2e/rs=
354,-18,H42DkFHH+IVX1cE9fdcJObjdmOc=,tYkFQgl7K7IwuRoOpVPyj/2e/rs=
355,-18,H42DkFHH+IVX1cE9fdcJObjdmOc=,tYkFQgl7K7IwuRoOpVPyj/2e/rs=
355,-19,H42DkFHH+IVX1cE9fdcJObjdmOc=,tYkFQgl7K7IwuRoOpVPyj/2e/rs=
354,-20,H42DkFHH+IVX1cE9fdcJObjdmOc=,tYkFQgl7K7IwuRoOpVPyj/2e/rs=
360,-22,H42DkFHH+IVX1cE9fdcJObjdmOc=,LwYKO6OzNs0Oj89FfsYXYN4vbE8=
360,-21,H42DkFHH+IVX1cE9fdcJObjdmOc=,LwYKO6OzNs0Oj89FfsYXYN4vbE8=
355,-20,H42DkFHH+IVX1cE9fdcJObjdmOc=,tYkFQgl7K7IwuRoOpVPyj/2e/rs=
353,-19,H42DkFHH+IVX1cE9fdcJObjdmOc=,tYkFQgl7K7IwuRoOpVPyj/2e/rs=
354,-19,H42DkFHH+IVX1cE9fdcJObjdmOc=,tYkFQgl7K7IwuRoOpVPyj/2e/rs=
356,-19,H42DkFHH+IVX1cE9fdcJObjdmOc=,tYkFQgl7K7IwuRoOpVPyj/2e/rs=
360,-19,H42DkFHH+IVX1cE9fdcJObjdmOc=,LwYKO6OzNs0Oj89FfsYXYN4vbE8=
352,-19,H42DkFHH+IVX1cE9fdcJObjdmOc=,tYkFQgl7K7IwuRoOpVPyj/2e/rs=
357,-20,H42DkFHH+IVX1cE9fdcJObjdmOc=,tYkFQgl7K7IwuRoOpVPyj/2e/rs=
359,-20,H42DkFHH+IVX1cE9fdcJObjdmOc=,tYkFQgl7K7IwuRoOpVPyj/2e/rs=
353,-23,H42DkFHH+IVX1cE9fdcJObjdmOc=,tYkFQgl7K7IwuRoOpVPyj/2e/rs=
356,-20,H42DkFHH+IVX1cE9fdcJObjdmOc=,tYkFQgl7K7IwuRoOpVPyj/2e/rs=
358,-20,H42DkFHH+IVX1cE9fdcJObjdmOc=,tYkFQgl7K7IwuRoOpVPyj/2e/rs=
356,-22,H42DkFHH+IVX1cE9fdcJObjdmOc=,tYkFQgl7K7IwuRoOpVPyj/2e/rs=
358,-19,H42DkFHH+IVX1cE9fdcJObjdmOc=,tYkFQgl7K7IwuRoOpVPyj/2e/rs=
359,-22,H42DkFHH+IVX1cE9fdcJObjdmOc=,tYkFQgl7K7IwuRoOpVPyj/2e/rs=
352,-18,H42DkFHH+IVX1cE9fdcJObjdmOc=,tYkFQgl7K7IwuRoOpVPyj/2e/rs=
357,-19,H42DkFHH+IVX1cE9fdcJObjdmOc=,tYkFQgl7K7IwuRoOpVPyj/2e/rs=
367,-19,H42DkFHH+IVX1cE9fdcJObjdmOc=,LwYKO6OzNs0Oj89FfsYXYN4vbE8=
367,-23,H42DkFHH+IVX1cE9fdcJObjdmOc=,LwYKO6OzNs0Oj89FfsYXYN4vbE8=
367,-20,H42DkFHH+IVX1cE9fdcJObjdmOc=,LwYKO6OzNs0Oj89FfsYXYN4vbE8=
367,-18,H42DkFHH+IVX1cE9fdcJObjdmOc=,LwYKO6OzNs0Oj89FfsYXYN4vbE8=
367,-21,H42DkFHH+IVX1cE9fdcJObjdmOc=,LwYKO6OzNs0Oj89FfsYXYN4vbE8=
367,-22,H42DkFHH+IVX1cE9fdcJObjdmOc=,LwYKO6OzNs0Oj89FfsYXYN4vbE8=
352,-17,H42DkFHH+IVX1cE9fdcJObjdmOc=,tYkFQgl7K7IwuRoOpVPyj/2e/rs=
360,-17,H42DkFHH+IVX1cE9fdcJObjdmOc=,LwYKO6OzNs0Oj89FfsYXYN4vbE8=
362,-17,H42DkFHH+IVX1cE9fdcJObjdmOc=,LwYKO6OzNs0Oj89FfsYXYN4vbE8=
366,-17,H42DkFHH+IVX1cE9fdcJObjdmOc=,LwYKO6OzNs0Oj89FfsYXYN4vbE8=
363,-17,H42DkFHH+IVX1cE9fdcJObjdmOc=,LwYKO6OzNs0Oj89FfsYXYN4vbE8=
359,-17,H42DkFHH+IVX1cE9fdcJObjdmOc=,tYkFQgl7K7IwuRoOpVPyj/2e/rs=
361,-17,H42DkFHH+IVX1cE9fdcJObjdmOc=,LwYKO6OzNs0Oj89FfsYXYN4vbE8=
365,-17,H42DkFHH+IVX1cE9fdcJObjdmOc=,LwYKO6OzNs0Oj89FfsYXYN4vbE8=
364,-17,H42DkFHH+IVX1cE9fdcJObjdmOc=,LwYKO6OzNs0Oj89FfsYXYN4vbE8=
367,-26,H42DkFHH+IVX1cE9fdcJObjdmOc=,wu93XDbBamGAUlg0OYHLnEMSjmI=
367,-17,H42DkFHH+IVX1cE9fdcJObjdmOc=,LwYKO6OzNs0Oj89FfsYXYN4vbE8=
362,-25,H42DkFHH+IVX1cE9fdcJObjdmOc=,wu93XDbBamGAUlg0OYHLnEMSjmI=
363,-25,H42DkFHH+IVX1cE9fdcJObjdmOc=,wu93XDbBamGAUlg0OYHLnEMSjmI=
365,-26,H42DkFHH+IVX1cE9fdcJObjdmOc=,wu93XDbBamGAUlg0OYHLnEMSjmI=
363,-24,H42DkFHH+IVX1cE9fdcJObjdmOc=,LwYKO6OzNs0Oj89FfsYXYN4vbE8=
362,-26,H42DkFHH+IVX1cE9fdcJObjdmOc=,wu93XDbBamGAUlg0OYHLnEMSjmI=
366,-26,H42DkFHH+IVX1cE9fdcJObjdmOc=,wu93XDbBamGAUlg0OYHLnEMSjmI=
363,-26,H42DkFHH+IVX1cE9fdcJObjdmOc=,wu93XDbBamGAUlg0OYHLnEMSjmI=
361,-25,H42DkFHH+IVX1cE9fdcJObjdmOc=,wu93XDbBamGAUlg0OYHLnEMSjmI=
367,-27,H42DkFHH+IVX1cE9fdcJObjdmOc=,wu93XDbBamGAUlg0OYHLnEMSjmI=
361,-26,H42DkFHH+IVX1cE9fdcJObjdmOc=,wu93XDbBamGAUlg0OYHLnEMSjmI=
364,-27,H42DkFHH+IVX1cE9fdcJObjdmOc=,wu93XDbBamGAUlg0OYHLnEMSjmI=
366,-27,H42DkFHH+IVX1cE9fdcJObjdmOc=,wu93XDbBamGAUlg0OYHLnEMSjmI=
362,-27,H42DkFHH+IVX1cE9fdcJObjdmOc=,wu93XDbBamGAUlg0OYHLnEMSjmI=
363,-27,H42DkFHH+IVX1cE9fdcJObjdmOc=,wu93XDbBamGAUlg0OYHLnEMSjmI=
361,-27,H42DkFHH+IVX1cE9fdcJObjdmOc=,wu93XDbBamGAUlg0OYHLnEMSjmI=
365,-28,H42DkFHH+IVX1cE9fdcJObjdmOc=,wu93XDbBamGAUlg0OYHLnEMSjmI=
366,-28,H42DkFHH+IVX1cE9fdcJObjdmOc=,wu93XDbBamGAUlg0OYHLnEMSjmI=
364,-25,H42DkFHH+IVX1cE9fdcJObjdmOc=,wu93XDbBamGAUlg0OYHLnEMSjmI=
361,-28,H42DkFHH+IVX1cE9fdcJObjdmOc=,wu93XDbBamGAUlg0OYHLnEMSjmI=
362,-28,H42DkFHH+IVX1cE9fdcJObjdmOc=,wu93XDbBamGAUlg0OYHLnEMSjmI=
367,-29,H42DkFHH+IVX1cE9fdcJObjdmOc=,wu93XDbBamGAUlg0OYHLnEMSjmI=
366,-29,H42DkFHH+IVX1cE9fdcJObjdmOc=,wu93XDbBamGAUlg0OYHLnEMSjmI=
367,-28,H42DkFHH+IVX1cE9fdcJObjdmOc=,wu93XDbBamGAUlg0OYHLnEMSjmI=
364,-26,H42DkFHH+IVX1cE9fdcJObjdmOc=,wu93XDbBamGAUlg0OYHLnEMSjmI=
363,-29,H42DkFHH+IVX1cE9fdcJObjdmOc=,wu93XDbBamGAUlg0OYHLnEMSjmI=
365,-25,H42DkFHH+IVX1cE9fdcJObjdmOc=,wu93XDbBamGAUlg0OYHLnEMSjmI=
361,-29,H42DkFHH+IVX1cE9fdcJObjdmOc=,wu93XDbBamGAUlg0OYHLnEMSjmI=
361,-24,H42DkFHH+IVX1cE9fdcJObjdmOc=,LwYKO6OzNs0Oj89FfsYXYN4vbE8=
364,-28,H42DkFHH+IVX1cE9fdcJObjdmOc=,wu93XDbBamGAUlg0OYHLnEMSjmI=
362,-29,H42DkFHH+IVX1cE9fdcJObjdmOc=,wu93XDbBamGAUlg0OYHLnEMSjmI=
365,-29,H42DkFHH+IVX1cE9fdcJObjdmOc=,wu93XDbBamGAUlg0OYHLnEMSjmI=
365,-30,H42DkFHH+IVX1cE9fdcJObjdmOc=,wu93XDbBamGAUlg0OYHLnEMSjmI=
361,-30,H42DkFHH+IVX1cE9fdcJObjdmOc=,wu93XDbBamGAUlg0OYHLnEMSjmI=
367,-30,H42DkFHH+IVX1cE9fdcJObjdmOc=,wu93XDbBamGAUlg0OYHLnEMSjmI=
367,-31,H42DkFHH+IVX1cE9fdcJObjdmOc=,wu93XDbBamGAUlg0OYHLnEMSjmI=
363,-30,H42DkFHH+IVX1cE9fdcJObjdmOc=,wu93XDbBamGAUlg0OYHLnEMSjmI=
366,-25,H42DkFHH+IVX1cE9fdcJObjdmOc=,wu93XDbBamGAUlg0OYHLnEMSjmI=
364,-30,H42DkFHH+IVX1cE9fdcJObjdmOc=,wu93XDbBamGAUlg0OYHLnEMSjmI=
364,-31,H42DkFHH+IVX1cE9fdcJObjdmOc=,wu93XDbBamGAUlg0OYHLnEMSjmI=
362,-30,H42DkFHH+IVX1cE9fdcJObjdmOc=,wu93XDbBamGAUlg0OYHLnEMSjmI=
365,-31,H42DkFHH+IVX1cE9fdcJObjdmOc=,wu93XDbBamGAUlg0OYHLnEMSjmI=
364,-24,H42DkFHH+IVX1cE9fdcJObjdmOc=,LwYKO6OzNs0Oj89FfsYXYN4vbE8=
362,-31,H42DkFHH+IVX1cE9fdcJObjdmOc=,wu93XDbBamGAUlg0OYHLnEMSjmI=
363,-31,H42DkFHH+IVX1cE9fdcJObjdmOc=,wu93XDbBamGAUlg0OYHLnEMSjmI=
365,-24,H42DkFHH+IVX1cE9fdcJObjdmOc=,LwYKO6OzNs0Oj89FfsYXYN4vbE8=
367,-32,H42DkFHH+IVX1cE9fdcJObjdmOc=,wu93XDbBamGAUlg0OYHLnEMSjmI=
366,-31,H42DkFHH+IVX1cE9fdcJObjdmOc=,wu93XDbBamGAUlg0OYHLnEMSjmI=
365,-32,H42DkFHH+IVX1cE9fdcJObjdmOc=,wu93XDbBamGAUlg0OYHLnEMSjmI=
361,-31,H42DkFHH+IVX1cE9fdcJObjdmOc=,wu93XDbBamGAUlg0OYHLnEMSjmI=
367,-25,H42DkFHH+IVX1cE9fdcJObjdmOc=,wu93XDbBamGAUlg0OYHLnEMSjmI=
366,-24,H42DkFHH+IVX1cE9fdcJObjdmOc=,LwYKO6OzNs0Oj89FfsYXYN4vbE8=
366,-30,H42DkFHH+IVX1cE9fdcJObjdmOc=,wu93XDbBamGAUlg0OYHLnEMSjmI=
362,-32,H42DkFHH+IVX1cE9fdcJObjdmOc=,wu93XDbBamGAUlg0OYHLnEMSjmI=
362,-24,H42DkFHH+IVX1cE9fdcJObjdmOc=,LwYKO6OzNs0Oj89FfsYXYN4vbE8=
361,-32,H42DkFHH+IVX1cE9fdcJObjdmOc=,wu93XDbBamGAUlg0OYHLnEMSjmI=
366,-32,H42DkFHH+IVX1cE9fdcJObjdmOc=,wu93XDbBamGAUlg0OYHLnEMSjmI=
363,-32,H42DkFHH+IVX1cE9fdcJObjdmOc=,wu93XDbBamGAUlg0OYHLnEMSjmI=
364,-32,H42DkFHH+IVX1cE9fdcJObjdmOc=,wu93XDbBamGAUlg0OYHLnEMSjmI=
367,-24,H42DkFHH+IVX1cE9fdcJObjdmOc=,LwYKO6OzNs0Oj89FfsYXYN4vbE8=
363,-28,H42DkFHH+IVX1cE9fdcJObjdmOc=,wu93XDbBamGAUlg0OYHLnEMSjmI=
365,-27,H42DkFHH+IVX1cE9fdcJObjdmOc=,wu93XDbBamGAUlg0OYHLnEMSjmI=
356,-27,H42DkFHH+IVX1cE9fdcJObjdmOc=,pJHF7bdtNSa7WZDCPmqyrlDyg+4=
364,-29,H42DkFHH+IVX1cE9fdcJObjdmOc=,wu93XDbBamGAUlg0OYHLnEMSjmI=
355,-27,H42DkFHH+IVX1cE9fdcJObjdmOc=,pJHF7bdtNSa7WZDCPmqyrlDyg+4=
357,-27,H42DkFHH+IVX1cE9fdcJObjdmOc=,pJHF7bdtNSa7WZDCPmqyrlDyg+4=
353,-27,H42DkFHH+IVX1cE9fdcJObjdmOc=,pJHF7bdtNSa7WZDCPmqyrlDyg+4=
354,-27,H42DkFHH+IVX1cE9fdcJObjdmOc=,pJHF7bdtNSa7WZDCPmqyrlDyg+4=
360,-26,H42DkFHH+IVX1cE9fdcJObjdmOc=,wu93XDbBamGAUlg0OYHLnEMSjmI=
360,-32,H42DkFHH+IVX1cE9fdcJObjdmOc=,wu93XDbBamGAUlg0OYHLnEMSjmI=
358,-27,H42DkFHH+IVX1cE9fdcJObjdmOc=,pJHF7bdtNSa7WZDCPmqyrlDyg+4=
359,-24,H42DkFHH+IVX1cE9fdcJObjdmOc=,tYkFQgl7K7IwuRoOpVPyj/2e/rs=
358,-24,H42DkFHH+IVX1cE9fdcJObjdmOc=,tYkFQgl7K7IwuRoOpVPyj/2e/rs=
359,-27,H42DkFHH+IVX1cE9fdcJObjdmOc=,pJHF7bdtNSa7WZDCPmqyrlDyg+4=
357,-24,H42DkFHH+IVX1cE9fdcJObjdmOc=,tYkFQgl7K7IwuRoOpVPyj/2e/rs=
352,-26,H42DkFHH+IVX1cE9fdcJObjdmOc=,pJHF7bdtNSa7WZDCPmqyrlDyg+4=
355,-24,H42DkFHH+IVX1cE9fdcJObjdmOc=,tYkFQgl7K7IwuRoOpVPyj/2e/rs=
354,-24,H42DkFHH+IVX1cE9fdcJObjdmOc=,tYkFQgl7K7IwuRoOpVPyj/2e/rs=
360,-25,H42DkFHH+IVX1cE9fdcJObjdmOc=,wu93XDbBamGAUlg0OYHLnEMSjmI=
360,-27,H42DkFHH+IVX1cE9fdcJObjdmOc=,wu93XDbBamGAUlg0OYHLnEMSjmI=
352,-32,H42DkFHH+IVX1cE9fdcJObjdmOc=,pJHF7bdtNSa7WZDCPmqyrlDyg+4=
359,-28,H42DkFHH+IVX1cE9fdcJObjdmOc=,pJHF7bdtNSa7WZDCPmqyrlDyg+4=
353,-32,H42DkFHH+IVX1cE9fdcJObjdmOc=,pJHF7bdtNSa7WZDCPmqyrlDyg+4=
356,-24,H42DkFHH+IVX1cE9fdcJObjdmOc=,tYkFQgl7K7IwuRoOpVPyj/2e/rs=
353,-24,H42DkFHH+IVX1cE9fdcJObjdmOc=,tYkFQgl7K7IwuRoOpVPyj/2e/rs=
353,-26,H42DkFHH+IVX1cE9fdcJObjdmOc=,pJHF7bdtNSa7WZDCPmqyrlDyg+4=
352,-27,H42DkFHH+IVX1cE9fdcJObjdmOc=,pJHF7bdtNSa7WZDCPmqyrlDyg+4=
354,-26,H42DkFHH+IVX1cE9fdcJObjdmOc=,pJHF7bdtNSa7WZDCPmqyrlDyg+4=
357,-28,H42DkFHH+IVX1cE9fdcJObjdmOc=,pJHF7bdtNSa7WZDCPmqyrlDyg+4=
355,-28,H42DkFHH+IVX1cE9fdcJObjdmOc=,pJHF7bdtNSa7WZDCPmqyrlDyg+4=
356,-28,H42DkFHH+IVX1cE9fdcJObjdmOc=,pJHF7bdtNSa7WZDCPmqyrlDyg+4=
360,-28,H42DkFHH+IVX1cE9fdcJObjdmOc=,wu93XDbBamGAUlg0OYHLnEMSjmI=
360,-24,H42DkFHH+IVX1cE9fdcJObjdmOc=,LwYKO6OzNs0Oj89FfsYXYN4vbE8=
354,-32,H42DkFHH+IVX1cE9fdcJObjdmOc=,pJHF7bdtNSa7WZDCPmqyrlDyg+4=
354,-28,H42DkFHH+IVX1cE9fdcJObjdmOc=,pJHF7bdtNSa7WZDCPmqyrlDyg+4=
359,-25,H42DkFHH+IVX1cE9fdcJObjdmOc=,pJHF7bdtNSa7WZDCPmqyrlDyg+4=
358,-28,H42DkFHH+IVX1cE9fdcJObjdmOc=,pJHF7bdtNSa7WZDCPmqyrlDyg+4=
358,-25,H42DkFHH+IVX1cE9fdcJObjdmOc=,pJHF7bdtNSa7WZDCPmqyrlDyg+4=
352,-24,H42DkFHH+IVX1cE9fdcJObjdmOc=,tYkFQgl7K7IwuRoOpVPyj/2e/rs=
355,-32,H42DkFHH+IVX1cE9fdcJObjdmOc=,pJHF7bdtNSa7WZDCPmqyrlDyg+4=
357,-25,H42DkFHH+IVX1cE9fdcJObjdmOc=,pJHF7bdtNSa7WZDCPmqyrlDyg+4=
353,-28,H42DkFHH+IVX1cE9fdcJObjdmOc=,pJHF7bdtNSa7WZDCPmqyrlDyg+4=
360,-29,H42DkFHH+IVX1cE9fdcJObjdmOc=,wu93XDbBamGAUlg0OYHLnEMSjmI=
356,-32,H42DkFHH+IVX1cE9fdcJObjdmOc=,pJHF7bdtNSa7WZDCPmqyrlDyg+4=
357,-29,H42DkFHH+IVX1cE9fdcJObjdmOc=,pJHF7bdtNSa7WZDCPmqyrlDyg+4=
359,-29,H42DkFHH+IVX1cE9fdcJObjdmOc=,pJHF7bdtNSa7WZDCPmqyrlDyg+4=
356,-29,H42DkFHH+IVX1cE9fdcJObjdmOc=,pJHF7bdtNSa7WZDCPmqyrlDyg+4=
355,-26,H42DkFHH+IVX1cE9fdcJObjdmOc=,pJHF7bdtNSa7WZDCPmqyrlDyg+4=
353,-29,H42DkFHH+IVX1cE9fdcJObjdmOc=,pJHF7bdtNSa7WZDCPmqyrlDyg+4=
355,-29,H42DkFHH+IVX1cE9fdcJObjdmOc=,pJHF7bdtNSa7WZDCPmqyrlDyg+4=
354,-29,H42DkFHH+IVX1cE9fdcJObjdmOc=,pJHF7bdtNSa7WZDCPmqyrlDyg+4=
358,-29,H42DkFHH+IVX1cE9fdcJObjdmOc=,pJHF7bdtNSa7WZDCPmqyrlDyg+4=
352,-29,H42DkFHH+IVX1cE9fdcJObjdmOc=,pJHF7bdtNSa7WZDCPmqyrlDyg+4=
358,-30,H42DkFHH+IVX1cE9fdcJObjdmOc=,pJHF7bdtNSa7WZDCPmqyrlDyg+4=
356,-26,H42DkFHH+IVX1cE9fdcJObjdmOc=,pJHF7bdtNSa7WZDCPmqyrlDyg+4=
352,-28,H42DkFHH+IVX1cE9fdcJObjdmOc=,pJHF7bdtNSa7WZDCPmqyrlDyg+4=
356,-25,H42DkFHH+IVX1cE9fdcJObjdmOc=,pJHF7bdtNSa7WZDCPmqyrlDyg+4=
360,-30,H42DkFHH+IVX1cE9fdcJObjdmOc=,wu93XDbBamGAUlg0OYHLnEMSjmI=
356,-30,H42DkFHH+IVX1cE9fdcJObjdmOc=,pJHF7bdtNSa7WZDCPmqyrlDyg+4=
357,-30,H42DkFHH+IVX1cE9fdcJObjdmOc=,pJHF7bdtNSa7WZDCPmqyrlDyg+4=
359,-30,H42DkFHH+IVX1cE9fdcJObjdmOc=,pJHF7bdtNSa7WZDCPmqyrlDyg+4=
357,-26,H42DkFHH+IVX1cE9fdcJObjdmOc=,pJHF7bdtNSa7WZDCPmqyrlDyg+4=
355,-30,H42DkFHH+IVX1cE9fdcJObjdmOc=,pJHF7bdtNSa7WZDCPmqyrlDyg+4=
354,-30,H42DkFHH+IVX1cE9fdcJObjdmOc=,pJHF7bdtNSa7WZDCPmqyrlDyg+4=
360,-31,H42DkFHH+IVX1cE9fdcJObjdmOc=,wu93XDbBamGAUlg0OYHLnEMSjmI=
358,-31,H42DkFHH+IVX1cE9fdcJObjdmOc=,pJHF7bdtNSa7WZDCPmqyrlDyg+4=
354,-25,H42DkFHH+IVX1cE9fdcJObjdmOc=,pJHF7bdtNSa7WZDCPmqyrlDyg+4=
353,-25,H42DkFHH+IVX1cE9fdcJObjdmOc=,pJHF7bdtNSa7WZDCPmqyrlDyg+4=
353,-30,H42DkFHH+IVX1cE9fdcJObjdmOc=,pJHF7bdtNSa7WZDCPmqyrlDyg+4=
352,-30,H42DkFHH+IVX1cE9fdcJObjdmOc=,pJHF7bdtNSa7WZDCPmqyrlDyg+4=
357,-31,H42DkFHH+IVX1cE9fdcJObjdmOc=,pJHF7bdtNSa7WZDCPmqyrlDyg+4=
359,-31,H42DkFHH+IVX1cE9fdcJObjdmOc=,pJHF7bdtNSa7WZDCPmqyrlDyg+4=
357,-32,H42DkFHH+IVX1cE9fdcJObjdmOc=,pJHF7bdtNSa7WZDCPmqyrlDyg+4=
355,-31,H42DkFHH+IVX1cE9fdcJObjdmOc=,pJHF7bdtNSa7WZDCPmqyrlDyg+4=
355,-25,H42DkFHH+IVX1cE9fdcJObjdmOc=,pJHF7bdtNSa7WZDCPmqyrlDyg+4=
353,-31,H42DkFHH+IVX1cE9fdcJObjdmOc=,pJHF7bdtNSa7WZDCPmqyrlDyg+4=
356,-31,H42DkFHH+IVX1cE9fdcJObjdmOc=,pJHF7bdtNSa7WZDCPmqyrlDyg+4=
358,-32,H42DkFHH+IVX1cE9fdcJObjdmOc=,pJHF7bdtNSa7WZDCPmqyrlDyg+4=
354,-31,H42DkFHH+IVX1cE9fdcJObjdmOc=,pJHF7bdtNSa7WZDCPmqyrlDyg+4=
352,-25,H42DkFHH+IVX1cE9fdcJObjdmOc=,pJHF7bdtNSa7WZDCPmqyrlDyg+4=
352,-31,H42DkFHH+IVX1cE9fdcJObjdmOc=,pJHF7bdtNSa7WZDCPmqyrlDyg+4=
359,-26,H42DkFHH+IVX1cE9fdcJObjdmOc=,pJHF7bdtNSa7WZDCPmqyrlDyg+4=
358,-26,H42DkFHH+IVX1cE9fdcJObjdmOc=,pJHF7bdtNSa7WZDCPmqyrlDyg+4=
359,-32,H42DkFHH+IVX1cE9fdcJObjdmOc=,pJHF7bdtNSa7WZDCPmqyrlDyg+4=
364,-7,H42DkFHH+IVX1cE9fdcJObjdmOc=,r6XNa8qJKxJMMo4E8mW3Rul6+qA=
361,-7,i9sh1KkJeNI4RYZW0pt+fcsmLUw=,r6XNa8qJKxJMMo4E8mW3Rul6+qA=
365,-2,i9sh1KkJeNI4RYZW0pt+fcsmLUw=,r6XNa8qJKxJMMo4E8mW3Rul6+qA=
364,-2,i9sh1KkJeNI4RYZW0pt+fcsmLUw=,r6XNa8qJKxJMMo4E8mW3Rul6+qA=
363,-2,DsHTmDQwCJ5BR4eygI5ySZa4MAQ=,r6XNa8qJKxJMMo4E8mW3Rul6+qA=
366,-2,DsHTmDQwCJ5BR4eygI5ySZa4MAQ=,r6XNa8qJKxJMMo4E8mW3Rul6+qA=
366,-3,DsHTmDQwCJ5BR4eygI5ySZa4MAQ=,r6XNa8qJKxJMMo4E8mW3Rul6+qA=
362,-6,DsHTmDQwCJ5BR4eygI5ySZa4MAQ=,r6XNa8qJKxJMMo4E8mW3Rul6+qA=
363,-6,DsHTmDQwCJ5BR4eygI5ySZa4MAQ=,r6XNa8qJKxJMMo4E8mW3Rul6+qA=
365,-3,DsHTmDQwCJ5BR4eygI5ySZa4MAQ=,r6XNa8qJKxJMMo4E8mW3Rul6+qA=
361,-3,DsHTmDQwCJ5BR4eygI5ySZa4MAQ=,r6XNa8qJKxJMMo4E8mW3Rul6+qA=
362,-2,DsHTmDQwCJ5BR4eygI5ySZa4MAQ=,r6XNa8qJKxJMMo4E8mW3Rul6+qA=
364,-3,DsHTmDQwCJ5BR4eygI5ySZa4MAQ=,r6XNa8qJKxJMMo4E8mW3Rul6+qA=
361,-6,DsHTmDQwCJ5BR4eygI5ySZa4MAQ=,r6XNa8qJKxJMMo4E8mW3Rul6+qA=
363,-7,DsHTmDQwCJ5BR4eygI5ySZa4MAQ=,r6XNa8qJKxJMMo4E8mW3Rul6+qA=
366,-4,DsHTmDQwCJ5BR4eygI5ySZa4MAQ=,r6XNa8qJKxJMMo4E8mW3Rul6+qA=
362,-3,DsHTmDQwCJ5BR4eygI5ySZa4MAQ=,r6XNa8qJKxJMMo4E8mW3Rul6+qA=
365,-4,DsHTmDQwCJ5BR4eygI5ySZa4MAQ=,r6XNa8qJKxJMMo4E8mW3Rul6+qA=
361,-2,DsHTmDQwCJ5BR4eygI5ySZa4MAQ=,r6XNa8qJKxJMMo4E8mW3Rul6+qA=
361,-4,DsHTmDQwCJ5BR4eygI5ySZa4MAQ=,r6XNa8qJKxJMMo4E8mW3Rul6+qA=
363,-3,DsHTmDQwCJ5BR4eygI5ySZa4MAQ=,r6XNa8qJKxJMMo4E8mW3Rul6+qA=
364,-4,DsHTmDQwCJ5BR4eygI5ySZa4MAQ=,r6XNa8qJKxJMMo4E8mW3Rul6+qA=
363,-4,DsHTmDQwCJ5BR4eygI5ySZa4MAQ=,r6XNa8qJKxJMMo4E8mW3Rul6+qA=
362,-5,DsHTmDQwCJ5BR4eygI5ySZa4MAQ=,r6XNa8qJKxJMMo4E8mW3Rul6+qA=
366,-7,DsHTmDQwCJ5BR4eygI5ySZa4MAQ=,r6XNa8qJKxJMMo4E8mW3Rul6+qA=
366,-6,DsHTmDQwCJ5BR4eygI5ySZa4MAQ=,r6XNa8qJKxJMMo4E8mW3Rul6+qA=
363,-5,DsHTmDQwCJ5BR4eygI5ySZa4MAQ=,r6XNa8qJKxJMMo4E8mW3Rul6+qA=
365,-7,DsHTmDQwCJ5BR4eygI5ySZa4MAQ=,r6XNa8qJKxJMMo4E8mW3Rul6+qA=
362,-4,DsHTmDQwCJ5BR4eygI5ySZa4MAQ=,r6XNa8qJKxJMMo4E8mW3Rul6+qA=
366,-5,DsHTmDQwCJ5BR4eygI5ySZa4MAQ=,r6XNa8qJKxJMMo4E8mW3Rul6+qA=
365,-5,DsHTmDQwCJ5BR4eygI5ySZa4MAQ=,r6XNa8qJKxJMMo4E8mW3Rul6+qA=
364,-5,DsHTmDQwCJ5BR4eygI5ySZa4MAQ=,r6XNa8qJKxJMMo4E8mW3Rul6+qA=
361,-5,DsHTmDQwCJ5BR4eygI5ySZa4MAQ=,r6XNa8qJKxJMMo4E8mW3Rul6+qA=
362,-7,DsHTmDQwCJ5BR4eygI5ySZa4MAQ=,r6XNa8qJKxJMMo4E8mW3Rul6+qA=
364,-6,DsHTmDQwCJ5BR4eygI5ySZa4MAQ=,r6XNa8qJKxJMMo4E8mW3Rul6+qA=
365,-6,DsHTmDQwCJ5BR4eygI5ySZa4MAQ=,r6XNa8qJKxJMMo4E8mW3Rul6+qA=
353,-5,DsHTmDQwCJ5BR4eygI5ySZa4MAQ=,YUAubhBpMURM4VK/oWdAUul2j+U=
354,-5,DsHTmDQwCJ5BR4eygI5ySZa4MAQ=,YUAubhBpMURM4VK/oWdAUul2j+U=
358,-1,DsHTmDQwCJ5BR4eygI5ySZa4MAQ=,YUAubhBpMURM4VK/oWdAUul2j+U=
352,-5,DsHTmDQwCJ5BR4eygI5ySZa4MAQ=,YUAubhBpMURM4VK/oWdAUul2j+U=
360,-7,DsHTmDQwCJ5BR4eygI5ySZa4MAQ=,r6XNa8qJKxJMMo4E8mW3Rul6+qA=
358,-6,DsHTmDQwCJ5BR4eygI5ySZa4MAQ=,YUAubhBpMURM4VK/oWdAUul2j+U=
355,-5,DsHTmDQwCJ5BR4eygI5ySZa4MAQ=,YUAubhBpMURM4VK/oWdAUul2j+U=
357,-6,DsHTmDQwCJ5BR4eygI5ySZa4MAQ=,YUAubhBpMURM4VK/oWdAUul2j+U=
355,-6,DsHTmDQwCJ5BR4eygI5ySZa4MAQ=,YUAubhBpMURM4VK/oWdAUul2j+U=
356,-5,DsHTmDQwCJ5BR4eygI5ySZa4MAQ=,YUAubhBpMURM4VK/oWdAUul2j+U=
356,-1,DsHTmDQwCJ5BR4eygI5ySZa4MAQ=,YUAubhBpMURM4VK/oWdAUul2j+U=
357,-1,DsHTmDQwCJ5BR4eygI5ySZa4MAQ=,YUAubhBpMURM4VK/oWdAUul2j+U=
355,-1,DsHTmDQwCJ5BR4eygI5ySZa4MAQ=,YUAubhBpMURM4VK/oWdAUul2j+U=
357,-5,DsHTmDQwCJ5BR4eygI5ySZa4MAQ=,YUAubhBpMURM4VK/oWdAUul2j+U=
354,-6,DsHTmDQwCJ5BR4eygI5ySZa4MAQ=,YUAubhBpMURM4VK/oWdAUul2j+U=
358,-5,DsHTmDQwCJ5BR4eygI5ySZa4MAQ=,YUAubhBpMURM4VK/oWdAUul2j+U=
359,-6,DsHTmDQwCJ5BR4eygI5ySZa4MAQ=,YUAubhBpMURM4VK/oWdAUul2j+U=
360,-2,DsHTmDQwCJ5BR4eygI5ySZa4MAQ=,r6XNa8qJKxJMMo4E8mW3Rul6+qA=
359,-5,DsHTmDQwCJ5BR4eygI5ySZa4MAQ=,YUAubhBpMURM4VK/oWdAUul2j+U=
356,-6,DsHTmDQwCJ5BR4eygI5ySZa4MAQ=,YUAubhBpMURM4VK/oWdAUul2j+U=
353,-1,DsHTmDQwCJ5BR4eygI5ySZa4MAQ=,YUAubhBpMURM4VK/oWdAUul2j+U=
352,-4,DsHTmDQwCJ5BR4eygI5ySZa4MAQ=,YUAubhBpMURM4VK/oWdAUul2j+U=
353,-4,DsHTmDQwCJ5BR4eygI5ySZa4MAQ=,YUAubhBpMURM4VK/oWdAUul2j+U=
354,-1,DsHTmDQwCJ5BR4eygI5ySZa4MAQ=,YUAubhBpMURM4VK/oWdAUul2j+U=
360,-4,DsHTmDQwCJ5BR4eygI5ySZa4MAQ=,r6XNa8qJKxJMMo4E8mW3Rul6+qA=
360,-5,DsHTmDQwCJ5BR4eygI5ySZa4MAQ=,r6XNa8qJKxJMMo4E8mW3Rul6+qA=
354,-4,DsHTmDQwCJ5BR4eygI5ySZa4MAQ=,YUAubhBpMURM4VK/oWdAUul2j+U=
356,-4,DsHTmDQwCJ5BR4eygI5ySZa4MAQ=,YUAubhBpMURM4VK/oWdAUul2j+U=
355,-4,DsHTmDQwCJ5BR4eygI5ySZa4MAQ=,YUAubhBpMURM4VK/oWdAUul2j+U=
358,-4,DsHTmDQwCJ5BR4eygI5ySZa4MAQ=,YUAubhBpMURM4VK/oWdAUul2j+U=
359,-4,DsHTmDQwCJ5BR4eygI5ySZa4MAQ=,YUAubhBpMURM4VK/oWdAUul2j+U=
353,-6,DsHTmDQwCJ5BR4eygI5ySZa4MAQ=,YUAubhBpMURM4VK/oWdAUul2j+U=
352,-3,DsHTmDQwCJ5BR4eygI5ySZa4MAQ=,YUAubhBpMURM4VK/oWdAUul2j+U=
353,-3,DsHTmDQwCJ5BR4eygI5ySZa4MAQ=,YUAubhBpMURM4VK/oWdAUul2j+U=
354,-3,DsHTmDQwCJ5BR4eygI5ySZa4MAQ=,YUAubhBpMURM4VK/oWdAUul2j+U=
357,-4,DsHTmDQwCJ5BR4eygI5ySZa4MAQ=,YUAubhBpMURM4VK/oWdAUul2j+U=
352,-7,DsHTmDQwCJ5BR4eygI5ySZa4MAQ=,YUAubhBpMURM4VK/oWdAUul2j+U=
360,-6,DsHTmDQwCJ5BR4eygI5ySZa4MAQ=,r6XNa8qJKxJMMo4E8mW3Rul6+qA=
353,-7,DsHTmDQwCJ5BR4eygI5ySZa4MAQ=,YUAubhBpMURM4VK/oWdAUul2j+U=
360,-3,DsHTmDQwCJ5BR4eygI5ySZa4MAQ=,r6XNa8qJKxJMMo4E8mW3Rul6+qA=
354,-7,DsHTmDQwCJ5BR4eygI5ySZa4MAQ=,YUAubhBpMURM4VK/oWdAUul2j+U=
355,-7,DsHTmDQwCJ5BR4eygI5ySZa4MAQ=,YUAubhBpMURM4VK/oWdAUul2j+U=
355,-3,DsHTmDQwCJ5BR4eygI5ySZa4MAQ=,YUAubhBpMURM4VK/oWdAUul2j+U=
356,-7,DsHTmDQwCJ5BR4eygI5ySZa4MAQ=,YUAubhBpMURM4VK/oWdAUul2j+U=
359,-2,DsHTmDQwCJ5BR4eygI5ySZa4MAQ=,YUAubhBpMURM4VK/oWdAUul2j+U=
358,-2,DsHTmDQwCJ5BR4eygI5ySZa4MAQ=,YUAubhBpMURM4VK/oWdAUul2j+U=
356,-3,DsHTmDQwCJ5BR4eygI5ySZa4MAQ=,YUAubhBpMURM4VK/oWdAUul2j+U=
352,-6,DsHTmDQwCJ5BR4eygI5ySZa4MAQ=,YUAubhBpMURM4VK/oWdAUul2j+U=
357,-3,DsHTmDQwCJ5BR4eygI5ySZa4MAQ=,YUAubhBpMURM4VK/oWdAUul2j+U=
354,-2,DsHTmDQwCJ5BR4eygI5ySZa4MAQ=,YUAubhBpMURM4VK/oWdAUul2j+U=
356,-2,DsHTmDQwCJ5BR4eygI5ySZa4MAQ=,YUAubhBpMURM4VK/oWdAUul2j+U=
355,-2,DsHTmDQwCJ5BR4eygI5ySZa4MAQ=,YUAubhBpMURM4VK/oWdAUul2j+U=
357,-7,DsHTmDQwCJ5BR4eygI5ySZa4MAQ=,YUAubhBpMURM4VK/oWdAUul2j+U=
358,-7,DsHTmDQwCJ5BR4eygI5ySZa4MAQ=,YUAubhBpMURM4VK/oWdAUul2j+U=
352,-2,DsHTmDQwCJ5BR4eygI5ySZa4MAQ=,YUAubhBpMURM4VK/oWdAUul2j+U=
358,-3,DsHTmDQwCJ5BR4eygI5ySZa4MAQ=,YUAubhBpMURM4VK/oWdAUul2j+U=
357,-2,DsHTmDQwCJ5BR4eygI5ySZa4MAQ=,YUAubhBpMURM4VK/oWdAUul2j+U=
359,-7,DsHTmDQwCJ5BR4eygI5ySZa4MAQ=,YUAubhBpMURM4VK/oWdAUul2j+U=
359,-3,DsHTmDQwCJ5BR4eygI5ySZa4MAQ=,YUAubhBpMURM4VK/oWdAUul2j+U=
353,-2,DsHTmDQwCJ5BR4eygI5ySZa4MAQ=,YUAubhBpMURM4VK/oWdAUul2j+U=
367,-4,DsHTmDQwCJ5BR4eygI5ySZa4MAQ=,r6XNa8qJKxJMMo4E8mW3Rul6+qA=
367,-2,DsHTmDQwCJ5BR4eygI5ySZa4MAQ=,r6XNa8qJKxJMMo4E8mW3Rul6+qA=
367,-5,DsHTmDQwCJ5BR4eygI5ySZa4MAQ=,r6XNa8qJKxJMMo4E8mW3Rul6+qA=
367,-6,DsHTmDQwCJ5BR4eygI5ySZa4MAQ=,r6XNa8qJKxJMMo4E8mW3Rul6+qA=
367,-7,DsHTmDQwCJ5BR4eygI5ySZa4MAQ=,r6XNa8qJKxJMMo4E8mW3Rul6+qA=
367,-1,DsHTmDQwCJ5BR4eygI5ySZa4MAQ=,r6XNa8qJKxJMMo4E8mW3Rul6+qA=
367,-3,DsHTmDQwCJ5BR4eygI5ySZa4MAQ=,r6XNa8qJKxJMMo4E8mW3Rul6+qA=
364,-1,DsHTmDQwCJ5BR4eygI5ySZa4MAQ=,r6XNa8qJKxJMMo4E8mW3Rul6+qA=
361,-1,DsHTmDQwCJ5BR4eygI5ySZa4MAQ=,r6XNa8qJKxJMMo4E8mW3Rul6+qA=
363,-1,DsHTmDQwCJ5BR4eygI5ySZa4MAQ=,r6XNa8qJKxJMMo4E8mW3Rul6+qA=
360,-1,DsHTmDQwCJ5BR4eygI5ySZa4MAQ=,r6XNa8qJKxJMMo4E8mW3Rul6+qA=
365,-1,DsHTmDQwCJ5BR4eygI5ySZa4MAQ=,r6XNa8qJKxJMMo4E8mW3Rul6+qA=
366,-1,DsHTmDQwCJ5BR4eygI5ySZa4MAQ=,r6XNa8qJKxJMMo4E8mW3Rul6+qA=
362,-1,DsHTmDQwCJ5BR4eygI5ySZa4MAQ=,r6XNa8qJKxJMMo4E8mW3Rul6+qA=
359,-1,DsHTmDQwCJ5BR4eygI5ySZa4MAQ=,YUAubhBpMURM4VK/oWdAUul2j+U=
352,-1,DsHTmDQwCJ5BR4eygI5ySZa4MAQ=,YUAubhBpMURM4VK/oWdAUul2j+U=
363,-9,DsHTmDQwCJ5BR4eygI5ySZa4MAQ=,Un1L3Sj+iPt1ol8qvbmTBRdzbkE=
362,-9,DsHTmDQwCJ5BR4eygI5ySZa4MAQ=,Un1L3Sj+iPt1ol8qvbmTBRdzbkE=
367,-8,DsHTmDQwCJ5BR4eygI5ySZa4MAQ=,r6XNa8qJKxJMMo4E8mW3Rul6+qA=
361,-9,DsHTmDQwCJ5BR4eygI5ySZa4MAQ=,Un1L3Sj+iPt1ol8qvbmTBRdzbkE=
364,-9,DsHTmDQwCJ5BR4eygI5ySZa4MAQ=,Un1L3Sj+iPt1ol8qvbmTBRdzbkE=
366,-8,DsHTmDQwCJ5BR4eygI5ySZa4MAQ=,r6XNa8qJKxJMMo4E8mW3Rul6+qA=
365,-8,DsHTmDQwCJ5BR4eygI5ySZa4MAQ=,r6XNa8qJKxJMMo4E8mW3Rul6+qA=
367,-10,DsHTmDQwCJ5BR4eygI5ySZa4MAQ=,Un1L3Sj+iPt1ol8qvbmTBRdzbkE=
366,-10,DsHTmDQwCJ5BR4eygI5ySZa4MAQ=,Un1L3Sj+iPt1ol8qvbmTBRdzbkE=
362,-8,DsHTmDQwCJ5BR4eygI5ySZa4MAQ=,r6XNa8qJKxJMMo4E8mW3Rul6+qA=
365,-10,DsHTmDQwCJ5BR4eygI5ySZa4MAQ=,Un1L3Sj+iPt1ol8qvbmTBRdzbkE=
363,-10,DsHTmDQwCJ5BR4eygI5ySZa4MAQ=,Un1L3Sj+iPt1ol8qvbmTBRdzbkE=
362,-10,DsHTmDQwCJ5BR4eygI5ySZa4MAQ=,Un1L3Sj+iPt1ol8qvbmTBRdzbkE=
367,-11,DsHTmDQwCJ5BR4eygI5ySZa4MAQ=,Un1L3Sj+iPt1ol8qvbmTBRdzbkE=
361,-10,DsHTmDQwCJ5BR4eygI5ySZa4MAQ=,Un1L3Sj+iPt1ol8qvbmTBRdzbkE=
363,-8,DsHTmDQwCJ5BR4eygI5ySZa4MAQ=,r6XNa8qJKxJMMo4E8mW3Rul6+qA=
366,-11,DsHTmDQwCJ5BR4eygI5ySZa4MAQ=,Un1L3Sj+iPt1ol8qvbmTBRdzbkE=
364,-10,DsHTmDQwCJ5BR4eygI5ySZa4MAQ=,Un1L3Sj+iPt1ol8qvbmTBRdzbkE=
365,-9,DsHTmDQwCJ5BR4eygI5ySZa4MAQ=,Un1L3Sj+iPt1ol8qvbmTBRdzbkE=
365,-11,DsHTmDQwCJ5BR4eygI5ySZa4MAQ=,Un1L3Sj+iPt1ol8qvbmTBRdzbkE=
364,-8,DsHTmDQwCJ5BR4eygI5ySZa4MAQ=,r6XNa8qJKxJMMo4E8mW3Rul6+qA=
363,-11,DsHTmDQwCJ5BR4eygI5ySZa4MAQ=,Un1L3Sj+iPt1ol8qvbmTBRdzbkE=
362,-11,DsHTmDQwCJ5BR4eygI5ySZa4MAQ=,Un1L3Sj+iPt1ol8qvbmTBRdzbkE=
364,-11,DsHTmDQwCJ5BR4eygI5ySZa4MAQ=,Un1L3Sj+iPt1ol8qvbmTBRdzbkE=
366,-12,DsHTmDQwCJ5BR4eygI5ySZa4MAQ=,Un1L3Sj+iPt1ol8qvbmTBRdzbkE=
361,-11,DsHTmDQwCJ5BR4eygI5ySZa4MAQ=,Un1L3Sj+iPt1ol8qvbmTBRdzbkE=
361,-8,DsHTmDQwCJ5BR4eygI5ySZa4MAQ=,r6XNa8qJKxJMMo4E8mW3Rul6+qA=
363,-12,DsHTmDQwCJ5BR4eygI5ySZa4MAQ=,Un1L3Sj+iPt1ol8qvbmTBRdzbkE=
367,-12,DsHTmDQwCJ5BR4eygI5ySZa4MAQ=,Un1L3Sj+iPt1ol8qvbmTBRdzbkE=
365,-12,DsHTmDQwCJ5BR4eygI5ySZa4MAQ=,Un1L3Sj+iPt1ol8qvbmTBRdzbkE=
362,-12,DsHTmDQwCJ5BR4eygI5ySZa4MAQ=,Un1L3Sj+iPt1ol8qvbmTBRdzbkE=
367,-13,DsHTmDQwCJ5BR4eygI5ySZa4MAQ=,Un1L3Sj+iPt1ol8qvbmTBRdzbkE=
361,-12,DsHTmDQwCJ5BR4eygI5ySZa4MAQ=,Un1L3Sj+iPt1ol8qvbmTBRdzbkE=
364,-12,DsHTmDQwCJ5BR4eygI5ySZa4MAQ=,Un1L3Sj+iPt1ol8qvbmTBRdzbkE=
361,-16,DsHTmDQwCJ5BR4eygI5ySZa4MAQ=,Un1L3Sj+iPt1ol8qvbmTBRdzbkE=
366,-13,DsHTmDQwCJ5BR4eygI5ySZa4MAQ=,Un1L3Sj+iPt1ol8qvbmTBRdzbkE=
363,-13,DsHTmDQwCJ5BR4eygI5ySZa4MAQ=,Un1L3Sj+iPt1ol8qvbmTBRdzbkE=
364,-13,DsHTmDQwCJ5BR4eygI5ySZa4MAQ=,Un1L3Sj+iPt1ol8qvbmTBRdzbkE=
362,-16,DsHTmDQwCJ5BR4eygI5ySZa4MAQ=,Un1L3Sj+iPt1ol8qvbmTBRdzbkE=
365,-13,DsHTmDQwCJ5BR4eygI5ySZa4MAQ=,Un1L3Sj+iPt1ol8qvbmTBRdzbkE=
362,-13,DsHTmDQwCJ5BR4eygI5ySZa4MAQ=,Un1L3Sj+iPt1ol8qvbmTBRdzbkE=
367,-14,DsHTmDQwCJ5BR4eygI5ySZa4MAQ=,Un1L3Sj+iPt1ol8qvbmTBRdzbkE=
366,-14,DsHTmDQwCJ5BR4eygI5ySZa4MAQ=,Un1L3Sj+iPt1ol8qvbmTBRdzbkE=
361,-13,DsHTmDQwCJ5BR4eygI5ySZa4MAQ=,Un1L3Sj+iPt1ol8qvbmTBRdzbkE=
365,-14,DsHTmDQwCJ5BR4eygI5ySZa4MAQ=,Un1L3Sj+iPt1ol8qvbmTBRdzbkE=
366,-9,DsHTmDQwCJ5BR4eygI5ySZa4MAQ=,Un1L3Sj+iPt1ol8qvbmTBRdzbkE=
363,-14,DsHTmDQwCJ5BR4eygI5ySZa4MAQ=,Un1L3Sj+iPt1ol8qvbmTBRdzbkE=
364,-14,DsHTmDQwCJ5BR4eygI5ySZa4MAQ=,Un1L3Sj+iPt1ol8qvbmTBRdzbkE=
363,-16,DsHTmDQwCJ5BR4eygI5ySZa4MAQ=,Un1L3Sj+iPt1ol8qvbmTBRdzbkE=
367,-9,DsHTmDQwCJ5BR4eygI5ySZa4MAQ=,Un1L3Sj+iPt1ol8qvbmTBRdzbkE=
367,-15,DsHTmDQwCJ5BR4eygI5ySZa4MAQ=,Un1L3Sj+iPt1ol8qvbmTBRdzbkE=
361,-14,DsHTmDQwCJ5BR4eygI5ySZa4MAQ=,Un1L3Sj+iPt1ol8qvbmTBRdzbkE=
362,-14,DsHTmDQwCJ5BR4eygI5ySZa4MAQ=,Un1L3Sj+iPt1ol8qvbmTBRdzbkE=
366,-15,DsHTmDQwCJ5BR4eygI5ySZa4MAQ=,Un1L3Sj+iPt1ol8qvbmTBRdzbkE=
364,-16,DsHTmDQwCJ5BR4eygI5ySZa4MAQ=,Un1L3Sj+iPt1ol8qvbmTBRdzbkE=
365,-15,DsHTmDQwCJ5BR4eygI5ySZa4MAQ=,Un1L3Sj+iPt1ol8qvbmTBRdzbkE=
364,-15,DsHTmDQwCJ5BR4eygI5ySZa4MAQ=,Un1L3Sj+iPt1ol8qvbmTBRdzbkE=
363,-15,DsHTmDQwCJ5BR4eygI5ySZa4MAQ=,Un1L3Sj+iPt1ol8qvbmTBRdzbkE=
361,-15,DsHTmDQwCJ5BR4eygI5ySZa4MAQ=,Un1L3Sj+iPt1ol8qvbmTBRdzbkE=
362,-15,DsHTmDQwCJ5BR4eygI5ySZa4MAQ=,Un1L3Sj+iPt1ol8qvbmTBRdzbkE=
367,-16,DsHTmDQwCJ5BR4eygI5ySZa4MAQ=,Un1L3Sj+iPt1ol8qvbmTBRdzbkE=
365,-16,DsHTmDQwCJ5BR4eygI5ySZa4MAQ=,Un1L3Sj+iPt1ol8qvbmTBRdzbkE=
366,-16,DsHTmDQwCJ5BR4eygI5ySZa4MAQ=,Un1L3Sj+iPt1ol8qvbmTBRdzbkE=
355,-11,DsHTmDQwCJ5BR4eygI5ySZa4MAQ=,l3dzweFg0VPn//UunFicvteYIvA=
360,-9,DsHTmDQwCJ5BR4eygI5ySZa4MAQ=,Un1L3Sj+iPt1ol8qvbmTBRdzbkE=
353,-11,DsHTmDQwCJ5BR4eygI5ySZa4MAQ=,l3dzweFg0VPn//UunFicvteYIvA=
354,-11,DsHTmDQwCJ5BR4eygI5ySZa4MAQ=,l3dzweFg0VPn//UunFicvteYIvA=
360,-10,DsHTmDQwCJ5BR4eygI5ySZa4MAQ=,Un1L3Sj+iPt1ol8qvbmTBRdzbkE=
352,-11,DsHTmDQwCJ5BR4eygI5ySZa4MAQ=,l3dzweFg0VPn//UunFicvteYIvA=
357,-12,DsHTmDQwCJ5BR4eygI5ySZa4MAQ=,l3dzweFg0VPn//UunFicvteYIvA=
360,-8,DsHTmDQwCJ5BR4eygI5ySZa4MAQ=,r6XNa8qJKxJMMo4E8mW3Rul6+qA=
358,-12,DsHTmDQwCJ5BR4eygI5ySZa4MAQ=,l3dzweFg0VPn//UunFicvteYIvA=
356,-11,DsHTmDQwCJ5BR4eygI5ySZa4MAQ=,l3dzweFg0VPn//UunFicvteYIvA=
359,-12,DsHTmDQwCJ5BR4eygI5ySZa4MAQ=,l3dzweFg0VPn//UunFicvteYIvA=
356,-12,DsHTmDQwCJ5BR4eygI5ySZa4MAQ=,l3dzweFg0VPn//UunFicvteYIvA=
360,-11,DsHTmDQwCJ5BR4eygI5ySZa4MAQ=,Un1L3Sj+iPt1ol8qvbmTBRdzbkE=
355,-12,DsHTmDQwCJ5BR4eygI5ySZa4MAQ=,l3dzweFg0VPn//UunFicvteYIvA=
357,-11,DsHTmDQwCJ5BR4eygI5ySZa4MAQ=,l3dzweFg0VPn//UunFicvteYIvA=
352,-12,DsHTmDQwCJ5BR4eygI5ySZa4MAQ=,l3dzweFg0VPn//UunFicvteYIvA=
353,-12,DsHTmDQwCJ5BR4eygI5ySZa4MAQ=,l3dzweFg0VPn//UunFicvteYIvA=
359,-13,DsHTmDQwCJ5BR4eygI5ySZa4MAQ=,l3dzweFg0VPn//UunFicvteYIvA=
358,-11,DsHTmDQwCJ5BR4eygI5ySZa4MAQ=,l3dzweFg0VPn//UunFicvteYIvA=
360,-12,DsHTmDQwCJ5BR4eygI5ySZa4MAQ=,Un1L3Sj+iPt1ol8qvbmTBRdzbkE=
358,-13,DsHTmDQwCJ5BR4eygI5ySZa4MAQ=,l3dzweFg0VPn//UunFicvteYIvA=
354,-12,DsHTmDQwCJ5BR4eygI5ySZa4MAQ=,l3dzweFg0VPn//UunFicvteYIvA=
356,-13,DsHTmDQwCJ5BR4eygI5ySZa4MAQ=,l3dzweFg0VPn//UunFicvteYIvA=
355,-13,DsHTmDQwCJ5BR4eygI5ySZa4MAQ=,l3dzweFg0VPn//UunFicvteYIvA=
360,-16,DsHTmDQwCJ5BR4eygI5ySZa4MAQ=,Un1L3Sj+iPt1ol8qvbmTBRdzbkE=
359,-8,DsHTmDQwCJ5BR4eygI5ySZa4MAQ=,YUAubhBpMURM4VK/oWdAUul2j+U=
357,-13,DsHTmDQwCJ5BR4eygI5ySZa4MAQ=,l3dzweFg0VPn//UunFicvteYIvA=
358,-8,DsHTmDQwCJ5BR4eygI5ySZa4MAQ=,YUAubhBpMURM4VK/oWdAUul2j+U=
359,-11,DsHTmDQwCJ5BR4eygI5ySZa4MAQ=,l3dzweFg0VPn//UunFicvteYIvA=
354,-13,DsHTmDQwCJ5BR4eygI5ySZa4MAQ=,l3dzweFg0VPn//UunFicvteYIvA=
357,-8,DsHTmDQwCJ5BR4eygI5ySZa4MAQ=,YUAubhBpMURM4VK/oWdAUul2j+U=
360,-13,DsHTmDQwCJ5BR4eygI5ySZa4MAQ=,Un1L3Sj+iPt1ol8qvbmTBRdzbkE=
352,-10,DsHTmDQwCJ5BR4eygI5ySZa4MAQ=,l3dzweFg0VPn//UunFicvteYIvA=
352,-13,DsHTmDQwCJ5BR4eygI5ySZa4MAQ=,l3dzweFg0VPn//UunFicvteYIvA=
359,-14,DsHTmDQwCJ5BR4eygI5ySZa4MAQ=,l3dzweFg0VPn//UunFicvteYIvA=
357,-14,DsHTmDQwCJ5BR4eygI5ySZa4MAQ=,l3dzweFg0VPn//UunFicvteYIvA=
358,-14,DsHTmDQwCJ5BR4eygI5ySZa4MAQ=,l3dzweFg0VPn//UunFicvteYIvA=
360,-14,DsHTmDQwCJ5BR4eygI5ySZa4MAQ=,Un1L3Sj+iPt1ol8qvbmTBRdzbkE=
356,-8,DsHTmDQwCJ5BR4eygI5ySZa4MAQ=,YUAubhBpMURM4VK/oWdAUul2j+U=
353,-14,DsHTmDQwCJ5BR4eygI5ySZa4MAQ=,l3dzweFg0VPn//UunFicvteYIvA=
353,-10,DsHTmDQwCJ5BR4eygI5ySZa4MAQ=,l3dzweFg0VPn//UunFicvteYIvA=
355,-14,DsHTmDQwCJ5BR4eygI5ySZa4MAQ=,l3dzweFg0VPn//UunFicvteYIvA=
352,-14,DsHTmDQwCJ5BR4eygI5ySZa4MAQ=,l3dzweFg0VPn//UunFicvteYIvA=
354,-14,DsHTmDQwCJ5BR4eygI5ySZa4MAQ=,l3dzweFg0VPn//UunFicvteYIvA=
353,-13,DsHTmDQwCJ5BR4eygI5ySZa4MAQ=,l3dzweFg0VPn//UunFicvteYIvA=
356,-14,DsHTmDQwCJ5BR4eygI5ySZa4MAQ=,l3dzweFg0VPn//UunFicvteYIvA=
354,-10,DsHTmDQwCJ5BR4eygI5ySZa4MAQ=,l3dzweFg0VPn//UunFicvteYIvA=
360,-15,DsHTmDQwCJ5BR4eygI5ySZa4MAQ=,Un1L3Sj+iPt1ol8qvbmTBRdzbkE=
354,-8,DsHTmDQwCJ5BR4eygI5ySZa4MAQ=,YUAubhBpMURM4VK/oWdAUul2j+U=
359,-15,DsHTmDQwCJ5BR4eygI5ySZa4MAQ=,l3dzweFg0VPn//UunFicvteYIvA=
355,-8,DsHTmDQwCJ5BR4eygI5ySZa4MAQ=,YUAubhBpMURM4VK/oWdAUul2j+U=
353,-8,DsHTmDQwCJ5BR4eygI5ySZa4MAQ=,YUAubhBpMURM4VK/oWdAUul2j+U=
357,-15,DsHTmDQwCJ5BR4eygI5ySZa4MAQ=,l3dzweFg0VPn//UunFicvteYIvA=
356,-15,DsHTmDQwCJ5BR4eygI5ySZa4MAQ=,l3dzweFg0VPn//UunFicvteYIvA=
355,-15,DsHTmDQwCJ5BR4eygI5ySZa4MAQ=,l3dzweFg0VPn//UunFicvteYIvA=
355,-10,DsHTmDQwCJ5BR4eygI5ySZa4MAQ=,l3dzweFg0VPn//UunFicvteYIvA=
354,-15,DsHTmDQwCJ5BR4eygI5ySZa4MAQ=,l3dzweFg0VPn//UunFicvteYIvA=
358,-15,DsHTmDQwCJ5BR4eygI5ySZa4MAQ=,l3dzweFg0VPn//UunFicvteYIvA=
352,-8,DsHTmDQwCJ5BR4eygI5ySZa4MAQ=,YUAubhBpMURM4VK/oWdAUul2j+U=
352,-15,DsHTmDQwCJ5BR4eygI5ySZa4MAQ=,l3dzweFg0VPn//UunFicvteYIvA=
353,-15,DsHTmDQwCJ5BR4eygI5ySZa4MAQ=,l3dzweFg0VPn//UunFicvteYIvA=
358,-9,DsHTmDQwCJ5BR4eygI5ySZa4MAQ=,l3dzweFg0VPn//UunFicvteYIvA=
359,-9,DsHTmDQwCJ5BR4eygI5ySZa4MAQ=,l3dzweFg0VPn//UunFicvteYIvA=
359,-16,DsHTmDQwCJ5BR4eygI5ySZa4MAQ=,l3dzweFg0VPn//UunFicvteYIvA=
357,-9,DsHTmDQwCJ5BR4eygI5ySZa4MAQ=,l3dzweFg0VPn//UunFicvteYIvA=
357,-16,DsHTmDQwCJ5BR4eygI5ySZa4MAQ=,l3dzweFg0VPn//UunFicvteYIvA=
358,-16,DsHTmDQwCJ5BR4eygI5ySZa4MAQ=,l3dzweFg0VPn//UunFicvteYIvA=
352,-16,DsHTmDQwCJ5BR4eygI5ySZa4MAQ=,l3dzweFg0VPn//UunFicvteYIvA=
355,-9,DsHTmDQwCJ5BR4eygI5ySZa4MAQ=,l3dzweFg0VPn//UunFicvteYIvA=
354,-16,DsHTmDQwCJ5BR4eygI5ySZa4MAQ=,l3dzweFg0VPn//UunFicvteYIvA=
354,-9,DsHTmDQwCJ5BR4eygI5ySZa4MAQ=,l3dzweFg0VPn//UunFicvteYIvA=
353,-9,DsHTmDQwCJ5BR4eygI5ySZa4MAQ=,l3dzweFg0VPn//UunFicvteYIvA=
355,-16,DsHTmDQwCJ5BR4eygI5ySZa4MAQ=,l3dzweFg0VPn//UunFicvteYIvA=
352,-9,DsHTmDQwCJ5BR4eygI5ySZa4MAQ=,l3dzweFg0VPn//UunFicvteYIvA=
356,-9,DsHTmDQwCJ5BR4eygI5ySZa4MAQ=,l3dzweFg0VPn//UunFicvteYIvA=
359,-10,DsHTmDQwCJ5BR4eygI5ySZa4MAQ=,l3dzweFg0VPn//UunFicvteYIvA=
358,-10,DsHTmDQwCJ5BR4eygI5ySZa4MAQ=,l3dzweFg0VPn//UunFicvteYIvA=
357,-10,DsHTmDQwCJ5BR4eygI5ySZa4MAQ=,l3dzweFg0VPn//UunFicvteYIvA=
356,-10,DsHTmDQwCJ5BR4eygI5ySZa4MAQ=,l3dzweFg0VPn//UunFicvteYIvA=
353,-16,DsHTmDQwCJ5BR4eygI5ySZa4MAQ=,l3dzweFg0VPn//UunFicvteYIvA=
356,-16,DsHTmDQwCJ5BR4eygI5ySZa4MAQ=,l3dzweFg0VPn//UunFicvteYIvA=
