-1,-1,Qho43J2ez4veeT2NaDCKlefhMvg=,hgqDYOc1sd4287pK31jGCYoRLw8=
-1,-2,Qho43J2ez4veeT2NaDCKlefhMvg=,6S0cBSjWvSx6DAs495gfn2Ah8/E=
-1,-3,Qho43J2ez4veeT2NaDCKlefhMvg=,4kOv3ZxQNIRlvD4oCxkYNOGK9KA=
-1,-4,Qho43J2ez4veeT2NaDCKlefhMvg=,4kOv3ZxQNIRlvD4oCxkYNOGK9KA=
-1,-5,Qho43J2ez4veeT2NaDCKlefhMvg=,4kOv3ZxQNIRlvD4oCxkYNOGK9KA=
-1,-6,Qho43J2ez4veeT2NaDCKlefhMvg=,4kOv3ZxQNIRlvD4oCxkYNOGK9KA=
-1,-7,Qho43J2ez4veeT2NaDCKlefhMvg=,4kOv3ZxQNIRlvD4oCxkYNOGK9KA=
-1,-8,Qho43J2ez4veeT2NaDCKlefhMvg=,897FszaUe4gALC0n8vXZr7pAo9E=
-1,-9,Qho43J2ez4veeT2NaDCKlefhMvg=,hgqDYOc1sd4287pK31jGCYoRLw8=
-1,-10,Qho43J2ez4veeT2NaDCKlefhMvg=,hgqDYOc1sd4287pK31jGCYoRLw8=
-1,-11,Qho43J2ez4veeT2NaDCKlefhMvg=,hgqDYOc1sd4287pK31jGCYoRLw8=
-1,-12,Qho43J2ez4veeT2NaDCKlefhMvg=,hgqDYOc1sd4287pK31jGCYoRLw8=
-1,-13,Qho43J2ez4veeT2NaDCKlefhMvg=,hgqDYOc1sd4287pK31jGCYoRLw8=
-1,-14,Qho43J2ez4veeT2NaDCKlefhMvg=,hgqDYOc1sd4287pK31jGCYoRLw8=
-1,-15,Qho43J2ez4veeT2NaDCKlefhMvg=,hgqDYOc1sd4287pK31jGCYoRLw8=
-1,-16,Qho43J2ez4veeT2NaDCKlefhMvg=,hgqDYOc1sd4287pK31jGCYoRLw8=
-1,-17,Qho43J2ez4veeT2NaDCKlefhMvg=,FkMIaJSrjwTqkNCqPAFLRblBkw0=
-1,-18,Qho43J2ez4veeT2NaDCKlefhMvg=,FkMIaJSrjwTqkNCqPAFLRblBkw0=
-1,-19,Qho43J2ez4veeT2NaDCKlefhMvg=,FkMIaJSrjwTqkNCqPAFLRblBkw0=
-1,-20,Qho43J2ez4veeT2NaDCKlefhMvg=,FkMIaJSrjwTqkNCqPAFLRblBkw0=
-1,-21,Qho43J2ez4veeT2NaDCKlefhMvg=,FkMIaJSrjwTqkNCqPAFLRblBkw0=
-1,-22,Qho43J2ez4veeT2NaDCKlefhMvg=,FkMIaJSrjwTqkNCqPAFLRblBkw0=
-1,-23,Qho43J2ez4veeT2NaDCKlefhMvg=,FkMIaJSrjwTqkNCqPAFLRblBkw0=
-1,-24,Qho43J2ez4veeT2NaDCKlefhMvg=,FkMIaJSrjwTqkNCqPAFLRblBkw0=
-1,-25,Qho43J2ez4veeT2NaDCKlefhMvg=,Kn42xpuh3lBmncP2X9vYhJqtxVw=
-1,-26,Qho43J2ez4veeT2NaDCKlefhMvg=,Kn42xpuh3lBmncP2X9vYhJqtxVw=
-1,-27,Qho43J2ez4veeT2NaDCKlefhMvg=,Kn42xpuh3lBmncP2X9vYhJqtxVw=
-1,-28,Qho43J2ez4veeT2NaDCKlefhMvg=,Kn42xpuh3lBmncP2X9vYhJqtxVw=
-1,-29,Qho43J2ez4veeT2NaDCKlefhMvg=,Kn42xpuh3lBmncP2X9vYhJqtxVw=
-1,-30,VaSURUnza1E49sf6kUxIcRQdfCc=,7cRIVKtyRhZLlr7D+TfBA7X2XHw=
-1,-31,VaSURUnza1E49sf6kUxIcRQdfCc=,vqUnxPB1E0ALPesllGIAfrQXo3s=
-1,-32,VaSURUnza1E49sf6kUxIcRQdfCc=,Wm2WxH3y6XWfwEWEqCm8S02oHYM=
-2,-2,VaSURUnza1E49sf6kUxIcRQdfCc=,Y3JySwGFSG4bel9WZ2Ux91hfrF8=
-2,-1,VaSURUnza1E49sf6kUxIcRQdfCc=,6S0cBSjWvSx6DAs495gfn2Ah8/E=
-2,-4,VaSURUnza1E49sf6kUxIcRQdfCc=,KnOgru/s6d13C9KLSTn6l+TCryA=
-2,-3,VaSURUnza1E49sf6kUxIcRQdfCc=,KnOgru/s6d13C9KLSTn6l+TCryA=
-2,-6,VaSURUnza1E49sf6kUxIcRQdfCc=,3kzkaCJvr6nGkEwYoadd02HX5Ak=
-2,-5,VaSURUnza1E49sf6kUxIcRQdfCc=,/0R3eTMpzb2POee94+MGsFWxw/E=
-2,-8,VaSURUnza1E49sf6kUxIcRQdfCc=,apt+BenPCsheOeCjZT75/+4COrY=
-2,-7,VaSURUnza1E49sf6kUxIcRQdfCc=,KnOgru/s6d13C9KLSTn6l+TCryA=
-2,-10,VaSURUnza1E49sf6kUxIcRQdfCc=,hgqDYOc1sd4287pK31jGCYoRLw8=
-2,-9,VaSURUnza1E49sf6kUxIcRQdfCc=,hgqDYOc1sd4287pK31jGCYoRLw8=
-2,-12,VaSURUnza1E49sf6kUxIcRQdfCc=,hgqDYOc1sd4287pK31jGCYoRLw8=
-2,-11,VaSURUnza1E49sf6kUxIcRQdfCc=,hgqDYOc1sd4287pK31jGCYoRLw8=
-2,-14,VaSURUnza1E49sf6kUxIcRQdfCc=,hgqDYOc1sd4287pK31jGCYoRLw8=
-2,-13,VaSURUnza1E49sf6kUxIcRQdfCc=,hgqDYOc1sd4287pK31jGCYoRLw8=
-2,-16,VaSURUnza1E49sf6kUxIcRQdfCc=,hgqDYOc1sd4287pK31jGCYoRLw8=
-2,-15,VaSURUnza1E49sf6kUxIcRQdfCc=,hgqDYOc1sd4287pK31jGCYoRLw8=
-2,-18,VaSURUnza1E49sf6kUxIcRQdfCc=,FkMIaJSrjwTqkNCqPAFLRblBkw0=
-2,-17,VaSURUnza1E49sf6kUxIcRQdfCc=,FkMIaJSrjwTqkNCqPAFLRblBkw0=
-2,-20,VaSURUnza1E49sf6kUxIcRQdfCc=,FkMIaJSrjwTqkNCqPAFLRblBkw0=
-2,-19,VaSURUnza1E49sf6kUxIcRQdfCc=,FkMIaJSrjwTqkNCqPAFLRblBkw0=
-2,-22,VaSURUnza1E49sf6kUxIcRQdfCc=,FkMIaJSrjwTqkNCqPAFLRblBkw0=
-2,-21,VaSURUnza1E49sf6kUxIcRQdfCc=,FkMIaJSrjwTqkNCqPAFLRblBkw0=
-2,-24,VaSURUnza1E49sf6kUxIcRQdfCc=,FkMIaJSrjwTqkNCqPAFLRblBkw0=
-2,-23,VaSURUnza1E49sf6kUxIcRQdfCc=,FkMIaJSrjwTqkNCqPAFLRblBkw0=
-2,-26,VaSURUnza1E49sf6kUxIcRQdfCc=,Kn42xpuh3lBmncP2X9vYhJqtxVw=
-2,-25,VaSURUnza1E49sf6kUxIcRQdfCc=,Kn42xpuh3lBmncP2X9vYhJqtxVw=
-2,-28,VaSURUnza1E49sf6kUxIcRQdfCc=,Kn42xpuh3lBmncP2X9vYhJqtxVw=
-2,-27,VaSURUnza1E49sf6kUxIcRQdfCc=,Kn42xpuh3lBmncP2X9vYhJqtxVw=
-2,-30,VaSURUnza1E49sf6kUxIcRQdfCc=,ocIQZdmWRcDCS1m5EXNuAdOw+Bg=
-2,-29,VaSURUnza1E49sf6kUxIcRQdfCc=,Kn42xpuh3lBmncP2X9vYhJqtxVw=
-2,-32,VaSURUnza1E49sf6kUxIcRQdfCc=,PQ5HXeY4L3q08Bqgk+nlHTHXUNI=
-2,-31,VaSURUnza1E49sf6kUxIcRQdfCc=,FkMIaJSrjwTqkNCqPAFLRblBkw0=
-3,-3,VaSURUnza1E49sf6kUxIcRQdfCc=,/0R3eTMpzb2POee94+MGsFWxw/E=
-3,-4,VaSURUnza1E49sf6kUxIcRQdfCc=,3kzkaCJvr6nGkEwYoadd02HX5Ak=
-3,-1,VaSURUnza1E49sf6kUxIcRQdfCc=,svDivC+nRVlOugbssPYR9uCt56U=
-3,-2,VaSURUnza1E49sf6kUxIcRQdfCc=,KnOgru/s6d13C9KLSTn6l+TCryA=
-3,-7,VaSURUnza1E49sf6kUxIcRQdfCc=,f+81+V4BI1DeenoAumly5/hvjOc=
-3,-8,VaSURUnza1E49sf6kUxIcRQdfCc=,apt+BenPCsheOeCjZT75/+4COrY=
-3,-5,VaSURUnza1E49sf6kUxIcRQdfCc=,3kzkaCJvr6nGkEwYoadd02HX5Ak=
-3,-6,VaSURUnza1E49sf6kUxIcRQdfCc=,RdMiEV14hrMSQW8QhcDXqYvsknA=
-3,-11,VaSURUnza1E49sf6kUxIcRQdfCc=,hgqDYOc1sd4287pK31jGCYoRLw8=
-3,-12,VaSURUnza1E49sf6kUxIcRQdfCc=,hgqDYOc1sd4287pK31jGCYoRLw8=
-3,-9,YvfW+wYSd4IUiXTZd6DHYhoTTM4=,hgqDYOc1sd4287pK31jGCYoRLw8=
-3,-10,YvfW+wYSd4IUiXTZd6DHYhoTTM4=,hgqDYOc1sd4287pK31jGCYoRLw8=
-3,-15,YvfW+wYSd4IUiXTZd6DHYhoTTM4=,hgqDYOc1sd4287pK31jGCYoRLw8=
-3,-16,YvfW+wYSd4IUiXTZd6DHYhoTTM4=,hgqDYOc1sd4287pK31jGCYoRLw8=
-3,-13,YvfW+wYSd4IUiXTZd6DHYhoTTM4=,hgqDYOc1sd4287pK31jGCYoRLw8=
-3,-14,YvfW+wYSd4IUiXTZd6DHYhoTTM4=,hgqDYOc1sd4287pK31jGCYoRLw8=
-3,-19,YvfW+wYSd4IUiXTZd6DHYhoTTM4=,Q0aXB4B2vWcIypnHdy6E9fr7zFg=
-3,-20,YvfW+wYSd4IUiXTZd6DHYhoTTM4=,FkMIaJSrjwTqkNCqPAFLRblBkw0=
-3,-17,YvfW+wYSd4IUiXTZd6DHYhoTTM4=,FkMIaJSrjwTqkNCqPAFLRblBkw0=
-3,-18,YvfW+wYSd4IUiXTZd6DHYhoTTM4=,nnvOWRoNZOZQmtFnzkBOxfkZGLI=
-3,-23,YvfW+wYSd4IUiXTZd6DHYhoTTM4=,FkMIaJSrjwTqkNCqPAFLRblBkw0=
-3,-24,YvfW+wYSd4IUiXTZd6DHYhoTTM4=,FkMIaJSrjwTqkNCqPAFLRblBkw0=
-3,-21,YvfW+wYSd4IUiXTZd6DHYhoTTM4=,FkMIaJSrjwTqkNCqPAFLRblBkw0=
-3,-22,YvfW+wYSd4IUiXTZd6DHYhoTTM4=,FkMIaJSrjwTqkNCqPAFLRblBkw0=
-3,-27,YvfW+wYSd4IUiXTZd6DHYhoTTM4=,Kn42xpuh3lBmncP2X9vYhJqtxVw=
-3,-28,YvfW+wYSd4IUiXTZd6DHYhoTTM4=,Kn42xpuh3lBmncP2X9vYhJqtxVw=
-3,-25,YvfW+wYSd4IUiXTZd6DHYhoTTM4=,Kn42xpuh3lBmncP2X9vYhJqtxVw=
-3,-26,YvfW+wYSd4IUiXTZd6DHYhoTTM4=,Kn42xpuh3lBmncP2X9vYhJqtxVw=
-3,-31,YvfW+wYSd4IUiXTZd6DHYhoTTM4=,FkMIaJSrjwTqkNCqPAFLRblBkw0=
-3,-32,YvfW+wYSd4IUiXTZd6DHYhoTTM4=,PQ5HXeY4L3q08Bqgk+nlHTHXUNI=
-3,-29,YvfW+wYSd4IUiXTZd6DHYhoTTM4=,Kn42xpuh3lBmncP2X9vYhJqtxVw=
-3,-30,YvfW+wYSd4IUiXTZd6DHYhoTTM4=,ocIQZdmWRcDCS1m5EXNuAdOw+Bg=
-4,-4,YvfW+wYSd4IUiXTZd6DHYhoTTM4=,hgqDYOc1sd4287pK31jGCYoRLw8=
-4,-3,YvfW+wYSd4IUiXTZd6DHYhoTTM4=,apt+BenPCsheOeCjZT75/+4COrY=
-4,-2,YvfW+wYSd4IUiXTZd6DHYhoTTM4=,KnOgru/s6d13C9KLSTn6l+TCryA=
-4,-1,YvfW+wYSd4IUiXTZd6DHYhoTTM4=,svDivC+nRVlOugbssPYR9uCt56U=
-4,-8,YvfW+wYSd4IUiXTZd6DHYhoTTM4=,apt+BenPCsheOeCjZT75/+4COrY=
-4,-7,YvfW+wYSd4IUiXTZd6DHYhoTTM4=,svDivC+nRVlOugbssPYR9uCt56U=
-4,-6,YvfW+wYSd4IUiXTZd6DHYhoTTM4=,hgqDYOc1sd4287pK31jGCYoRLw8=
-4,-5,YvfW+wYSd4IUiXTZd6DHYhoTTM4=,hgqDYOc1sd4287pK31jGCYoRLw8=
-4,-12,YvfW+wYSd4IUiXTZd6DHYhoTTM4=,hgqDYOc1sd4287pK31jGCYoRLw8=
-4,-11,YvfW+wYSd4IUiXTZd6DHYhoTTM4=,hgqDYOc1sd4287pK31jGCYoRLw8=
-4,-10,YvfW+wYSd4IUiXTZd6DHYhoTTM4=,hgqDYOc1sd4287pK31jGCYoRLw8=
-4,-9,YvfW+wYSd4IUiXTZd6DHYhoTTM4=,hgqDYOc1sd4287pK31jGCYoRLw8=
-4,-16,YvfW+wYSd4IUiXTZd6DHYhoTTM4=,hgqDYOc1sd4287pK31jGCYoRLw8=
-4,-15,YvfW+wYSd4IUiXTZd6DHYhoTTM4=,hgqDYOc1sd4287pK31jGCYoRLw8=
-4,-14,YvfW+wYSd4IUiXTZd6DHYhoTTM4=,hgqDYOc1sd4287pK31jGCYoRLw8=
-4,-13,YvfW+wYSd4IUiXTZd6DHYhoTTM4=,hgqDYOc1sd4287pK31jGCYoRLw8=
-4,-20,YvfW+wYSd4IUiXTZd6DHYhoTTM4=,FkMIaJSrjwTqkNCqPAFLRblBkw0=
-4,-19,YvfW+wYSd4IUiXTZd6DHYhoTTM4=,XgCwttu/6i6KvggVs3z3y7WMbYw=
-4,-18,YvfW+wYSd4IUiXTZd6DHYhoTTM4=,V9ixPuShPjm35NamLt1yX3RGJOc=
-4,-17,YvfW+wYSd4IUiXTZd6DHYhoTTM4=,FkMIaJSrjwTqkNCqPAFLRblBkw0=
-4,-24,YvfW+wYSd4IUiXTZd6DHYhoTTM4=,FkMIaJSrjwTqkNCqPAFLRblBkw0=
-4,-23,YvfW+wYSd4IUiXTZd6DHYhoTTM4=,FkMIaJSrjwTqkNCqPAFLRblBkw0=
-4,-22,YvfW+wYSd4IUiXTZd6DHYhoTTM4=,FkMIaJSrjwTqkNCqPAFLRblBkw0=
-4,-21,YvfW+wYSd4IUiXTZd6DHYhoTTM4=,FkMIaJSrjwTqkNCqPAFLRblBkw0=
-4,-28,YvfW+wYSd4IUiXTZd6DHYhoTTM4=,Kn42xpuh3lBmncP2X9vYhJqtxVw=
-4,-27,YvfW+wYSd4IUiXTZd6DHYhoTTM4=,Kn42xpuh3lBmncP2X9vYhJqtxVw=
-4,-26,YvfW+wYSd4IUiXTZd6DHYhoTTM4=,Kn42xpuh3lBmncP2X9vYhJqtxVw=
-4,-25,YvfW+wYSd4IUiXTZd6DHYhoTTM4=,Kn42xpuh3lBmncP2X9vYhJqtxVw=
-4,-32,YvfW+wYSd4IUiXTZd6DHYhoTTM4=,goCnBaV2gwK6rmz+3FmbSiMBGwU=
-4,-31,YvfW+wYSd4IUiXTZd6DHYhoTTM4=,IFukYqVt03Hp+IZQIZFUYbceC3k=
-4,-30,YvfW+wYSd4IUiXTZd6DHYhoTTM4=,ocIQZdmWRcDCS1m5EXNuAdOw+Bg=
-4,-29,YvfW+wYSd4IUiXTZd6DHYhoTTM4=,Kn42xpuh3lBmncP2X9vYhJqtxVw=
-5,-5,YvfW+wYSd4IUiXTZd6DHYhoTTM4=,hgqDYOc1sd4287pK31jGCYoRLw8=
-5,-6,YvfW+wYSd4IUiXTZd6DHYhoTTM4=,hgqDYOc1sd4287pK31jGCYoRLw8=
-5,-7,YvfW+wYSd4IUiXTZd6DHYhoTTM4=,svDivC+nRVlOugbssPYR9uCt56U=
-5,-8,Mz/K+DZz78pIJqc+Oj2zkYn4yv4=,apt+BenPCsheOeCjZT75/+4COrY=
-5,-1,Mz/K+DZz78pIJqc+Oj2zkYn4yv4=,svDivC+nRVlOugbssPYR9uCt56U=
-5,-2,Mz/K+DZz78pIJqc+Oj2zkYn4yv4=,KnOgru/s6d13C9KLSTn6l+TCryA=
-5,-3,Mz/K+DZz78pIJqc+Oj2zkYn4yv4=,apt+BenPCsheOeCjZT75/+4COrY=
-5,-4,Mz/K+DZz78pIJqc+Oj2zkYn4yv4=,hgqDYOc1sd4287pK31jGCYoRLw8=
-5,-13,Mz/K+DZz78pIJqc+Oj2zkYn4yv4=,hgqDYOc1sd4287pK31jGCYoRLw8=
-5,-14,Mz/K+DZz78pIJqc+Oj2zkYn4yv4=,hgqDYOc1sd4287pK31jGCYoRLw8=
-5,-15,Mz/K+DZz78pIJqc+Oj2zkYn4yv4=,hgqDYOc1sd4287pK31jGCYoRLw8=
-5,-16,Mz/K+DZz78pIJqc+Oj2zkYn4yv4=,hgqDYOc1sd4287pK31jGCYoRLw8=
-5,-9,Mz/K+DZz78pIJqc+Oj2zkYn4yv4=,hgqDYOc1sd4287pK31jGCYoRLw8=
-5,-10,Mz/K+DZz78pIJqc+Oj2zkYn4yv4=,hgqDYOc1sd4287pK31jGCYoRLw8=
-5,-11,Mz/K+DZz78pIJqc+Oj2zkYn4yv4=,hgqDYOc1sd4287pK31jGCYoRLw8=
-5,-12,Mz/K+DZz78pIJqc+Oj2zkYn4yv4=,hgqDYOc1sd4287pK31jGCYoRLw8=
-5,-21,Mz/K+DZz78pIJqc+Oj2zkYn4yv4=,FkMIaJSrjwTqkNCqPAFLRblBkw0=
-5,-22,Mz/K+DZz78pIJqc+Oj2zkYn4yv4=,FkMIaJSrjwTqkNCqPAFLRblBkw0=
-5,-23,Mz/K+DZz78pIJqc+Oj2zkYn4yv4=,FkMIaJSrjwTqkNCqPAFLRblBkw0=
-5,-24,Mz/K+DZz78pIJqc+Oj2zkYn4yv4=,FkMIaJSrjwTqkNCqPAFLRblBkw0=
-5,-17,Mz/K+DZz78pIJqc+Oj2zkYn4yv4=,FkMIaJSrjwTqkNCqPAFLRblBkw0=
-5,-18,Mz/K+DZz78pIJqc+Oj2zkYn4yv4=,V9ixPuShPjm35NamLt1yX3RGJOc=
-5,-19,Mz/K+DZz78pIJqc+Oj2zkYn4yv4=,XgCwttu/6i6KvggVs3z3y7WMbYw=
-5,-20,Mz/K+DZz78pIJqc+Oj2zkYn4yv4=,FkMIaJSrjwTqkNCqPAFLRblBkw0=
-5,-29,Mz/K+DZz78pIJqc+Oj2zkYn4yv4=,Kn42xpuh3lBmncP2X9vYhJqtxVw=
-5,-30,Mz/K+DZz78pIJqc+Oj2zkYn4yv4=,ocIQZdmWRcDCS1m5EXNuAdOw+Bg=
-5,-31,Mz/K+DZz78pIJqc+Oj2zkYn4yv4=,PQ5HXeY4L3q08Bqgk+nlHTHXUNI=
-5,-32,Mz/K+DZz78pIJqc+Oj2zkYn4yv4=,Kn42xpuh3lBmncP2X9vYhJqtxVw=
-5,-25,Mz/K+DZz78pIJqc+Oj2zkYn4yv4=,Kn42xpuh3lBmncP2X9vYhJqtxVw=
-5,-26,Mz/K+DZz78pIJqc+Oj2zkYn4yv4=,Kn42xpuh3lBmncP2X9vYhJqtxVw=
-5,-27,Mz/K+DZz78pIJqc+Oj2zkYn4yv4=,Kn42xpuh3lBmncP2X9vYhJqtxVw=
-5,-28,Mz/K+DZz78pIJqc+Oj2zkYn4yv4=,Kn42xpuh3lBmncP2X9vYhJqtxVw=
-6,-6,Mz/K+DZz78pIJqc+Oj2zkYn4yv4=,hgqDYOc1sd4287pK31jGCYoRLw8=
-6,-5,Mz/K+DZz78pIJqc+Oj2zkYn4yv4=,897FszaUe4gALC0n8vXZr7pAo9E=
-6,-8,Mz/K+DZz78pIJqc+Oj2zkYn4yv4=,apt+BenPCsheOeCjZT75/+4COrY=
-6,-7,Mz/K+DZz78pIJqc+Oj2zkYn4yv4=,svDivC+nRVlOugbssPYR9uCt56U=
-6,-2,Mz/K+DZz78pIJqc+Oj2zkYn4yv4=,KnOgru/s6d13C9KLSTn6l+TCryA=
-6,-1,Mz/K+DZz78pIJqc+Oj2zkYn4yv4=,svDivC+nRVlOugbssPYR9uCt56U=
-6,-4,Mz/K+DZz78pIJqc+Oj2zkYn4yv4=,4kOv3ZxQNIRlvD4oCxkYNOGK9KA=
-6,-3,Mz/K+DZz78pIJqc+Oj2zkYn4yv4=,gZI7aW86akwUXrCvkqIkJ7dmXLc=
-6,-14,Mz/K+DZz78pIJqc+Oj2zkYn4yv4=,hgqDYOc1sd4287pK31jGCYoRLw8=
-6,-13,Mz/K+DZz78pIJqc+Oj2zkYn4yv4=,hgqDYOc1sd4287pK31jGCYoRLw8=
-6,-16,Mz/K+DZz78pIJqc+Oj2zkYn4yv4=,hgqDYOc1sd4287pK31jGCYoRLw8=
-6,-15,Mz/K+DZz78pIJqc+Oj2zkYn4yv4=,hgqDYOc1sd4287pK31jGCYoRLw8=
-6,-10,Mz/K+DZz78pIJqc+Oj2zkYn4yv4=,hgqDYOc1sd4287pK31jGCYoRLw8=
-6,-9,Mz/K+DZz78pIJqc+Oj2zkYn4yv4=,hgqDYOc1sd4287pK31jGCYoRLw8=
-6,-12,Mz/K+DZz78pIJqc+Oj2zkYn4yv4=,hgqDYOc1sd4287pK31jGCYoRLw8=
-6,-11,Mz/K+DZz78pIJqc+Oj2zkYn4yv4=,hgqDYOc1sd4287pK31jGCYoRLw8=
-6,-22,Mz/K+DZz78pIJqc+Oj2zkYn4yv4=,FkMIaJSrjwTqkNCqPAFLRblBkw0=
-6,-21,Mz/K+DZz78pIJqc+Oj2zkYn4yv4=,FkMIaJSrjwTqkNCqPAFLRblBkw0=
-6,-24,Mz/K+DZz78pIJqc+Oj2zkYn4yv4=,FkMIaJSrjwTqkNCqPAFLRblBkw0=
-6,-23,Mz/K+DZz78pIJqc+Oj2zkYn4yv4=,FkMIaJSrjwTqkNCqPAFLRblBkw0=
-6,-18,Mz/K+DZz78pIJqc+Oj2zkYn4yv4=,V9ixPuShPjm35NamLt1yX3RGJOc=
-6,-17,Mz/K+DZz78pIJqc+Oj2zkYn4yv4=,FkMIaJSrjwTqkNCqPAFLRblBkw0=
-6,-20,gQzKSoZyQublqTPtgOLYNF/Zg+o=,FkMIaJSrjwTqkNCqPAFLRblBkw0=
-6,-19,gQzKSoZyQublqTPtgOLYNF/Zg+o=,XgCwttu/6i6KvggVs3z3y7WMbYw=
-6,-30,gQzKSoZyQublqTPtgOLYNF/Zg+o=,4lU4ppLxjfFaZtU0OfVltNT4qp4=
-6,-29,gQzKSoZyQublqTPtgOLYNF/Zg+o=,vqUnxPB1E0ALPesllGIAfrQXo3s=
-6,-32,gQzKSoZyQublqTPtgOLYNF/Zg+o=,Wm2WxH3y6XWfwEWEqCm8S02oHYM=
-6,-31,gQzKSoZyQublqTPtgOLYNF/Zg+o=,dsAZwlm2u7ITgY6aUhsMuY0Hqao=
-6,-26,gQzKSoZyQublqTPtgOLYNF/Zg+o=,vqUnxPB1E0ALPesllGIAfrQXo3s=
-6,-25,gQzKSoZyQublqTPtgOLYNF/Zg+o=,7cRIVKtyRhZLlr7D+TfBA7X2XHw=
-6,-28,gQzKSoZyQublqTPtgOLYNF/Zg+o=,vqUnxPB1E0ALPesllGIAfrQXo3s=
-6,-27,gQzKSoZyQublqTPtgOLYNF/Zg+o=,vqUnxPB1E0ALPesllGIAfrQXo3s=
-7,-7,gQzKSoZyQublqTPtgOLYNF/Zg+o=,2VLg/P6mCDTYp9QYkKUTp0FzqHs=
-7,-8,gQzKSoZyQublqTPtgOLYNF/Zg+o=,Zc9t5Br3fdQIVFVFzBuUPkp1K9o=
-7,-5,gQzKSoZyQublqTPtgOLYNF/Zg+o=,gZI7aW86akwUXrCvkqIkJ7dmXLc=
-7,-6,gQzKSoZyQublqTPtgOLYNF/Zg+o=,4kOv3ZxQNIRlvD4oCxkYNOGK9KA=
-7,-3,gQzKSoZyQublqTPtgOLYNF/Zg+o=,3kzkaCJvr6nGkEwYoadd02HX5Ak=
-7,-4,gQzKSoZyQublqTPtgOLYNF/Zg+o=,f+81+V4BI1DeenoAumly5/hvjOc=
-7,-1,gQzKSoZyQublqTPtgOLYNF/Zg+o=,RdMiEV14hrMSQW8QhcDXqYvsknA=
-7,-2,gQzKSoZyQublqTPtgOLYNF/Zg+o=,3kzkaCJvr6nGkEwYoadd02HX5Ak=
-7,-15,gQzKSoZyQublqTPtgOLYNF/Zg+o=,hgqDYOc1sd4287pK31jGCYoRLw8=
-7,-16,gQzKSoZyQublqTPtgOLYNF/Zg+o=,hgqDYOc1sd4287pK31jGCYoRLw8=
-7,-13,gQzKSoZyQublqTPtgOLYNF/Zg+o=,hgqDYOc1sd4287pK31jGCYoRLw8=
-7,-14,gQzKSoZyQublqTPtgOLYNF/Zg+o=,hgqDYOc1sd4287pK31jGCYoRLw8=
-7,-11,gQzKSoZyQublqTPtgOLYNF/Zg+o=,hgqDYOc1sd4287pK31jGCYoRLw8=
-7,-12,gQzKSoZyQublqTPtgOLYNF/Zg+o=,hgqDYOc1sd4287pK31jGCYoRLw8=
-7,-9,gQzKSoZyQublqTPtgOLYNF/Zg+o=,hgqDYOc1sd4287pK31jGCYoRLw8=
-7,-10,gQzKSoZyQublqTPtgOLYNF/Zg+o=,hgqDYOc1sd4287pK31jGCYoRLw8=
-7,-23,gQzKSoZyQublqTPtgOLYNF/Zg+o=,FkMIaJSrjwTqkNCqPAFLRblBkw0=
-7,-24,gQzKSoZyQublqTPtgOLYNF/Zg+o=,FkMIaJSrjwTqkNCqPAFLRblBkw0=
-7,-21,gQzKSoZyQublqTPtgOLYNF/Zg+o=,FkMIaJSrjwTqkNCqPAFLRblBkw0=
-7,-22,gQzKSoZyQublqTPtgOLYNF/Zg+o=,FkMIaJSrjwTqkNCqPAFLRblBkw0=
-7,-19,gQzKSoZyQublqTPtgOLYNF/Zg+o=,XgCwttu/6i6KvggVs3z3y7WMbYw=
-7,-20,gQzKSoZyQublqTPtgOLYNF/Zg+o=,FkMIaJSrjwTqkNCqPAFLRblBkw0=
-7,-17,gQzKSoZyQublqTPtgOLYNF/Zg+o=,nnvOWRoNZOZQmtFnzkBOxfkZGLI=
-7,-18,gQzKSoZyQublqTPtgOLYNF/Zg+o=,imJLLyzMD20xQT2EmgBJ3gR/f/Y=
-7,-31,gQzKSoZyQublqTPtgOLYNF/Zg+o=,FkMIaJSrjwTqkNCqPAFLRblBkw0=
-7,-32,gQzKSoZyQublqTPtgOLYNF/Zg+o=,PQ5HXeY4L3q08Bqgk+nlHTHXUNI=
-7,-29,gQzKSoZyQublqTPtgOLYNF/Zg+o=,FkMIaJSrjwTqkNCqPAFLRblBkw0=
-7,-30,gQzKSoZyQublqTPtgOLYNF/Zg+o=,FkMIaJSrjwTqkNCqPAFLRblBkw0=
-7,-27,gQzKSoZyQublqTPtgOLYNF/Zg+o=,XmOa4ICykJ8c4WuSBpU3uFxvEZo=
-7,-28,gQzKSoZyQublqTPtgOLYNF/Zg+o=,as9yXFLdh8JXrU9gMXwBVMewKn4=
-7,-25,gQzKSoZyQublqTPtgOLYNF/Zg+o=,ocIQZdmWRcDCS1m5EXNuAdOw+Bg=
-7,-26,gQzKSoZyQublqTPtgOLYNF/Zg+o=,IFukYqVt03Hp+IZQIZFUYbceC3k=
-8,-8,gQzKSoZyQublqTPtgOLYNF/Zg+o=,hgqDYOc1sd4287pK31jGCYoRLw8=
-8,-7,gQzKSoZyQublqTPtgOLYNF/Zg+o=,Zc9t5Br3fdQIVFVFzBuUPkp1K9o=
-8,-6,gQzKSoZyQublqTPtgOLYNF/Zg+o=,3kzkaCJvr6nGkEwYoadd02HX5Ak=
-8,-5,gQzKSoZyQublqTPtgOLYNF/Zg+o=,3kzkaCJvr6nGkEwYoadd02HX5Ak=
-8,-4,gQzKSoZyQublqTPtgOLYNF/Zg+o=,RdMiEV14hrMSQW8QhcDXqYvsknA=
-8,-3,gQzKSoZyQublqTPtgOLYNF/Zg+o=,hgqDYOc1sd4287pK31jGCYoRLw8=
-8,-2,gQzKSoZyQublqTPtgOLYNF/Zg+o=,hgqDYOc1sd4287pK31jGCYoRLw8=
-8,-1,gQzKSoZyQublqTPtgOLYNF/Zg+o=,hgqDYOc1sd4287pK31jGCYoRLw8=
-8,-16,gQzKSoZyQublqTPtgOLYNF/Zg+o=,hgqDYOc1sd4287pK31jGCYoRLw8=
-8,-15,gQzKSoZyQublqTPtgOLYNF/Zg+o=,hgqDYOc1sd4287pK31jGCYoRLw8=
-8,-14,CDEqSOOwIn8mqSfrKQ3AFhLtpTg=,hgqDYOc1sd4287pK31jGCYoRLw8=
-8,-13,CDEqSOOwIn8mqSfrKQ3AFhLtpTg=,hgqDYOc1sd4287pK31jGCYoRLw8=
-8,-12,CDEqSOOwIn8mqSfrKQ3AFhLtpTg=,hgqDYOc1sd4287pK31jGCYoRLw8=
-8,-11,CDEqSOOwIn8mqSfrKQ3AFhLtpTg=,hgqDYOc1sd4287pK31jGCYoRLw8=
-8,-10,CDEqSOOwIn8mqSfrKQ3AFhLtpTg=,hgqDYOc1sd4287pK31jGCYoRLw8=
-8,-9,CDEqSOOwIn8mqSfrKQ3AFhLtpTg=,hgqDYOc1sd4287pK31jGCYoRLw8=
-8,-24,CDEqSOOwIn8mqSfrKQ3AFhLtpTg=,FkMIaJSrjwTqkNCqPAFLRblBkw0=
-8,-23,CDEqSOOwIn8mqSfrKQ3AFhLtpTg=,FkMIaJSrjwTqkNCqPAFLRblBkw0=
-8,-22,CDEqSOOwIn8mqSfrKQ3AFhLtpTg=,FkMIaJSrjwTqkNCqPAFLRblBkw0=
-8,-21,CDEqSOOwIn8mqSfrKQ3AFhLtpTg=,FkMIaJSrjwTqkNCqPAFLRblBkw0=
-8,-20,CDEqSOOwIn8mqSfrKQ3AFhLtpTg=,FkMIaJSrjwTqkNCqPAFLRblBkw0=
-8,-19,CDEqSOOwIn8mqSfrKQ3AFhLtpTg=,u57nchniWaVJaxslg/mIB8ZjafU=
-8,-18,CDEqSOOwIn8mqSfrKQ3AFhLtpTg=,VpWBRpevxy+caTNXmuwoTLJ6Odg=
-8,-17,CDEqSOOwIn8mqSfrKQ3AFhLtpTg=,ly9L0ZvblDUCNbPjVZZv39uz2XM=
-8,-32,CDEqSOOwIn8mqSfrKQ3AFhLtpTg=,goCnBaV2gwK6rmz+3FmbSiMBGwU=
-8,-31,CDEqSOOwIn8mqSfrKQ3AFhLtpTg=,XmOa4ICykJ8c4WuSBpU3uFxvEZo=
-8,-30,CDEqSOOwIn8mqSfrKQ3AFhLtpTg=,XmOa4ICykJ8c4WuSBpU3uFxvEZo=
-8,-29,CDEqSOOwIn8mqSfrKQ3AFhLtpTg=,XmOa4ICykJ8c4WuSBpU3uFxvEZo=
-8,-28,CDEqSOOwIn8mqSfrKQ3AFhLtpTg=,KNowtj+CwXdeo8SMHUdGQ0Koh3Y=
-8,-27,CDEqSOOwIn8mqSfrKQ3AFhLtpTg=,Kn42xpuh3lBmncP2X9vYhJqtxVw=
-8,-26,CDEqSOOwIn8mqSfrKQ3AFhLtpTg=,goCnBaV2gwK6rmz+3FmbSiMBGwU=
-8,-25,CDEqSOOwIn8mqSfrKQ3AFhLtpTg=,KNowtj+CwXdeo8SMHUdGQ0Koh3Y=
-9,-9,CDEqSOOwIn8mqSfrKQ3AFhLtpTg=,+bW6KeXxVuMLzhcx6TsPX938LN4=
-9,-10,CDEqSOOwIn8mqSfrKQ3AFhLtpTg=,+bW6KeXxVuMLzhcx6TsPX938LN4=
-9,-11,CDEqSOOwIn8mqSfrKQ3AFhLtpTg=,+bW6KeXxVuMLzhcx6TsPX938LN4=
-9,-12,CDEqSOOwIn8mqSfrKQ3AFhLtpTg=,SwIE3dBFwlVXPfdi3DPcEmGxwbc=
-9,-13,CDEqSOOwIn8mqSfrKQ3AFhLtpTg=,J4jtWBWc/+wRCQSNkM9pdFf2fyI=
-9,-14,CDEqSOOwIn8mqSfrKQ3AFhLtpTg=,J4jtWBWc/+wRCQSNkM9pdFf2fyI=
-9,-15,CDEqSOOwIn8mqSfrKQ3AFhLtpTg=,HxLFvE4D94Ryh8JIz8MOKk6kkN8=
-9,-16,CDEqSOOwIn8mqSfrKQ3AFhLtpTg=,+bW6KeXxVuMLzhcx6TsPX938LN4=
-9,-1,CDEqSOOwIn8mqSfrKQ3AFhLtpTg=,TksdLOy5mYyksOvYxCtf7FFs5ZI=
-9,-2,CDEqSOOwIn8mqSfrKQ3AFhLtpTg=,ce1LjnrkrUgWdKhuQb711FxPBW4=
-9,-3,CDEqSOOwIn8mqSfrKQ3AFhLtpTg=,bq8wI/phf6teDU0xx88nKaZbsF0=
-9,-4,CDEqSOOwIn8mqSfrKQ3AFhLtpTg=,XGTEIcXrRvMFL+LSNubcRbu1Yqw=
-9,-5,CDEqSOOwIn8mqSfrKQ3AFhLtpTg=,XGTEIcXrRvMFL+LSNubcRbu1Yqw=
-9,-6,CDEqSOOwIn8mqSfrKQ3AFhLtpTg=,lhmTq2N7M/+tHJaZVblAj64O1YE=
-9,-7,CDEqSOOwIn8mqSfrKQ3AFhLtpTg=,TOD46J6Z1CrBpeX2o7tWkj/iCow=
-9,-8,CDEqSOOwIn8mqSfrKQ3AFhLtpTg=,w4R0wmQoxVz+g8ObXUgiMtLTzno=
-9,-25,CDEqSOOwIn8mqSfrKQ3AFhLtpTg=,H+FapTQMK6tacptOrUTJqOXMsmo=
-9,-26,CDEqSOOwIn8mqSfrKQ3AFhLtpTg=,H+FapTQMK6tacptOrUTJqOXMsmo=
-9,-27,CDEqSOOwIn8mqSfrKQ3AFhLtpTg=,H+FapTQMK6tacptOrUTJqOXMsmo=
-9,-28,CDEqSOOwIn8mqSfrKQ3AFhLtpTg=,H+FapTQMK6tacptOrUTJqOXMsmo=
-9,-29,CDEqSOOwIn8mqSfrKQ3AFhLtpTg=,H+FapTQMK6tacptOrUTJqOXMsmo=
-9,-30,CDEqSOOwIn8mqSfrKQ3AFhLtpTg=,H+FapTQMK6tacptOrUTJqOXMsmo=
-9,-31,CDEqSOOwIn8mqSfrKQ3AFhLtpTg=,H+FapTQMK6tacptOrUTJqOXMsmo=
-9,-32,CDEqSOOwIn8mqSfrKQ3AFhLtpTg=,H+FapTQMK6tacptOrUTJqOXMsmo=
-9,-17,CDEqSOOwIn8mqSfrKQ3AFhLtpTg=,WtokUxikkYaJDmXkkXHcKTJkBNM=
-9,-18,CDEqSOOwIn8mqSfrKQ3AFhLtpTg=,KrTt6TMTQ5rkhd7/uiS5hAFN6WU=
-9,-19,CDEqSOOwIn8mqSfrKQ3AFhLtpTg=,KrTt6TMTQ5rkhd7/uiS5hAFN6WU=
-9,-20,CDEqSOOwIn8mqSfrKQ3AFhLtpTg=,P9JWREJfwuCsqTAzepUmPoqmQpM=
-9,-21,CDEqSOOwIn8mqSfrKQ3AFhLtpTg=,jUdHfi3bMCvcWL+yfAC0QPXAjHg=
-9,-22,CDEqSOOwIn8mqSfrKQ3AFhLtpTg=,Oji/6eGWfXR+E05wa7bVD8Tb8yY=
-9,-23,M/f+EPQ89ji25U37SA9jsQ8MAUg=,Jpj5B8oHO2cQxOPHZRoYQpwuDbo=
-9,-24,M/f+EPQ89ji25U37SA9jsQ8MAUg=,Jpj5B8oHO2cQxOPHZRoYQpwuDbo=
-10,-10,M/f+EPQ89ji25U37SA9jsQ8MAUg=,J4jtWBWc/+wRCQSNkM9pdFf2fyI=
-10,-9,M/f+EPQ89ji25U37SA9jsQ8MAUg=,SwIE3dBFwlVXPfdi3DPcEmGxwbc=
-10,-12,M/f+EPQ89ji25U37SA9jsQ8MAUg=,3AMzHO30xbkK9KmgSw/uw+YV6tc=
-10,-11,M/f+EPQ89ji25U37SA9jsQ8MAUg=,J4jtWBWc/+wRCQSNkM9pdFf2fyI=
-10,-14,M/f+EPQ89ji25U37SA9jsQ8MAUg=,0LkImpyAUfQ9I5VmUtBNmY8pubE=
-10,-13,M/f+EPQ89ji25U37SA9jsQ8MAUg=,0LkImpyAUfQ9I5VmUtBNmY8pubE=
-10,-16,M/f+EPQ89ji25U37SA9jsQ8MAUg=,HxLFvE4D94Ryh8JIz8MOKk6kkN8=
-10,-15,M/f+EPQ89ji25U37SA9jsQ8MAUg=,C+x8/TO/nCvepEoZgTLC5DaPQEs=
-10,-2,M/f+EPQ89ji25U37SA9jsQ8MAUg=,ce1LjnrkrUgWdKhuQb711FxPBW4=
-10,-1,M/f+EPQ89ji25U37SA9jsQ8MAUg=,ce1LjnrkrUgWdKhuQb711FxPBW4=
-10,-4,M/f+EPQ89ji25U37SA9jsQ8MAUg=,ce1LjnrkrUgWdKhuQb711FxPBW4=
-10,-3,M/f+EPQ89ji25U37SA9jsQ8MAUg=,ce1LjnrkrUgWdKhuQb711FxPBW4=
-10,-6,M/f+EPQ89ji25U37SA9jsQ8MAUg=,34SpI6WRegG81GWr9NpeL60uBJQ=
-10,-5,M/f+EPQ89ji25U37SA9jsQ8MAUg=,ce1LjnrkrUgWdKhuQb711FxPBW4=
-10,-8,M/f+EPQ89ji25U37SA9jsQ8MAUg=,W139lJd+E/X1u+Gkvp5VEKKWt0Q=
-10,-7,M/f+EPQ89ji25U37SA9jsQ8MAUg=,+bW6KeXxVuMLzhcx6TsPX938LN4=
-10,-26,M/f+EPQ89ji25U37SA9jsQ8MAUg=,+w5QK3BTVFwIqZLShD06Vrrrcuw=
-10,-25,M/f+EPQ89ji25U37SA9jsQ8MAUg=,eKu8gqDK214bSh3HGYKBYncbJ1o=
-10,-28,M/f+EPQ89ji25U37SA9jsQ8MAUg=,+w5QK3BTVFwIqZLShD06Vrrrcuw=
-10,-27,M/f+EPQ89ji25U37SA9jsQ8MAUg=,+w5QK3BTVFwIqZLShD06Vrrrcuw=
-10,-30,M/f+EPQ89ji25U37SA9jsQ8MAUg=,H+FapTQMK6tacptOrUTJqOXMsmo=
-10,-29,M/f+EPQ89ji25U37SA9jsQ8MAUg=,CXhckoWK3Q7gvpTp6SwFo5hxldk=
-10,-32,M/f+EPQ89ji25U37SA9jsQ8MAUg=,H+FapTQMK6tacptOrUTJqOXMsmo=
-10,-31,M/f+EPQ89ji25U37SA9jsQ8MAUg=,H+FapTQMK6tacptOrUTJqOXMsmo=
-10,-18,M/f+EPQ89ji25U37SA9jsQ8MAUg=,jUdHfi3bMCvcWL+yfAC0QPXAjHg=
-10,-17,M/f+EPQ89ji25U37SA9jsQ8MAUg=,EwcbH3pqdhz6oNM9sd1FQs2uyK0=
-10,-20,M/f+EPQ89ji25U37SA9jsQ8MAUg=,jUdHfi3bMCvcWL+yfAC0QPXAjHg=
-10,-19,M/f+EPQ89ji25U37SA9jsQ8MAUg=,jUdHfi3bMCvcWL+yfAC0QPXAjHg=
-10,-22,M/f+EPQ89ji25U37SA9jsQ8MAUg=,2rctdxPsmI+Q5LQDV11Xx8vq1/8=
-10,-21,M/f+EPQ89ji25U37SA9jsQ8MAUg=,jUdHfi3bMCvcWL+yfAC0QPXAjHg=
-10,-24,M/f+EPQ89ji25U37SA9jsQ8MAUg=,KrTt6TMTQ5rkhd7/uiS5hAFN6WU=
-10,-23,M/f+EPQ89ji25U37SA9jsQ8MAUg=,KrTt6TMTQ5rkhd7/uiS5hAFN6WU=
-11,-11,M/f+EPQ89ji25U37SA9jsQ8MAUg=,R9GZelUqwHlUZWwsMgQgiwDMpEc=
-11,-12,M/f+EPQ89ji25U37SA9jsQ8MAUg=,R9GZelUqwHlUZWwsMgQgiwDMpEc=
-11,-9,M/f+EPQ89ji25U37SA9jsQ8MAUg=,ew9Ke3jOtP3HHMZvdSw0O2zW8wU=
-11,-10,M/f+EPQ89ji25U37SA9jsQ8MAUg=,tVlFFb37x7E3zy7h5WVcxWotdBs=
-11,-15,M/f+EPQ89ji25U37SA9jsQ8MAUg=,WmLk6GAttgEcJyntrKQF1gxil3g=
-11,-16,M/f+EPQ89ji25U37SA9jsQ8MAUg=,swjvqdlQjnXSMFpZM7nHZK7icHc=
-11,-13,M/f+EPQ89ji25U37SA9jsQ8MAUg=,R9GZelUqwHlUZWwsMgQgiwDMpEc=
-11,-14,M/f+EPQ89ji25U37SA9jsQ8MAUg=,R9GZelUqwHlUZWwsMgQgiwDMpEc=
-11,-3,M/f+EPQ89ji25U37SA9jsQ8MAUg=,ce1LjnrkrUgWdKhuQb711FxPBW4=
-11,-4,M/f+EPQ89ji25U37SA9jsQ8MAUg=,ce1LjnrkrUgWdKhuQb711FxPBW4=
-11,-1,M/f+EPQ89ji25U37SA9jsQ8MAUg=,ce1LjnrkrUgWdKhuQb711FxPBW4=
-11,-2,M/f+EPQ89ji25U37SA9jsQ8MAUg=,ce1LjnrkrUgWdKhuQb711FxPBW4=
-11,-7,M/f+EPQ89ji25U37SA9jsQ8MAUg=,+bW6KeXxVuMLzhcx6TsPX938LN4=
-11,-8,M/f+EPQ89ji25U37SA9jsQ8MAUg=,W139lJd+E/X1u+Gkvp5VEKKWt0Q=
-11,-5,Jq8PC0NMl+msksqZwQhYNkTlgqA=,ce1LjnrkrUgWdKhuQb711FxPBW4=
-11,-6,Jq8PC0NMl+msksqZwQhYNkTlgqA=,34SpI6WRegG81GWr9NpeL60uBJQ=
-11,-27,Jq8PC0NMl+msksqZwQhYNkTlgqA=,I7c4Rlzt9KIu4eaWbKyJuxLS5r8=
-11,-28,Jq8PC0NMl+msksqZwQhYNkTlgqA=,I7c4Rlzt9KIu4eaWbKyJuxLS5r8=
-11,-25,Jq8PC0NMl+msksqZwQhYNkTlgqA=,1kWVqnJVL5wFb4WL9gxQ7OrbZng=
-11,-26,Jq8PC0NMl+msksqZwQhYNkTlgqA=,I7c4Rlzt9KIu4eaWbKyJuxLS5r8=
-11,-31,Jq8PC0NMl+msksqZwQhYNkTlgqA=,H+FapTQMK6tacptOrUTJqOXMsmo=
-11,-32,Jq8PC0NMl+msksqZwQhYNkTlgqA=,H+FapTQMK6tacptOrUTJqOXMsmo=
-11,-29,Jq8PC0NMl+msksqZwQhYNkTlgqA=,qBDvvXaCTIR3RgEXJ6HMCvnDaWg=
-11,-30,Jq8PC0NMl+msksqZwQhYNkTlgqA=,H+FapTQMK6tacptOrUTJqOXMsmo=
-11,-19,Jq8PC0NMl+msksqZwQhYNkTlgqA=,jUdHfi3bMCvcWL+yfAC0QPXAjHg=
-11,-20,Jq8PC0NMl+msksqZwQhYNkTlgqA=,jUdHfi3bMCvcWL+yfAC0QPXAjHg=
-11,-17,Jq8PC0NMl+msksqZwQhYNkTlgqA=,EwcbH3pqdhz6oNM9sd1FQs2uyK0=
-11,-18,Jq8PC0NMl+msksqZwQhYNkTlgqA=,jUdHfi3bMCvcWL+yfAC0QPXAjHg=
-11,-23,Jq8PC0NMl+msksqZwQhYNkTlgqA=,jUdHfi3bMCvcWL+yfAC0QPXAjHg=
-11,-24,Jq8PC0NMl+msksqZwQhYNkTlgqA=,jUdHfi3bMCvcWL+yfAC0QPXAjHg=
-11,-21,Jq8PC0NMl+msksqZwQhYNkTlgqA=,jUdHfi3bMCvcWL+yfAC0QPXAjHg=
-11,-22,Jq8PC0NMl+msksqZwQhYNkTlgqA=,jUdHfi3bMCvcWL+yfAC0QPXAjHg=
-12,-12,Jq8PC0NMl+msksqZwQhYNkTlgqA=,+bW6KeXxVuMLzhcx6TsPX938LN4=
-12,-11,Jq8PC0NMl+msksqZwQhYNkTlgqA=,+bW6KeXxVuMLzhcx6TsPX938LN4=
-12,-10,Jq8PC0NMl+msksqZwQhYNkTlgqA=,swjvqdlQjnXSMFpZM7nHZK7icHc=
-12,-9,Jq8PC0NMl+msksqZwQhYNkTlgqA=,ew9Ke3jOtP3HHMZvdSw0O2zW8wU=
-12,-16,Jq8PC0NMl+msksqZwQhYNkTlgqA=,/ZzIQ7cpvidT7BYuNM6n9oDHCu0=
-12,-15,Jq8PC0NMl+msksqZwQhYNkTlgqA=,yHj7zlvLjaOampiw02zFXxbj4L4=
-12,-14,Jq8PC0NMl+msksqZwQhYNkTlgqA=,+bW6KeXxVuMLzhcx6TsPX938LN4=
-12,-13,Jq8PC0NMl+msksqZwQhYNkTlgqA=,+bW6KeXxVuMLzhcx6TsPX938LN4=
-12,-4,Jq8PC0NMl+msksqZwQhYNkTlgqA=,ce1LjnrkrUgWdKhuQb711FxPBW4=
-12,-3,Jq8PC0NMl+msksqZwQhYNkTlgqA=,ce1LjnrkrUgWdKhuQb711FxPBW4=
-12,-2,Jq8PC0NMl+msksqZwQhYNkTlgqA=,ce1LjnrkrUgWdKhuQb711FxPBW4=
-12,-1,Jq8PC0NMl+msksqZwQhYNkTlgqA=,ce1LjnrkrUgWdKhuQb711FxPBW4=
-12,-8,Jq8PC0NMl+msksqZwQhYNkTlgqA=,W139lJd+E/X1u+Gkvp5VEKKWt0Q=
-12,-7,Jq8PC0NMl+msksqZwQhYNkTlgqA=,ioJbzIZCCOAVvhJoklh1j1laspk=
-12,-6,Jq8PC0NMl+msksqZwQhYNkTlgqA=,2gktzK2iqbYrPcwBO3Fs6diyUuQ=
-12,-5,Jq8PC0NMl+msksqZwQhYNkTlgqA=,ce1LjnrkrUgWdKhuQb711FxPBW4=
-12,-28,Jq8PC0NMl+msksqZwQhYNkTlgqA=,I7c4Rlzt9KIu4eaWbKyJuxLS5r8=
-12,-27,Jq8PC0NMl+msksqZwQhYNkTlgqA=,I7c4Rlzt9KIu4eaWbKyJuxLS5r8=
-12,-26,Jq8PC0NMl+msksqZwQhYNkTlgqA=,I7c4Rlzt9KIu4eaWbKyJuxLS5r8=
-12,-25,Jq8PC0NMl+msksqZwQhYNkTlgqA=,zlen9dtEhYeDMKoIu95lfEqpzL8=
-12,-32,Jq8PC0NMl+msksqZwQhYNkTlgqA=,H+FapTQMK6tacptOrUTJqOXMsmo=
-12,-31,Jq8PC0NMl+msksqZwQhYNkTlgqA=,H+FapTQMK6tacptOrUTJqOXMsmo=
-12,-30,Jq8PC0NMl+msksqZwQhYNkTlgqA=,H+FapTQMK6tacptOrUTJqOXMsmo=
-12,-29,Jq8PC0NMl+msksqZwQhYNkTlgqA=,qBDvvXaCTIR3RgEXJ6HMCvnDaWg=
-12,-20,Jq8PC0NMl+msksqZwQhYNkTlgqA=,jUdHfi3bMCvcWL+yfAC0QPXAjHg=
-12,-19,Jq8PC0NMl+msksqZwQhYNkTlgqA=,jUdHfi3bMCvcWL+yfAC0QPXAjHg=
-12,-18,Jq8PC0NMl+msksqZwQhYNkTlgqA=,jUdHfi3bMCvcWL+yfAC0QPXAjHg=
-12,-17,Jq8PC0NMl+msksqZwQhYNkTlgqA=,EwcbH3pqdhz6oNM9sd1FQs2uyK0=
-12,-24,Jq8PC0NMl+msksqZwQhYNkTlgqA=,jUdHfi3bMCvcWL+yfAC0QPXAjHg=
-12,-23,Jq8PC0NMl+msksqZwQhYNkTlgqA=,jUdHfi3bMCvcWL+yfAC0QPXAjHg=
-12,-22,Jq8PC0NMl+msksqZwQhYNkTlgqA=,jUdHfi3bMCvcWL+yfAC0QPXAjHg=
-12,-21,Jq8PC0NMl+msksqZwQhYNkTlgqA=,jUdHfi3bMCvcWL+yfAC0QPXAjHg=
-13,-13,Jq8PC0NMl+msksqZwQhYNkTlgqA=,+bW6KeXxVuMLzhcx6TsPX938LN4=
-13,-14,Jq8PC0NMl+msksqZwQhYNkTlgqA=,+bW6KeXxVuMLzhcx6TsPX938LN4=
-13,-15,Jq8PC0NMl+msksqZwQhYNkTlgqA=,+bW6KeXxVuMLzhcx6TsPX938LN4=
-13,-16,Jq8PC0NMl+msksqZwQhYNkTlgqA=,+bW6KeXxVuMLzhcx6TsPX938LN4=
-13,-9,Jq8PC0NMl+msksqZwQhYNkTlgqA=,ew9Ke3jOtP3HHMZvdSw0O2zW8wU=
-13,-10,xnswP8aAN31Smuv7rihLKml4xek=,swjvqdlQjnXSMFpZM7nHZK7icHc=
-13,-11,xnswP8aAN31Smuv7rihLKml4xek=,+bW6KeXxVuMLzhcx6TsPX938LN4=
-13,-12,xnswP8aAN31Smuv7rihLKml4xek=,+bW6KeXxVuMLzhcx6TsPX938LN4=
-13,-5,xnswP8aAN31Smuv7rihLKml4xek=,ce1LjnrkrUgWdKhuQb711FxPBW4=
-13,-6,xnswP8aAN31Smuv7rihLKml4xek=,ce1LjnrkrUgWdKhuQb711FxPBW4=
-13,-7,xnswP8aAN31Smuv7rihLKml4xek=,34SpI6WRegG81GWr9NpeL60uBJQ=
-13,-8,xnswP8aAN31Smuv7rihLKml4xek=,W139lJd+E/X1u+Gkvp5VEKKWt0Q=
-13,-1,xnswP8aAN31Smuv7rihLKml4xek=,ce1LjnrkrUgWdKhuQb711FxPBW4=
-13,-2,xnswP8aAN31Smuv7rihLKml4xek=,ce1LjnrkrUgWdKhuQb711FxPBW4=
-13,-3,xnswP8aAN31Smuv7rihLKml4xek=,ce1LjnrkrUgWdKhuQb711FxPBW4=
-13,-4,xnswP8aAN31Smuv7rihLKml4xek=,ce1LjnrkrUgWdKhuQb711FxPBW4=
-13,-29,xnswP8aAN31Smuv7rihLKml4xek=,+mmnTEJb6/WV7JxXbuH9xyofyoU=
-13,-30,xnswP8aAN31Smuv7rihLKml4xek=,+w5QK3BTVFwIqZLShD06Vrrrcuw=
-13,-31,xnswP8aAN31Smuv7rihLKml4xek=,+w5QK3BTVFwIqZLShD06Vrrrcuw=
-13,-32,xnswP8aAN31Smuv7rihLKml4xek=,CXhckoWK3Q7gvpTp6SwFo5hxldk=
-13,-25,xnswP8aAN31Smuv7rihLKml4xek=,I7c4Rlzt9KIu4eaWbKyJuxLS5r8=
-13,-26,xnswP8aAN31Smuv7rihLKml4xek=,I7c4Rlzt9KIu4eaWbKyJuxLS5r8=
-13,-27,xnswP8aAN31Smuv7rihLKml4xek=,I7c4Rlzt9KIu4eaWbKyJuxLS5r8=
-13,-28,xnswP8aAN31Smuv7rihLKml4xek=,I7c4Rlzt9KIu4eaWbKyJuxLS5r8=
-13,-21,xnswP8aAN31Smuv7rihLKml4xek=,43mp/N8mklH7gPNNQlewRGGnBTI=
-13,-22,xnswP8aAN31Smuv7rihLKml4xek=,vokzThivL5k6uuh6rDNAZV1nvDA=
-13,-23,xnswP8aAN31Smuv7rihLKml4xek=,jUdHfi3bMCvcWL+yfAC0QPXAjHg=
-13,-24,xnswP8aAN31Smuv7rihLKml4xek=,jUdHfi3bMCvcWL+yfAC0QPXAjHg=
-13,-17,xnswP8aAN31Smuv7rihLKml4xek=,YmBWefvFMpCpVSgWuttAOqk+Jfc=
-13,-18,xnswP8aAN31Smuv7rihLKml4xek=,sX+IjX7o3Mfxu1E0znxU0mujJsY=
-13,-19,xnswP8aAN31Smuv7rihLKml4xek=,sX+IjX7o3Mfxu1E0znxU0mujJsY=
-13,-20,xnswP8aAN31Smuv7rihLKml4xek=,uCC5PTjqRLcCu/DGmfHmddytpLY=
-14,-14,xnswP8aAN31Smuv7rihLKml4xek=,HxLFvE4D94Ryh8JIz8MOKk6kkN8=
-14,-13,xnswP8aAN31Smuv7rihLKml4xek=,J4jtWBWc/+wRCQSNkM9pdFf2fyI=
-14,-16,xnswP8aAN31Smuv7rihLKml4xek=,+bW6KeXxVuMLzhcx6TsPX938LN4=
-14,-15,xnswP8aAN31Smuv7rihLKml4xek=,+bW6KeXxVuMLzhcx6TsPX938LN4=
-14,-10,xnswP8aAN31Smuv7rihLKml4xek=,C+x8/TO/nCvepEoZgTLC5DaPQEs=
-14,-9,xnswP8aAN31Smuv7rihLKml4xek=,ew9Ke3jOtP3HHMZvdSw0O2zW8wU=
-14,-12,xnswP8aAN31Smuv7rihLKml4xek=,J4jtWBWc/+wRCQSNkM9pdFf2fyI=
-14,-11,xnswP8aAN31Smuv7rihLKml4xek=,J4jtWBWc/+wRCQSNkM9pdFf2fyI=
-14,-6,xnswP8aAN31Smuv7rihLKml4xek=,ce1LjnrkrUgWdKhuQb711FxPBW4=
-14,-5,xnswP8aAN31Smuv7rihLKml4xek=,ce1LjnrkrUgWdKhuQb711FxPBW4=
-14,-8,xnswP8aAN31Smuv7rihLKml4xek=,SGCTZyqGdpXUHPhaG4QEP7gPyg8=
-14,-7,xnswP8aAN31Smuv7rihLKml4xek=,Tc2wzDUYre11bof/0vyGLUgXazk=
-14,-2,xnswP8aAN31Smuv7rihLKml4xek=,ce1LjnrkrUgWdKhuQb711FxPBW4=
-14,-1,xnswP8aAN31Smuv7rihLKml4xek=,ce1LjnrkrUgWdKhuQb711FxPBW4=
-14,-4,xnswP8aAN31Smuv7rihLKml4xek=,ce1LjnrkrUgWdKhuQb711FxPBW4=
-14,-3,xnswP8aAN31Smuv7rihLKml4xek=,ce1LjnrkrUgWdKhuQb711FxPBW4=
-14,-30,xnswP8aAN31Smuv7rihLKml4xek=,I7c4Rlzt9KIu4eaWbKyJuxLS5r8=
-14,-29,xnswP8aAN31Smuv7rihLKml4xek=,I7c4Rlzt9KIu4eaWbKyJuxLS5r8=
-14,-32,xnswP8aAN31Smuv7rihLKml4xek=,qBDvvXaCTIR3RgEXJ6HMCvnDaWg=
-14,-31,xnswP8aAN31Smuv7rihLKml4xek=,I7c4Rlzt9KIu4eaWbKyJuxLS5r8=
-14,-26,xnswP8aAN31Smuv7rihLKml4xek=,I7c4Rlzt9KIu4eaWbKyJuxLS5r8=
-14,-25,xnswP8aAN31Smuv7rihLKml4xek=,I7c4Rlzt9KIu4eaWbKyJuxLS5r8=
-14,-28,xnswP8aAN31Smuv7rihLKml4xek=,I7c4Rlzt9KIu4eaWbKyJuxLS5r8=
-14,-27,xnswP8aAN31Smuv7rihLKml4xek=,I7c4Rlzt9KIu4eaWbKyJuxLS5r8=
-14,-22,xnswP8aAN31Smuv7rihLKml4xek=,NVAQMViB7L1V2s5+Vrqd1YyRIco=
-14,-21,vPaRUOQ2JDWjI5DMBIJfcqrCKyk=,QlHtl6tbuRashAHGdpOQFzqx3/Y=
-14,-24,vPaRUOQ2JDWjI5DMBIJfcqrCKyk=,jUdHfi3bMCvcWL+yfAC0QPXAjHg=
-14,-23,vPaRUOQ2JDWjI5DMBIJfcqrCKyk=,jUdHfi3bMCvcWL+yfAC0QPXAjHg=
-14,-18,vPaRUOQ2JDWjI5DMBIJfcqrCKyk=,Jpj5B8oHO2cQxOPHZRoYQpwuDbo=
-14,-17,vPaRUOQ2JDWjI5DMBIJfcqrCKyk=,Jpj5B8oHO2cQxOPHZRoYQpwuDbo=
-14,-20,vPaRUOQ2JDWjI5DMBIJfcqrCKyk=,EwcbH3pqdhz6oNM9sd1FQs2uyK0=
-14,-19,vPaRUOQ2JDWjI5DMBIJfcqrCKyk=,Jpj5B8oHO2cQxOPHZRoYQpwuDbo=
-15,-15,vPaRUOQ2JDWjI5DMBIJfcqrCKyk=,+bW6KeXxVuMLzhcx6TsPX938LN4=
-15,-16,vPaRUOQ2JDWjI5DMBIJfcqrCKyk=,+bW6KeXxVuMLzhcx6TsPX938LN4=
-15,-13,vPaRUOQ2JDWjI5DMBIJfcqrCKyk=,0LkImpyAUfQ9I5VmUtBNmY8pubE=
-15,-14,vPaRUOQ2JDWjI5DMBIJfcqrCKyk=,swjvqdlQjnXSMFpZM7nHZK7icHc=
-15,-11,vPaRUOQ2JDWjI5DMBIJfcqrCKyk=,0LkImpyAUfQ9I5VmUtBNmY8pubE=
-15,-12,vPaRUOQ2JDWjI5DMBIJfcqrCKyk=,0LkImpyAUfQ9I5VmUtBNmY8pubE=
-15,-9,vPaRUOQ2JDWjI5DMBIJfcqrCKyk=,ew9Ke3jOtP3HHMZvdSw0O2zW8wU=
-15,-10,vPaRUOQ2JDWjI5DMBIJfcqrCKyk=,0LkImpyAUfQ9I5VmUtBNmY8pubE=
-15,-7,vPaRUOQ2JDWjI5DMBIJfcqrCKyk=,j+FQbtnGFZpIkHGsPOBB+Nlcvpo=
-15,-8,vPaRUOQ2JDWjI5DMBIJfcqrCKyk=,I7c4Rlzt9KIu4eaWbKyJuxLS5r8=
-15,-5,vPaRUOQ2JDWjI5DMBIJfcqrCKyk=,ce1LjnrkrUgWdKhuQb711FxPBW4=
-15,-6,vPaRUOQ2JDWjI5DMBIJfcqrCKyk=,+ct+keL72ZjzFS8SLr+FOs4nAlk=
-15,-3,vPaRUOQ2JDWjI5DMBIJfcqrCKyk=,ce1LjnrkrUgWdKhuQb711FxPBW4=
-15,-4,vPaRUOQ2JDWjI5DMBIJfcqrCKyk=,ce1LjnrkrUgWdKhuQb711FxPBW4=
-15,-1,vPaRUOQ2JDWjI5DMBIJfcqrCKyk=,ce1LjnrkrUgWdKhuQb711FxPBW4=
-15,-2,vPaRUOQ2JDWjI5DMBIJfcqrCKyk=,ce1LjnrkrUgWdKhuQb711FxPBW4=
-15,-31,vPaRUOQ2JDWjI5DMBIJfcqrCKyk=,I7c4Rlzt9KIu4eaWbKyJuxLS5r8=
-15,-32,vPaRUOQ2JDWjI5DMBIJfcqrCKyk=,+mmnTEJb6/WV7JxXbuH9xyofyoU=
-15,-29,vPaRUOQ2JDWjI5DMBIJfcqrCKyk=,I7c4Rlzt9KIu4eaWbKyJuxLS5r8=
-15,-30,vPaRUOQ2JDWjI5DMBIJfcqrCKyk=,I7c4Rlzt9KIu4eaWbKyJuxLS5r8=
-15,-27,vPaRUOQ2JDWjI5DMBIJfcqrCKyk=,I7c4Rlzt9KIu4eaWbKyJuxLS5r8=
-15,-28,vPaRUOQ2JDWjI5DMBIJfcqrCKyk=,I7c4Rlzt9KIu4eaWbKyJuxLS5r8=
-15,-25,vPaRUOQ2JDWjI5DMBIJfcqrCKyk=,I7c4Rlzt9KIu4eaWbKyJuxLS5r8=
-15,-26,vPaRUOQ2JDWjI5DMBIJfcqrCKyk=,I7c4Rlzt9KIu4eaWbKyJuxLS5r8=
-15,-23,vPaRUOQ2JDWjI5DMBIJfcqrCKyk=,jUdHfi3bMCvcWL+yfAC0QPXAjHg=
-15,-24,vPaRUOQ2JDWjI5DMBIJfcqrCKyk=,jUdHfi3bMCvcWL+yfAC0QPXAjHg=
-15,-21,vPaRUOQ2JDWjI5DMBIJfcqrCKyk=,QlHtl6tbuRashAHGdpOQFzqx3/Y=
-15,-22,vPaRUOQ2JDWjI5DMBIJfcqrCKyk=,NVAQMViB7L1V2s5+Vrqd1YyRIco=
-15,-19,vPaRUOQ2JDWjI5DMBIJfcqrCKyk=,Jpj5B8oHO2cQxOPHZRoYQpwuDbo=
-15,-20,vPaRUOQ2JDWjI5DMBIJfcqrCKyk=,EwcbH3pqdhz6oNM9sd1FQs2uyK0=
-15,-17,vPaRUOQ2JDWjI5DMBIJfcqrCKyk=,Jpj5B8oHO2cQxOPHZRoYQpwuDbo=
-15,-18,vPaRUOQ2JDWjI5DMBIJfcqrCKyk=,Jpj5B8oHO2cQxOPHZRoYQpwuDbo=
-16,-16,vPaRUOQ2JDWjI5DMBIJfcqrCKyk=,+bW6KeXxVuMLzhcx6TsPX938LN4=
-16,-15,vPaRUOQ2JDWjI5DMBIJfcqrCKyk=,+bW6KeXxVuMLzhcx6TsPX938LN4=
-16,-14,vPaRUOQ2JDWjI5DMBIJfcqrCKyk=,/ZzIQ7cpvidT7BYuNM6n9oDHCu0=
-16,-13,vPaRUOQ2JDWjI5DMBIJfcqrCKyk=,R9GZelUqwHlUZWwsMgQgiwDMpEc=
-16,-12,vPaRUOQ2JDWjI5DMBIJfcqrCKyk=,R9GZelUqwHlUZWwsMgQgiwDMpEc=
-16,-11,vPaRUOQ2JDWjI5DMBIJfcqrCKyk=,R9GZelUqwHlUZWwsMgQgiwDMpEc=
-16,-10,vPaRUOQ2JDWjI5DMBIJfcqrCKyk=,R9GZelUqwHlUZWwsMgQgiwDMpEc=
-16,-9,vPaRUOQ2JDWjI5DMBIJfcqrCKyk=,yHj7zlvLjaOampiw02zFXxbj4L4=
-16,-8,vPaRUOQ2JDWjI5DMBIJfcqrCKyk=,I7c4Rlzt9KIu4eaWbKyJuxLS5r8=
-16,-7,vPaRUOQ2JDWjI5DMBIJfcqrCKyk=,j+FQbtnGFZpIkHGsPOBB+Nlcvpo=
-16,-6,vPaRUOQ2JDWjI5DMBIJfcqrCKyk=,8jgyAJ4M8H81ai7LkXpuXaRjpg0=
-16,-5,vPaRUOQ2JDWjI5DMBIJfcqrCKyk=,f1c6lyF6FgVjz/Pq8kv8uxZEPy0=
-16,-4,vPaRUOQ2JDWjI5DMBIJfcqrCKyk=,+ct+keL72ZjzFS8SLr+FOs4nAlk=
-16,-3,vPaRUOQ2JDWjI5DMBIJfcqrCKyk=,ce1LjnrkrUgWdKhuQb711FxPBW4=
-16,-2,vPaRUOQ2JDWjI5DMBIJfcqrCKyk=,ce1LjnrkrUgWdKhuQb711FxPBW4=
-16,-1,vPaRUOQ2JDWjI5DMBIJfcqrCKyk=,8jgyAJ4M8H81ai7LkXpuXaRjpg0=
-16,-32,vPaRUOQ2JDWjI5DMBIJfcqrCKyk=,I7c4Rlzt9KIu4eaWbKyJuxLS5r8=
-16,-31,m9zzFs7hbwjtNN0L728T0yrRP8M=,I7c4Rlzt9KIu4eaWbKyJuxLS5r8=
-16,-30,m9zzFs7hbwjtNN0L728T0yrRP8M=,I7c4Rlzt9KIu4eaWbKyJuxLS5r8=
-16,-29,m9zzFs7hbwjtNN0L728T0yrRP8M=,I7c4Rlzt9KIu4eaWbKyJuxLS5r8=
-16,-28,m9zzFs7hbwjtNN0L728T0yrRP8M=,I7c4Rlzt9KIu4eaWbKyJuxLS5r8=
-16,-27,m9zzFs7hbwjtNN0L728T0yrRP8M=,I7c4Rlzt9KIu4eaWbKyJuxLS5r8=
-16,-26,m9zzFs7hbwjtNN0L728T0yrRP8M=,I7c4Rlzt9KIu4eaWbKyJuxLS5r8=
-16,-25,m9zzFs7hbwjtNN0L728T0yrRP8M=,3za7mnRQ4ynCyURWSfVK/nMKtlI=
-16,-24,m9zzFs7hbwjtNN0L728T0yrRP8M=,TNdJRmU7fkmaJKPs/XkTVHHUVCQ=
-16,-23,m9zzFs7hbwjtNN0L728T0yrRP8M=,jUdHfi3bMCvcWL+yfAC0QPXAjHg=
-16,-22,m9zzFs7hbwjtNN0L728T0yrRP8M=,0JpJ0einXhhsP/KMoAj7uJ6XzYU=
-16,-21,m9zzFs7hbwjtNN0L728T0yrRP8M=,k9jz9WQNcwBeCR1WJsl416GsGxw=
-16,-20,m9zzFs7hbwjtNN0L728T0yrRP8M=,EwcbH3pqdhz6oNM9sd1FQs2uyK0=
-16,-19,m9zzFs7hbwjtNN0L728T0yrRP8M=,Jpj5B8oHO2cQxOPHZRoYQpwuDbo=
-16,-18,m9zzFs7hbwjtNN0L728T0yrRP8M=,Jpj5B8oHO2cQxOPHZRoYQpwuDbo=
-16,-17,m9zzFs7hbwjtNN0L728T0yrRP8M=,Jpj5B8oHO2cQxOPHZRoYQpwuDbo=
-17,-17,m9zzFs7hbwjtNN0L728T0yrRP8M=,R1BGNzJ9gSiQYglrMAcy0Z+E5tc=
-17,-18,m9zzFs7hbwjtNN0L728T0yrRP8M=,R1BGNzJ9gSiQYglrMAcy0Z+E5tc=
-17,-19,m9zzFs7hbwjtNN0L728T0yrRP8M=,R1BGNzJ9gSiQYglrMAcy0Z+E5tc=
-17,-20,m9zzFs7hbwjtNN0L728T0yrRP8M=,eB1he0jngL1y8kxMLm2C6GV9DBE=
-17,-21,m9zzFs7hbwjtNN0L728T0yrRP8M=,w97yJMFsPWOmkUfpoNummIWDbgs=
-17,-22,m9zzFs7hbwjtNN0L728T0yrRP8M=,w97yJMFsPWOmkUfpoNummIWDbgs=
-17,-23,m9zzFs7hbwjtNN0L728T0yrRP8M=,w97yJMFsPWOmkUfpoNummIWDbgs=
-17,-24,m9zzFs7hbwjtNN0L728T0yrRP8M=,ECuZXrUCTkMpiM6bmLtWZh7Tino=
-17,-25,m9zzFs7hbwjtNN0L728T0yrRP8M=,8sXIgEpCc1WpIsG2C9Wuig/sK7k=
-17,-26,m9zzFs7hbwjtNN0L728T0yrRP8M=,G+Ml52VnQMXqlBy6zmpTaHmQyFg=
-17,-27,m9zzFs7hbwjtNN0L728T0yrRP8M=,VhGtWMHHwl7/h53bjRD0LoIVdak=
-17,-28,m9zzFs7hbwjtNN0L728T0yrRP8M=,VhGtWMHHwl7/h53bjRD0LoIVdak=
-17,-29,m9zzFs7hbwjtNN0L728T0yrRP8M=,VhGtWMHHwl7/h53bjRD0LoIVdak=
-17,-30,m9zzFs7hbwjtNN0L728T0yrRP8M=,VhGtWMHHwl7/h53bjRD0LoIVdak=
-17,-31,m9zzFs7hbwjtNN0L728T0yrRP8M=,TQQbo17H0jiLK5SjYebtbNAnPXA=
-17,-32,m9zzFs7hbwjtNN0L728T0yrRP8M=,8sXIgEpCc1WpIsG2C9Wuig/sK7k=
-17,-1,m9zzFs7hbwjtNN0L728T0yrRP8M=,0NNHVQmM1wTQ3JOHF7G0X1JaJUk=
-17,-2,m9zzFs7hbwjtNN0L728T0yrRP8M=,0NNHVQmM1wTQ3JOHF7G0X1JaJUk=
-17,-3,m9zzFs7hbwjtNN0L728T0yrRP8M=,0NNHVQmM1wTQ3JOHF7G0X1JaJUk=
-17,-4,m9zzFs7hbwjtNN0L728T0yrRP8M=,0NNHVQmM1wTQ3JOHF7G0X1JaJUk=
-17,-5,m9zzFs7hbwjtNN0L728T0yrRP8M=,0NNHVQmM1wTQ3JOHF7G0X1JaJUk=
-17,-6,m9zzFs7hbwjtNN0L728T0yrRP8M=,qQZbboEAH6GHgEdO6JmFEJH5Bto=
-17,-7,m9zzFs7hbwjtNN0L728T0yrRP8M=,yE4D8mlUMprKjlKyXPnQnSrz8ak=
-17,-8,m9zzFs7hbwjtNN0L728T0yrRP8M=,0NNHVQmM1wTQ3JOHF7G0X1JaJUk=
-17,-9,m9zzFs7hbwjtNN0L728T0yrRP8M=,bGTrmpKmM5K34I0SVEny7YJQLQE=
-17,-10,m9zzFs7hbwjtNN0L728T0yrRP8M=,D9uk4fUGDd9UB7lTggNDWduBeIM=
-17,-11,m9zzFs7hbwjtNN0L728T0yrRP8M=,SKpBgQ4Dp2JnA6J21mab1Gr/srg=
-17,-12,m9zzFs7hbwjtNN0L728T0yrRP8M=,ZsOR73iRg+VKaC9R18pby6gpVTo=
-17,-13,m9zzFs7hbwjtNN0L728T0yrRP8M=,ZsOR73iRg+VKaC9R18pby6gpVTo=
-17,-14,m9zzFs7hbwjtNN0L728T0yrRP8M=,ZsOR73iRg+VKaC9R18pby6gpVTo=
-17,-15,m9zzFs7hbwjtNN0L728T0yrRP8M=,ZsOR73iRg+VKaC9R18pby6gpVTo=
-17,-16,m9zzFs7hbwjtNN0L728T0yrRP8M=,ML2WonyP64a5Rce76EfRuNPo1EQ=
-18,-18,m9zzFs7hbwjtNN0L728T0yrRP8M=,R1BGNzJ9gSiQYglrMAcy0Z+E5tc=
-18,-17,m9zzFs7hbwjtNN0L728T0yrRP8M=,R1BGNzJ9gSiQYglrMAcy0Z+E5tc=
-18,-20,m9zzFs7hbwjtNN0L728T0yrRP8M=,RBZCo+9wSwz2HyltvmrpjYHEA0Y=
-18,-19,m9zzFs7hbwjtNN0L728T0yrRP8M=,R1BGNzJ9gSiQYglrMAcy0Z+E5tc=
-18,-22,m9zzFs7hbwjtNN0L728T0yrRP8M=,dgniNK9hbAUnxvwJnJw9aY9okq4=
-18,-21,2oRmzFVwavne8lgbh3Ur67NcePg=,dgniNK9hbAUnxvwJnJw9aY9okq4=
-18,-24,2oRmzFVwavne8lgbh3Ur67NcePg=,CWHVCMRkvIFXJrLZmqUjjJ6k3qk=
-18,-23,2oRmzFVwavne8lgbh3Ur67NcePg=,sWI60jh6j41lVodEFH/QHJ21Nq4=
-18,-26,2oRmzFVwavne8lgbh3Ur67NcePg=,8eRfSBQzZycJp6Fu2C3yvv9S8QA=
-18,-25,2oRmzFVwavne8lgbh3Ur67NcePg=,8sXIgEpCc1WpIsG2C9Wuig/sK7k=
-18,-28,2oRmzFVwavne8lgbh3Ur67NcePg=,JnQhazpuKJHpoXUFlW6XbBOHLbw=
-18,-27,2oRmzFVwavne8lgbh3Ur67NcePg=,JnQhazpuKJHpoXUFlW6XbBOHLbw=
-18,-30,2oRmzFVwavne8lgbh3Ur67NcePg=,JnQhazpuKJHpoXUFlW6XbBOHLbw=
-18,-29,2oRmzFVwavne8lgbh3Ur67NcePg=,JnQhazpuKJHpoXUFlW6XbBOHLbw=
-18,-32,2oRmzFVwavne8lgbh3Ur67NcePg=,8sXIgEpCc1WpIsG2C9Wuig/sK7k=
-18,-31,2oRmzFVwavne8lgbh3Ur67NcePg=,bfg8Y8j3eGlGumBisfl33P6zN1U=
-18,-2,2oRmzFVwavne8lgbh3Ur67NcePg=,0NNHVQmM1wTQ3JOHF7G0X1JaJUk=
-18,-1,2oRmzFVwavne8lgbh3Ur67NcePg=,0NNHVQmM1wTQ3JOHF7G0X1JaJUk=
-18,-4,2oRmzFVwavne8lgbh3Ur67NcePg=,0NNHVQmM1wTQ3JOHF7G0X1JaJUk=
-18,-3,2oRmzFVwavne8lgbh3Ur67NcePg=,0NNHVQmM1wTQ3JOHF7G0X1JaJUk=
-18,-6,2oRmzFVwavne8lgbh3Ur67NcePg=,8IDQeHd5afd6iUyO8yJXUP1SYi0=
-18,-5,2oRmzFVwavne8lgbh3Ur67NcePg=,0NNHVQmM1wTQ3JOHF7G0X1JaJUk=
-18,-8,2oRmzFVwavne8lgbh3Ur67NcePg=,0NNHVQmM1wTQ3JOHF7G0X1JaJUk=
-18,-7,2oRmzFVwavne8lgbh3Ur67NcePg=,9IpvzbqMcnnbSraKcFrVXtyH0eo=
-18,-10,2oRmzFVwavne8lgbh3Ur67NcePg=,Aee/US709XfQHlcGlMhYaZkKyiI=
-18,-9,2oRmzFVwavne8lgbh3Ur67NcePg=,m/kH6X12vkxCWJpVyKX00p+K4fQ=
-18,-12,2oRmzFVwavne8lgbh3Ur67NcePg=,5XNTIkFDKf/opv4uG6euLAs1g5Y=
-18,-11,2oRmzFVwavne8lgbh3Ur67NcePg=,og7rum17IsYzIUzhY4TQqyPlP4Y=
-18,-14,2oRmzFVwavne8lgbh3Ur67NcePg=,5XNTIkFDKf/opv4uG6euLAs1g5Y=
-18,-13,2oRmzFVwavne8lgbh3Ur67NcePg=,5XNTIkFDKf/opv4uG6euLAs1g5Y=
-18,-16,2oRmzFVwavne8lgbh3Ur67NcePg=,+M0tUJl4R38fHQqnxz2iGEhdu/E=
-18,-15,2oRmzFVwavne8lgbh3Ur67NcePg=,5XNTIkFDKf/opv4uG6euLAs1g5Y=
-19,-19,2oRmzFVwavne8lgbh3Ur67NcePg=,R1BGNzJ9gSiQYglrMAcy0Z+E5tc=
-19,-20,2oRmzFVwavne8lgbh3Ur67NcePg=,46n0hEon500sexwQRfRlaJxJWes=
-19,-17,2oRmzFVwavne8lgbh3Ur67NcePg=,R1BGNzJ9gSiQYglrMAcy0Z+E5tc=
-19,-18,2oRmzFVwavne8lgbh3Ur67NcePg=,R1BGNzJ9gSiQYglrMAcy0Z+E5tc=
-19,-23,2oRmzFVwavne8lgbh3Ur67NcePg=,iTBkLZXoO1HoXb5ePaRUZogieDY=
-19,-24,2oRmzFVwavne8lgbh3Ur67NcePg=,Rr4jytZ3zTthHyJ00FHkl3gImVw=
-19,-21,2oRmzFVwavne8lgbh3Ur67NcePg=,3p/2xQIGuL0+2w/2+SkVi4WBzd0=
-19,-22,2oRmzFVwavne8lgbh3Ur67NcePg=,dgniNK9hbAUnxvwJnJw9aY9okq4=
-19,-27,2oRmzFVwavne8lgbh3Ur67NcePg=,JnQhazpuKJHpoXUFlW6XbBOHLbw=
-19,-28,2oRmzFVwavne8lgbh3Ur67NcePg=,JnQhazpuKJHpoXUFlW6XbBOHLbw=
-19,-25,2oRmzFVwavne8lgbh3Ur67NcePg=,8sXIgEpCc1WpIsG2C9Wuig/sK7k=
-19,-26,2oRmzFVwavne8lgbh3Ur67NcePg=,8eRfSBQzZycJp6Fu2C3yvv9S8QA=
-19,-31,2oRmzFVwavne8lgbh3Ur67NcePg=,bfg8Y8j3eGlGumBisfl33P6zN1U=
-19,-32,2oRmzFVwavne8lgbh3Ur67NcePg=,8sXIgEpCc1WpIsG2C9Wuig/sK7k=
-19,-29,2oRmzFVwavne8lgbh3Ur67NcePg=,JnQhazpuKJHpoXUFlW6XbBOHLbw=
-19,-30,2oRmzFVwavne8lgbh3Ur67NcePg=,JnQhazpuKJHpoXUFlW6XbBOHLbw=
-19,-3,2oRmzFVwavne8lgbh3Ur67NcePg=,0NNHVQmM1wTQ3JOHF7G0X1JaJUk=
-19,-4,2oRmzFVwavne8lgbh3Ur67NcePg=,0NNHVQmM1wTQ3JOHF7G0X1JaJUk=
-19,-1,2oRmzFVwavne8lgbh3Ur67NcePg=,0NNHVQmM1wTQ3JOHF7G0X1JaJUk=
-19,-2,2oRmzFVwavne8lgbh3Ur67NcePg=,0NNHVQmM1wTQ3JOHF7G0X1JaJUk=
-19,-7,2oRmzFVwavne8lgbh3Ur67NcePg=,M2KRLrYwQxFhdZU7dUnsUcHZVH8=
-19,-8,2oRmzFVwavne8lgbh3Ur67NcePg=,yE4D8mlUMprKjlKyXPnQnSrz8ak=
-19,-5,2oRmzFVwavne8lgbh3Ur67NcePg=,0NNHVQmM1wTQ3JOHF7G0X1JaJUk=
-19,-6,2oRmzFVwavne8lgbh3Ur67NcePg=,8IDQeHd5afd6iUyO8yJXUP1SYi0=
-19,-11,2oRmzFVwavne8lgbh3Ur67NcePg=,hk4NUKfoIswtO/I7bq27S1hnlI8=
-19,-12,A4Ep1WRdxCU4bRg6SvscP+G2O/o=,hk4NUKfoIswtO/I7bq27S1hnlI8=
-19,-9,A4Ep1WRdxCU4bRg6SvscP+G2O/o=,UJ9Zs5AAMeB2fEznS09IVBOyaoQ=
-19,-10,A4Ep1WRdxCU4bRg6SvscP+G2O/o=,hk4NUKfoIswtO/I7bq27S1hnlI8=
-19,-15,A4Ep1WRdxCU4bRg6SvscP+G2O/o=,5bFr/1qHn6buIO6rzWM328ptWP4=
-19,-16,A4Ep1WRdxCU4bRg6SvscP+G2O/o=,+M0tUJl4R38fHQqnxz2iGEhdu/E=
-19,-13,A4Ep1WRdxCU4bRg6SvscP+G2O/o=,hk4NUKfoIswtO/I7bq27S1hnlI8=
-19,-14,A4Ep1WRdxCU4bRg6SvscP+G2O/o=,hk4NUKfoIswtO/I7bq27S1hnlI8=
-20,-20,A4Ep1WRdxCU4bRg6SvscP+G2O/o=,R1BGNzJ9gSiQYglrMAcy0Z+E5tc=
-20,-19,A4Ep1WRdxCU4bRg6SvscP+G2O/o=,R1BGNzJ9gSiQYglrMAcy0Z+E5tc=
-20,-18,A4Ep1WRdxCU4bRg6SvscP+G2O/o=,R1BGNzJ9gSiQYglrMAcy0Z+E5tc=
-20,-17,A4Ep1WRdxCU4bRg6SvscP+G2O/o=,R1BGNzJ9gSiQYglrMAcy0Z+E5tc=
-20,-24,A4Ep1WRdxCU4bRg6SvscP+G2O/o=,Rr4jytZ3zTthHyJ00FHkl3gImVw=
-20,-23,A4Ep1WRdxCU4bRg6SvscP+G2O/o=,Nxavnn36Rgz1vT8meAsoD088okU=
-20,-22,A4Ep1WRdxCU4bRg6SvscP+G2O/o=,+yYLUXjBsVfqIf6kFNazvUBoGVo=
-20,-21,A4Ep1WRdxCU4bRg6SvscP+G2O/o=,46n0hEon500sexwQRfRlaJxJWes=
-20,-28,A4Ep1WRdxCU4bRg6SvscP+G2O/o=,JnQhazpuKJHpoXUFlW6XbBOHLbw=
-20,-27,A4Ep1WRdxCU4bRg6SvscP+G2O/o=,JnQhazpuKJHpoXUFlW6XbBOHLbw=
-20,-26,A4Ep1WRdxCU4bRg6SvscP+G2O/o=,MbA2b678p3If66PXYJ8NZuRCeuA=
-20,-25,A4Ep1WRdxCU4bRg6SvscP+G2O/o=,G+Ml52VnQMXqlBy6zmpTaHmQyFg=
-20,-32,A4Ep1WRdxCU4bRg6SvscP+G2O/o=,TQQbo17H0jiLK5SjYebtbNAnPXA=
-20,-31,A4Ep1WRdxCU4bRg6SvscP+G2O/o=,Sd+yZZxXCja2xkZS38Ovfy6Y1Mg=
-20,-30,A4Ep1WRdxCU4bRg6SvscP+G2O/o=,JnQhazpuKJHpoXUFlW6XbBOHLbw=
-20,-29,A4Ep1WRdxCU4bRg6SvscP+G2O/o=,JnQhazpuKJHpoXUFlW6XbBOHLbw=
-20,-4,A4Ep1WRdxCU4bRg6SvscP+G2O/o=,0NNHVQmM1wTQ3JOHF7G0X1JaJUk=
-20,-3,A4Ep1WRdxCU4bRg6SvscP+G2O/o=,0NNHVQmM1wTQ3JOHF7G0X1JaJUk=
-20,-2,A4Ep1WRdxCU4bRg6SvscP+G2O/o=,0NNHVQmM1wTQ3JOHF7G0X1JaJUk=
-20,-1,A4Ep1WRdxCU4bRg6SvscP+G2O/o=,0NNHVQmM1wTQ3JOHF7G0X1JaJUk=
-20,-8,A4Ep1WRdxCU4bRg6SvscP+G2O/o=,9IpvzbqMcnnbSraKcFrVXtyH0eo=
-20,-7,A4Ep1WRdxCU4bRg6SvscP+G2O/o=,8sXIgEpCc1WpIsG2C9Wuig/sK7k=
-20,-6,A4Ep1WRdxCU4bRg6SvscP+G2O/o=,8IDQeHd5afd6iUyO8yJXUP1SYi0=
-20,-5,A4Ep1WRdxCU4bRg6SvscP+G2O/o=,0NNHVQmM1wTQ3JOHF7G0X1JaJUk=
-20,-12,A4Ep1WRdxCU4bRg6SvscP+G2O/o=,bGTrmpKmM5K34I0SVEny7YJQLQE=
-20,-11,A4Ep1WRdxCU4bRg6SvscP+G2O/o=,bGTrmpKmM5K34I0SVEny7YJQLQE=
-20,-10,A4Ep1WRdxCU4bRg6SvscP+G2O/o=,bGTrmpKmM5K34I0SVEny7YJQLQE=
-20,-9,A4Ep1WRdxCU4bRg6SvscP+G2O/o=,bGTrmpKmM5K34I0SVEny7YJQLQE=
-20,-16,A4Ep1WRdxCU4bRg6SvscP+G2O/o=,+M0tUJl4R38fHQqnxz2iGEhdu/E=
-20,-15,A4Ep1WRdxCU4bRg6SvscP+G2O/o=,XFTEThMuHrPwMOa+C8+5upfkuU8=
-20,-14,A4Ep1WRdxCU4bRg6SvscP+G2O/o=,bGTrmpKmM5K34I0SVEny7YJQLQE=
-20,-13,A4Ep1WRdxCU4bRg6SvscP+G2O/o=,bGTrmpKmM5K34I0SVEny7YJQLQE=
-21,-21,A4Ep1WRdxCU4bRg6SvscP+G2O/o=,R1BGNzJ9gSiQYglrMAcy0Z+E5tc=
-21,-22,A4Ep1WRdxCU4bRg6SvscP+G2O/o=,R1BGNzJ9gSiQYglrMAcy0Z+E5tc=
-21,-23,A4Ep1WRdxCU4bRg6SvscP+G2O/o=,tKeeqixdoaSzhk3CGO04o1zJEV8=
-21,-24,A4Ep1WRdxCU4bRg6SvscP+G2O/o=,Rr4jytZ3zTthHyJ00FHkl3gImVw=
-21,-17,A4Ep1WRdxCU4bRg6SvscP+G2O/o=,R1BGNzJ9gSiQYglrMAcy0Z+E5tc=
-21,-18,A4Ep1WRdxCU4bRg6SvscP+G2O/o=,R1BGNzJ9gSiQYglrMAcy0Z+E5tc=
-21,-19,A4Ep1WRdxCU4bRg6SvscP+G2O/o=,R1BGNzJ9gSiQYglrMAcy0Z+E5tc=
-21,-20,A4Ep1WRdxCU4bRg6SvscP+G2O/o=,R1BGNzJ9gSiQYglrMAcy0Z+E5tc=
-21,-29,A4Ep1WRdxCU4bRg6SvscP+G2O/o=,JnQhazpuKJHpoXUFlW6XbBOHLbw=
-21,-30,A4Ep1WRdxCU4bRg6SvscP+G2O/o=,h4SfSvHeMQ99nJT69C2DoSHJXok=
-21,-31,A4Ep1WRdxCU4bRg6SvscP+G2O/o=,UCor0L6WAwaAi6q7vdK+bzN7yDU=
-21,-32,A4Ep1WRdxCU4bRg6SvscP+G2O/o=,6/ig7j26WqLP4Ar6dOMTO34p2YQ=
-21,-25,A4Ep1WRdxCU4bRg6SvscP+G2O/o=,8eRfSBQzZycJp6Fu2C3yvv9S8QA=
-21,-26,A4Ep1WRdxCU4bRg6SvscP+G2O/o=,JnQhazpuKJHpoXUFlW6XbBOHLbw=
-21,-27,A4Ep1WRdxCU4bRg6SvscP+G2O/o=,JnQhazpuKJHpoXUFlW6XbBOHLbw=
-21,-28,A4Ep1WRdxCU4bRg6SvscP+G2O/o=,JnQhazpuKJHpoXUFlW6XbBOHLbw=
-21,-5,A4Ep1WRdxCU4bRg6SvscP+G2O/o=,QirLiKdH5oJoYwkEn8wvObUJzvM=
-21,-6,A4Ep1WRdxCU4bRg6SvscP+G2O/o=,e/ChUgVbnooEhrRua9WcbJ0s7WI=
-21,-7,nbouZUT4qPb86qq/YRpQdjHv8A0=,8sXIgEpCc1WpIsG2C9Wuig/sK7k=
-21,-8,nbouZUT4qPb86qq/YRpQdjHv8A0=,9IpvzbqMcnnbSraKcFrVXtyH0eo=
-21,-1,nbouZUT4qPb86qq/YRpQdjHv8A0=,0NNHVQmM1wTQ3JOHF7G0X1JaJUk=
-21,-2,nbouZUT4qPb86qq/YRpQdjHv8A0=,qQZbboEAH6GHgEdO6JmFEJH5Bto=
-21,-3,nbouZUT4qPb86qq/YRpQdjHv8A0=,QirLiKdH5oJoYwkEn8wvObUJzvM=
-21,-4,nbouZUT4qPb86qq/YRpQdjHv8A0=,QirLiKdH5oJoYwkEn8wvObUJzvM=
-21,-13,nbouZUT4qPb86qq/YRpQdjHv8A0=,bGTrmpKmM5K34I0SVEny7YJQLQE=
-21,-14,nbouZUT4qPb86qq/YRpQdjHv8A0=,bGTrmpKmM5K34I0SVEny7YJQLQE=
-21,-15,nbouZUT4qPb86qq/YRpQdjHv8A0=,XFTEThMuHrPwMOa+C8+5upfkuU8=
-21,-16,nbouZUT4qPb86qq/YRpQdjHv8A0=,+M0tUJl4R38fHQqnxz2iGEhdu/E=
-21,-9,nbouZUT4qPb86qq/YRpQdjHv8A0=,bGTrmpKmM5K34I0SVEny7YJQLQE=
-21,-10,nbouZUT4qPb86qq/YRpQdjHv8A0=,bGTrmpKmM5K34I0SVEny7YJQLQE=
-21,-11,nbouZUT4qPb86qq/YRpQdjHv8A0=,m/kH6X12vkxCWJpVyKX00p+K4fQ=
-21,-12,nbouZUT4qPb86qq/YRpQdjHv8A0=,ML2WonyP64a5Rce76EfRuNPo1EQ=
-22,-22,nbouZUT4qPb86qq/YRpQdjHv8A0=,Rd7yBuDtcNiMRlHoRkDI08WVu3c=
-22,-21,nbouZUT4qPb86qq/YRpQdjHv8A0=,R1BGNzJ9gSiQYglrMAcy0Z+E5tc=
-22,-24,nbouZUT4qPb86qq/YRpQdjHv8A0=,Rr4jytZ3zTthHyJ00FHkl3gImVw=
-22,-23,nbouZUT4qPb86qq/YRpQdjHv8A0=,mbRjW1wisbnLdrYs0WUNXaKglBM=
-22,-18,nbouZUT4qPb86qq/YRpQdjHv8A0=,Rd7yBuDtcNiMRlHoRkDI08WVu3c=
-22,-17,nbouZUT4qPb86qq/YRpQdjHv8A0=,R1BGNzJ9gSiQYglrMAcy0Z+E5tc=
-22,-20,nbouZUT4qPb86qq/YRpQdjHv8A0=,X/NJvlEvSyILuJZNX4m+4nos7To=
-22,-19,nbouZUT4qPb86qq/YRpQdjHv8A0=,PxdCDWeTYvfg/N/Ax3YMGQxPiYc=
-22,-30,nbouZUT4qPb86qq/YRpQdjHv8A0=,bfg8Y8j3eGlGumBisfl33P6zN1U=
-22,-29,nbouZUT4qPb86qq/YRpQdjHv8A0=,JnQhazpuKJHpoXUFlW6XbBOHLbw=
-22,-32,nbouZUT4qPb86qq/YRpQdjHv8A0=,8sXIgEpCc1WpIsG2C9Wuig/sK7k=
-22,-31,nbouZUT4qPb86qq/YRpQdjHv8A0=,8sXIgEpCc1WpIsG2C9Wuig/sK7k=
-22,-26,nbouZUT4qPb86qq/YRpQdjHv8A0=,JnQhazpuKJHpoXUFlW6XbBOHLbw=
-22,-25,nbouZUT4qPb86qq/YRpQdjHv8A0=,8eRfSBQzZycJp6Fu2C3yvv9S8QA=
-22,-28,nbouZUT4qPb86qq/YRpQdjHv8A0=,I9RTO143Jknru27nZ3G7QerF5AQ=
-22,-27,nbouZUT4qPb86qq/YRpQdjHv8A0=,v5FPmvKjtIo4AUYeuykLFBJxK5o=
-22,-6,nbouZUT4qPb86qq/YRpQdjHv8A0=,8sXIgEpCc1WpIsG2C9Wuig/sK7k=
-22,-5,nbouZUT4qPb86qq/YRpQdjHv8A0=,emM/zv8mC1IJ9Gqi8CEe/oXsWtU=
-22,-8,nbouZUT4qPb86qq/YRpQdjHv8A0=,9IpvzbqMcnnbSraKcFrVXtyH0eo=
-22,-7,nbouZUT4qPb86qq/YRpQdjHv8A0=,8sXIgEpCc1WpIsG2C9Wuig/sK7k=
-22,-2,nbouZUT4qPb86qq/YRpQdjHv8A0=,yoiv+z7SUL82iYBlSu79hTZH7hc=
-22,-1,nbouZUT4qPb86qq/YRpQdjHv8A0=,0NNHVQmM1wTQ3JOHF7G0X1JaJUk=
-22,-4,nbouZUT4qPb86qq/YRpQdjHv8A0=,XHDNpUL70S3WasoSJByi4Edf/Wg=
-22,-3,nbouZUT4qPb86qq/YRpQdjHv8A0=,XHDNpUL70S3WasoSJByi4Edf/Wg=
-22,-14,nbouZUT4qPb86qq/YRpQdjHv8A0=,m/kH6X12vkxCWJpVyKX00p+K4fQ=
-22,-13,nbouZUT4qPb86qq/YRpQdjHv8A0=,bGTrmpKmM5K34I0SVEny7YJQLQE=
-22,-16,nbouZUT4qPb86qq/YRpQdjHv8A0=,+M0tUJl4R38fHQqnxz2iGEhdu/E=
-22,-15,nbouZUT4qPb86qq/YRpQdjHv8A0=,fVCM/MCv34ll4Fy1TvWyR1fS0y4=
-22,-10,nbouZUT4qPb86qq/YRpQdjHv8A0=,bGTrmpKmM5K34I0SVEny7YJQLQE=
-22,-9,nbouZUT4qPb86qq/YRpQdjHv8A0=,bGTrmpKmM5K34I0SVEny7YJQLQE=
-22,-12,nbouZUT4qPb86qq/YRpQdjHv8A0=,bSTh0HdVYu7UUJPQKWTqH0BuO4w=
-22,-11,nbouZUT4qPb86qq/YRpQdjHv8A0=,UJ9Zs5AAMeB2fEznS09IVBOyaoQ=
-23,-23,nbouZUT4qPb86qq/YRpQdjHv8A0=,qyiT/JbG3hUaZYPkYDQK0i1UFdI=
-23,-24,nbouZUT4qPb86qq/YRpQdjHv8A0=,Rr4jytZ3zTthHyJ00FHkl3gImVw=
-23,-21,nbouZUT4qPb86qq/YRpQdjHv8A0=,PxdCDWeTYvfg/N/Ax3YMGQxPiYc=
-23,-22,Ga1OjxYM5XiJyTmEJd6nSeWu5Xg=,mbRjW1wisbnLdrYs0WUNXaKglBM=
-23,-19,Ga1OjxYM5XiJyTmEJd6nSeWu5Xg=,qyiT/JbG3hUaZYPkYDQK0i1UFdI=
-23,-20,Ga1OjxYM5XiJyTmEJd6nSeWu5Xg=,oMEIwgumdR3c28rRwW0XOy9kjFo=
-23,-17,Ga1OjxYM5XiJyTmEJd6nSeWu5Xg=,R1BGNzJ9gSiQYglrMAcy0Z+E5tc=
-23,-18,Ga1OjxYM5XiJyTmEJd6nSeWu5Xg=,tKeeqixdoaSzhk3CGO04o1zJEV8=
-23,-31,Ga1OjxYM5XiJyTmEJd6nSeWu5Xg=,8sXIgEpCc1WpIsG2C9Wuig/sK7k=
-23,-32,Ga1OjxYM5XiJyTmEJd6nSeWu5Xg=,8sXIgEpCc1WpIsG2C9Wuig/sK7k=
-23,-29,Ga1OjxYM5XiJyTmEJd6nSeWu5Xg=,h4SfSvHeMQ99nJT69C2DoSHJXok=
-23,-30,Ga1OjxYM5XiJyTmEJd6nSeWu5Xg=,6/ig7j26WqLP4Ar6dOMTO34p2YQ=
-23,-27,Ga1OjxYM5XiJyTmEJd6nSeWu5Xg=,4KfQymyRYEYs3voTG9IB4tsj8gQ=
-23,-28,Ga1OjxYM5XiJyTmEJd6nSeWu5Xg=,BEp/GEcf0M42TEKHG3G46T1CDL4=
-23,-25,Ga1OjxYM5XiJyTmEJd6nSeWu5Xg=,VfOYAU/x7AtwRU8OHc0PL8zf+o0=
-23,-26,Ga1OjxYM5XiJyTmEJd6nSeWu5Xg=,NhQLn79nv8wA1QT5f3mR5ozB74Y=
-23,-7,Ga1OjxYM5XiJyTmEJd6nSeWu5Xg=,XHDNpUL70S3WasoSJByi4Edf/Wg=
-23,-8,Ga1OjxYM5XiJyTmEJd6nSeWu5Xg=,exq5J1IkkVnHCAZUGqAbrnRRJwQ=
-23,-5,Ga1OjxYM5XiJyTmEJd6nSeWu5Xg=,yoiv+z7SUL82iYBlSu79hTZH7hc=
-23,-6,Ga1OjxYM5XiJyTmEJd6nSeWu5Xg=,XHDNpUL70S3WasoSJByi4Edf/Wg=
-23,-3,Ga1OjxYM5XiJyTmEJd6nSeWu5Xg=,0NNHVQmM1wTQ3JOHF7G0X1JaJUk=
-23,-4,Ga1OjxYM5XiJyTmEJd6nSeWu5Xg=,0NNHVQmM1wTQ3JOHF7G0X1JaJUk=
-23,-1,Ga1OjxYM5XiJyTmEJd6nSeWu5Xg=,0NNHVQmM1wTQ3JOHF7G0X1JaJUk=
-23,-2,Ga1OjxYM5XiJyTmEJd6nSeWu5Xg=,0NNHVQmM1wTQ3JOHF7G0X1JaJUk=
-23,-15,Ga1OjxYM5XiJyTmEJd6nSeWu5Xg=,5XNTIkFDKf/opv4uG6euLAs1g5Y=
-23,-16,Ga1OjxYM5XiJyTmEJd6nSeWu5Xg=,+M0tUJl4R38fHQqnxz2iGEhdu/E=
-23,-13,Ga1OjxYM5XiJyTmEJd6nSeWu5Xg=,ZsOR73iRg+VKaC9R18pby6gpVTo=
-23,-14,Ga1OjxYM5XiJyTmEJd6nSeWu5Xg=,fVCM/MCv34ll4Fy1TvWyR1fS0y4=
-23,-11,Ga1OjxYM5XiJyTmEJd6nSeWu5Xg=,bGTrmpKmM5K34I0SVEny7YJQLQE=
-23,-12,Ga1OjxYM5XiJyTmEJd6nSeWu5Xg=,m/kH6X12vkxCWJpVyKX00p+K4fQ=
-23,-9,Ga1OjxYM5XiJyTmEJd6nSeWu5Xg=,bGTrmpKmM5K34I0SVEny7YJQLQE=
-23,-10,Ga1OjxYM5XiJyTmEJd6nSeWu5Xg=,bGTrmpKmM5K34I0SVEny7YJQLQE=
-24,-24,Ga1OjxYM5XiJyTmEJd6nSeWu5Xg=,ZSx5284+2s3CUSDgeyiPy1za8fQ=
-24,-23,Ga1OjxYM5XiJyTmEJd6nSeWu5Xg=,fd97jdPKCa3vmiQ+f0zzDiB4nG0=
-24,-22,Ga1OjxYM5XiJyTmEJd6nSeWu5Xg=,fd97jdPKCa3vmiQ+f0zzDiB4nG0=
-24,-21,Ga1OjxYM5XiJyTmEJd6nSeWu5Xg=,fd97jdPKCa3vmiQ+f0zzDiB4nG0=
-24,-20,Ga1OjxYM5XiJyTmEJd6nSeWu5Xg=,fd97jdPKCa3vmiQ+f0zzDiB4nG0=
-24,-19,Ga1OjxYM5XiJyTmEJd6nSeWu5Xg=,fd97jdPKCa3vmiQ+f0zzDiB4nG0=
-24,-18,Ga1OjxYM5XiJyTmEJd6nSeWu5Xg=,WvCyL7p8BHTHZk941Yd4Q6Sk93Q=
-24,-17,Ga1OjxYM5XiJyTmEJd6nSeWu5Xg=,R1BGNzJ9gSiQYglrMAcy0Z+E5tc=
-24,-32,Ga1OjxYM5XiJyTmEJd6nSeWu5Xg=,8sXIgEpCc1WpIsG2C9Wuig/sK7k=
-24,-31,Ga1OjxYM5XiJyTmEJd6nSeWu5Xg=,8sXIgEpCc1WpIsG2C9Wuig/sK7k=
-24,-30,Ga1OjxYM5XiJyTmEJd6nSeWu5Xg=,8sXIgEpCc1WpIsG2C9Wuig/sK7k=
-24,-29,Ga1OjxYM5XiJyTmEJd6nSeWu5Xg=,8sXIgEpCc1WpIsG2C9Wuig/sK7k=
-24,-28,Ga1OjxYM5XiJyTmEJd6nSeWu5Xg=,BACukCprnJLFGhFMqxHPiB02Lvk=
-24,-27,Ga1OjxYM5XiJyTmEJd6nSeWu5Xg=,7gshyuJkbCdEqk3v5QDi8R9N3dY=
-24,-26,Ga1OjxYM5XiJyTmEJd6nSeWu5Xg=,7gshyuJkbCdEqk3v5QDi8R9N3dY=
-24,-25,Ga1OjxYM5XiJyTmEJd6nSeWu5Xg=,zHRWNi6YnYHsJEdfUReEo9jYeV0=
-24,-8,Ga1OjxYM5XiJyTmEJd6nSeWu5Xg=,0NNHVQmM1wTQ3JOHF7G0X1JaJUk=
-24,-7,Ga1OjxYM5XiJyTmEJd6nSeWu5Xg=,0NNHVQmM1wTQ3JOHF7G0X1JaJUk=
-24,-6,Ga1OjxYM5XiJyTmEJd6nSeWu5Xg=,0NNHVQmM1wTQ3JOHF7G0X1JaJUk=
-24,-5,Ga1OjxYM5XiJyTmEJd6nSeWu5Xg=,0NNHVQmM1wTQ3JOHF7G0X1JaJUk=
-24,-4,Ga1OjxYM5XiJyTmEJd6nSeWu5Xg=,0NNHVQmM1wTQ3JOHF7G0X1JaJUk=
-24,-3,Ga1OjxYM5XiJyTmEJd6nSeWu5Xg=,0NNHVQmM1wTQ3JOHF7G0X1JaJUk=
-24,-2,Ga1OjxYM5XiJyTmEJd6nSeWu5Xg=,0NNHVQmM1wTQ3JOHF7G0X1JaJUk=
-24,-1,Ga1OjxYM5XiJyTmEJd6nSeWu5Xg=,0NNHVQmM1wTQ3JOHF7G0X1JaJUk=
-24,-16,Ga1OjxYM5XiJyTmEJd6nSeWu5Xg=,bSTh0HdVYu7UUJPQKWTqH0BuO4w=
-24,-15,Ga1OjxYM5XiJyTmEJd6nSeWu5Xg=,hk4NUKfoIswtO/I7bq27S1hnlI8=
-24,-14,aLPZLMN9SB28vdnvccYxz0CuSxE=,hk4NUKfoIswtO/I7bq27S1hnlI8=
-24,-13,aLPZLMN9SB28vdnvccYxz0CuSxE=,hk4NUKfoIswtO/I7bq27S1hnlI8=
-24,-12,aLPZLMN9SB28vdnvccYxz0CuSxE=,UJ9Zs5AAMeB2fEznS09IVBOyaoQ=
-24,-11,aLPZLMN9SB28vdnvccYxz0CuSxE=,bGTrmpKmM5K34I0SVEny7YJQLQE=
-24,-10,aLPZLMN9SB28vdnvccYxz0CuSxE=,bGTrmpKmM5K34I0SVEny7YJQLQE=
-24,-9,aLPZLMN9SB28vdnvccYxz0CuSxE=,bGTrmpKmM5K34I0SVEny7YJQLQE=
-25,-25,aLPZLMN9SB28vdnvccYxz0CuSxE=,1i67eiMSrNFu9qaLlO4o499mnWw=
-25,-26,aLPZLMN9SB28vdnvccYxz0CuSxE=,1i67eiMSrNFu9qaLlO4o499mnWw=
-25,-27,aLPZLMN9SB28vdnvccYxz0CuSxE=,1i67eiMSrNFu9qaLlO4o499mnWw=
-25,-28,aLPZLMN9SB28vdnvccYxz0CuSxE=,zzLnsL2BZDW6z51k6Mdk19FuyHM=
-25,-29,aLPZLMN9SB28vdnvccYxz0CuSxE=,iR30ir4+ZnagXTIuQuN60IwXxEc=
-25,-30,aLPZLMN9SB28vdnvccYxz0CuSxE=,eK9iJLNXV4oGAGwK7QTNZ+34Ksc=
-25,-31,aLPZLMN9SB28vdnvccYxz0CuSxE=,1i67eiMSrNFu9qaLlO4o499mnWw=
-25,-32,aLPZLMN9SB28vdnvccYxz0CuSxE=,1i67eiMSrNFu9qaLlO4o499mnWw=
-25,-17,aLPZLMN9SB28vdnvccYxz0CuSxE=,U9CrK/5PG0lCKTWgIHK0Uz0Pyjg=
-25,-18,aLPZLMN9SB28vdnvccYxz0CuSxE=,U9CrK/5PG0lCKTWgIHK0Uz0Pyjg=
-25,-19,aLPZLMN9SB28vdnvccYxz0CuSxE=,U9CrK/5PG0lCKTWgIHK0Uz0Pyjg=
-25,-20,aLPZLMN9SB28vdnvccYxz0CuSxE=,U9CrK/5PG0lCKTWgIHK0Uz0Pyjg=
-25,-21,aLPZLMN9SB28vdnvccYxz0CuSxE=,U9CrK/5PG0lCKTWgIHK0Uz0Pyjg=
-25,-22,aLPZLMN9SB28vdnvccYxz0CuSxE=,U9CrK/5PG0lCKTWgIHK0Uz0Pyjg=
-25,-23,aLPZLMN9SB28vdnvccYxz0CuSxE=,U9CrK/5PG0lCKTWgIHK0Uz0Pyjg=
-25,-24,aLPZLMN9SB28vdnvccYxz0CuSxE=,U9CrK/5PG0lCKTWgIHK0Uz0Pyjg=
-25,-9,aLPZLMN9SB28vdnvccYxz0CuSxE=,Y4dDij/1h1pUaxnBdYZionoMbdM=
-25,-10,aLPZLMN9SB28vdnvccYxz0CuSxE=,Y4dDij/1h1pUaxnBdYZionoMbdM=
-25,-11,aLPZLMN9SB28vdnvccYxz0CuSxE=,Y4dDij/1h1pUaxnBdYZionoMbdM=
-25,-12,aLPZLMN9SB28vdnvccYxz0CuSxE=,Y4dDij/1h1pUaxnBdYZionoMbdM=
-25,-13,aLPZLMN9SB28vdnvccYxz0CuSxE=,Y4dDij/1h1pUaxnBdYZionoMbdM=
-25,-14,aLPZLMN9SB28vdnvccYxz0CuSxE=,HDgavviaVbpqhOd5Hz/g3DEuwfE=
-25,-15,aLPZLMN9SB28vdnvccYxz0CuSxE=,DVgo3cC+WgnbR4d0levA4rXDzAA=
-25,-16,aLPZLMN9SB28vdnvccYxz0CuSxE=,EuYJ2HiPu1EsmqNejRSmMt4uffw=
-25,-1,aLPZLMN9SB28vdnvccYxz0CuSxE=,Zf5fZQzPAwBG9Ciy3ZuiVU67Tmg=
-25,-2,aLPZLMN9SB28vdnvccYxz0CuSxE=,dXRw3M4wUsIqIgUftUiPFJ8KNeQ=
-25,-3,aLPZLMN9SB28vdnvccYxz0CuSxE=,dXRw3M4wUsIqIgUftUiPFJ8KNeQ=
-25,-4,aLPZLMN9SB28vdnvccYxz0CuSxE=,dXRw3M4wUsIqIgUftUiPFJ8KNeQ=
-25,-5,aLPZLMN9SB28vdnvccYxz0CuSxE=,dXRw3M4wUsIqIgUftUiPFJ8KNeQ=
-25,-6,aLPZLMN9SB28vdnvccYxz0CuSxE=,dXRw3M4wUsIqIgUftUiPFJ8KNeQ=
-25,-7,aLPZLMN9SB28vdnvccYxz0CuSxE=,MSMdf1WW611tDWCSa9jagEc3LhI=
-25,-8,aLPZLMN9SB28vdnvccYxz0CuSxE=,gIu1cXe+V07FBer/DR2aqExApWM=
-26,-26,aLPZLMN9SB28vdnvccYxz0CuSxE=,1i67eiMSrNFu9qaLlO4o499mnWw=
-26,-25,aLPZLMN9SB28vdnvccYxz0CuSxE=,1i67eiMSrNFu9qaLlO4o499mnWw=
-26,-28,aLPZLMN9SB28vdnvccYxz0CuSxE=,rz6SwQcY5UZKR835l0GlMB5vRHs=
-26,-27,aLPZLMN9SB28vdnvccYxz0CuSxE=,1i67eiMSrNFu9qaLlO4o499mnWw=
-26,-30,aLPZLMN9SB28vdnvccYxz0CuSxE=,/EYPAQbabYr7TMyCKWNaJ2kdINs=
-26,-29,aLPZLMN9SB28vdnvccYxz0CuSxE=,uUTsx/ZuvV2NVM2zSuJx8e4L8jU=
-26,-32,aLPZLMN9SB28vdnvccYxz0CuSxE=,1i67eiMSrNFu9qaLlO4o499mnWw=
-26,-31,aLPZLMN9SB28vdnvccYxz0CuSxE=,1i67eiMSrNFu9qaLlO4o499mnWw=
-26,-18,aLPZLMN9SB28vdnvccYxz0CuSxE=,U9CrK/5PG0lCKTWgIHK0Uz0Pyjg=
-26,-17,aLPZLMN9SB28vdnvccYxz0CuSxE=,U9CrK/5PG0lCKTWgIHK0Uz0Pyjg=
-26,-20,aLPZLMN9SB28vdnvccYxz0CuSxE=,U9CrK/5PG0lCKTWgIHK0Uz0Pyjg=
-26,-19,aLPZLMN9SB28vdnvccYxz0CuSxE=,U9CrK/5PG0lCKTWgIHK0Uz0Pyjg=
-26,-22,aLPZLMN9SB28vdnvccYxz0CuSxE=,U9CrK/5PG0lCKTWgIHK0Uz0Pyjg=
-26,-21,aLPZLMN9SB28vdnvccYxz0CuSxE=,U9CrK/5PG0lCKTWgIHK0Uz0Pyjg=
-26,-24,aLPZLMN9SB28vdnvccYxz0CuSxE=,U9CrK/5PG0lCKTWgIHK0Uz0Pyjg=
-26,-23,aLPZLMN9SB28vdnvccYxz0CuSxE=,U9CrK/5PG0lCKTWgIHK0Uz0Pyjg=
-26,-10,qCYuXi+w1yMbekpPzYD6pFEVDtg=,DVgo3cC+WgnbR4d0levA4rXDzAA=
-26,-9,qCYuXi+w1yMbekpPzYD6pFEVDtg=,HDgavviaVbpqhOd5Hz/g3DEuwfE=
-26,-12,qCYuXi+w1yMbekpPzYD6pFEVDtg=,Y4dDij/1h1pUaxnBdYZionoMbdM=
-26,-11,qCYuXi+w1yMbekpPzYD6pFEVDtg=,EuYJ2HiPu1EsmqNejRSmMt4uffw=
-26,-14,qCYuXi+w1yMbekpPzYD6pFEVDtg=,E0AyJy9IFQQbquE/PU3dSn90yp0=
-26,-13,qCYuXi+w1yMbekpPzYD6pFEVDtg=,Y4dDij/1h1pUaxnBdYZionoMbdM=
-26,-16,qCYuXi+w1yMbekpPzYD6pFEVDtg=,5v3wl3mrqmTkvgfExgWUd7uCP1I=
-26,-15,qCYuXi+w1yMbekpPzYD6pFEVDtg=,Czv8ijWHrgcSnHFHgDJBTgna2iQ=
-26,-2,qCYuXi+w1yMbekpPzYD6pFEVDtg=,dXRw3M4wUsIqIgUftUiPFJ8KNeQ=
-26,-1,qCYuXi+w1yMbekpPzYD6pFEVDtg=,dXRw3M4wUsIqIgUftUiPFJ8KNeQ=
-26,-4,qCYuXi+w1yMbekpPzYD6pFEVDtg=,dXRw3M4wUsIqIgUftUiPFJ8KNeQ=
-26,-3,qCYuXi+w1yMbekpPzYD6pFEVDtg=,dXRw3M4wUsIqIgUftUiPFJ8KNeQ=
-26,-6,qCYuXi+w1yMbekpPzYD6pFEVDtg=,dXRw3M4wUsIqIgUftUiPFJ8KNeQ=
-26,-5,qCYuXi+w1yMbekpPzYD6pFEVDtg=,dXRw3M4wUsIqIgUftUiPFJ8KNeQ=
-26,-8,qCYuXi+w1yMbekpPzYD6pFEVDtg=,gIu1cXe+V07FBer/DR2aqExApWM=
-26,-7,qCYuXi+w1yMbekpPzYD6pFEVDtg=,MSMdf1WW611tDWCSa9jagEc3LhI=
-27,-27,qCYuXi+w1yMbekpPzYD6pFEVDtg=,zzLnsL2BZDW6z51k6Mdk19FuyHM=
-27,-28,qCYuXi+w1yMbekpPzYD6pFEVDtg=,03hN1eWuRYRk7EwRRponASTJQ9U=
-27,-25,qCYuXi+w1yMbekpPzYD6pFEVDtg=,1i67eiMSrNFu9qaLlO4o499mnWw=
-27,-26,qCYuXi+w1yMbekpPzYD6pFEVDtg=,1i67eiMSrNFu9qaLlO4o499mnWw=
-27,-31,qCYuXi+w1yMbekpPzYD6pFEVDtg=,1i67eiMSrNFu9qaLlO4o499mnWw=
-27,-32,qCYuXi+w1yMbekpPzYD6pFEVDtg=,1i67eiMSrNFu9qaLlO4o499mnWw=
-27,-29,qCYuXi+w1yMbekpPzYD6pFEVDtg=,uUTsx/ZuvV2NVM2zSuJx8e4L8jU=
-27,-30,qCYuXi+w1yMbekpPzYD6pFEVDtg=,/EYPAQbabYr7TMyCKWNaJ2kdINs=
-27,-19,qCYuXi+w1yMbekpPzYD6pFEVDtg=,U9CrK/5PG0lCKTWgIHK0Uz0Pyjg=
-27,-20,qCYuXi+w1yMbekpPzYD6pFEVDtg=,U9CrK/5PG0lCKTWgIHK0Uz0Pyjg=
-27,-17,qCYuXi+w1yMbekpPzYD6pFEVDtg=,U9CrK/5PG0lCKTWgIHK0Uz0Pyjg=
-27,-18,qCYuXi+w1yMbekpPzYD6pFEVDtg=,U9CrK/5PG0lCKTWgIHK0Uz0Pyjg=
-27,-23,qCYuXi+w1yMbekpPzYD6pFEVDtg=,U9CrK/5PG0lCKTWgIHK0Uz0Pyjg=
-27,-24,qCYuXi+w1yMbekpPzYD6pFEVDtg=,U9CrK/5PG0lCKTWgIHK0Uz0Pyjg=
-27,-21,qCYuXi+w1yMbekpPzYD6pFEVDtg=,U9CrK/5PG0lCKTWgIHK0Uz0Pyjg=
-27,-22,qCYuXi+w1yMbekpPzYD6pFEVDtg=,U9CrK/5PG0lCKTWgIHK0Uz0Pyjg=
-27,-11,qCYuXi+w1yMbekpPzYD6pFEVDtg=,5v3wl3mrqmTkvgfExgWUd7uCP1I=
-27,-12,qCYuXi+w1yMbekpPzYD6pFEVDtg=,Y4dDij/1h1pUaxnBdYZionoMbdM=
-27,-9,qCYuXi+w1yMbekpPzYD6pFEVDtg=,E0AyJy9IFQQbquE/PU3dSn90yp0=
-27,-10,qCYuXi+w1yMbekpPzYD6pFEVDtg=,Czv8ijWHrgcSnHFHgDJBTgna2iQ=
-27,-15,qCYuXi+w1yMbekpPzYD6pFEVDtg=,fgErjN0dacI4E6YNw4vh7RF8pVE=
-27,-16,qCYuXi+w1yMbekpPzYD6pFEVDtg=,5v3wl3mrqmTkvgfExgWUd7uCP1I=
-27,-13,qCYuXi+w1yMbekpPzYD6pFEVDtg=,Y4dDij/1h1pUaxnBdYZionoMbdM=
-27,-14,qCYuXi+w1yMbekpPzYD6pFEVDtg=,Bc61oAUIZNel8G2rTL7AGad2fNM=
-27,-3,qCYuXi+w1yMbekpPzYD6pFEVDtg=,dXRw3M4wUsIqIgUftUiPFJ8KNeQ=
-27,-4,qCYuXi+w1yMbekpPzYD6pFEVDtg=,dXRw3M4wUsIqIgUftUiPFJ8KNeQ=
-27,-1,qCYuXi+w1yMbekpPzYD6pFEVDtg=,dXRw3M4wUsIqIgUftUiPFJ8KNeQ=
-27,-2,qCYuXi+w1yMbekpPzYD6pFEVDtg=,dXRw3M4wUsIqIgUftUiPFJ8KNeQ=
-27,-7,qCYuXi+w1yMbekpPzYD6pFEVDtg=,MSMdf1WW611tDWCSa9jagEc3LhI=
-27,-8,qCYuXi+w1yMbekpPzYD6pFEVDtg=,gIu1cXe+V07FBer/DR2aqExApWM=
-27,-5,qCYuXi+w1yMbekpPzYD6pFEVDtg=,dXRw3M4wUsIqIgUftUiPFJ8KNeQ=
-27,-6,qCYuXi+w1yMbekpPzYD6pFEVDtg=,dXRw3M4wUsIqIgUftUiPFJ8KNeQ=
-28,-28,qCYuXi+w1yMbekpPzYD6pFEVDtg=,uUTsx/ZuvV2NVM2zSuJx8e4L8jU=
-28,-27,qCYuXi+w1yMbekpPzYD6pFEVDtg=,rz6SwQcY5UZKR835l0GlMB5vRHs=
-28,-26,qCYuXi+w1yMbekpPzYD6pFEVDtg=,1i67eiMSrNFu9qaLlO4o499mnWw=
-28,-25,qCYuXi+w1yMbekpPzYD6pFEVDtg=,1i67eiMSrNFu9qaLlO4o499mnWw=
-28,-32,ArIfS2dk9Kl92rCFMqq/cxcrra4=,eK9iJLNXV4oGAGwK7QTNZ+34Ksc=
-28,-31,ArIfS2dk9Kl92rCFMqq/cxcrra4=,iR30ir4+ZnagXTIuQuN60IwXxEc=
-28,-30,ArIfS2dk9Kl92rCFMqq/cxcrra4=,U8/pEq+ohqMKOy8LIFh7cbZxMoo=
-28,-29,ArIfS2dk9Kl92rCFMqq/cxcrra4=,uUTsx/ZuvV2NVM2zSuJx8e4L8jU=
-28,-20,ArIfS2dk9Kl92rCFMqq/cxcrra4=,U9CrK/5PG0lCKTWgIHK0Uz0Pyjg=
-28,-19,ArIfS2dk9Kl92rCFMqq/cxcrra4=,U9CrK/5PG0lCKTWgIHK0Uz0Pyjg=
-28,-18,ArIfS2dk9Kl92rCFMqq/cxcrra4=,U9CrK/5PG0lCKTWgIHK0Uz0Pyjg=
-28,-17,ArIfS2dk9Kl92rCFMqq/cxcrra4=,U9CrK/5PG0lCKTWgIHK0Uz0Pyjg=
-28,-24,ArIfS2dk9Kl92rCFMqq/cxcrra4=,U9CrK/5PG0lCKTWgIHK0Uz0Pyjg=
-28,-23,ArIfS2dk9Kl92rCFMqq/cxcrra4=,U9CrK/5PG0lCKTWgIHK0Uz0Pyjg=
-28,-22,ArIfS2dk9Kl92rCFMqq/cxcrra4=,U9CrK/5PG0lCKTWgIHK0Uz0Pyjg=
-28,-21,ArIfS2dk9Kl92rCFMqq/cxcrra4=,U9CrK/5PG0lCKTWgIHK0Uz0Pyjg=
-28,-12,ArIfS2dk9Kl92rCFMqq/cxcrra4=,Y4dDij/1h1pUaxnBdYZionoMbdM=
-28,-11,ArIfS2dk9Kl92rCFMqq/cxcrra4=,5v3wl3mrqmTkvgfExgWUd7uCP1I=
-28,-10,ArIfS2dk9Kl92rCFMqq/cxcrra4=,Czv8ijWHrgcSnHFHgDJBTgna2iQ=
-28,-9,ArIfS2dk9Kl92rCFMqq/cxcrra4=,E0AyJy9IFQQbquE/PU3dSn90yp0=
-28,-16,ArIfS2dk9Kl92rCFMqq/cxcrra4=,5v3wl3mrqmTkvgfExgWUd7uCP1I=
-28,-15,ArIfS2dk9Kl92rCFMqq/cxcrra4=,E0AyJy9IFQQbquE/PU3dSn90yp0=
-28,-14,ArIfS2dk9Kl92rCFMqq/cxcrra4=,Y4dDij/1h1pUaxnBdYZionoMbdM=
-28,-13,ArIfS2dk9Kl92rCFMqq/cxcrra4=,Y4dDij/1h1pUaxnBdYZionoMbdM=
-28,-4,ArIfS2dk9Kl92rCFMqq/cxcrra4=,dXRw3M4wUsIqIgUftUiPFJ8KNeQ=
-28,-3,ArIfS2dk9Kl92rCFMqq/cxcrra4=,dXRw3M4wUsIqIgUftUiPFJ8KNeQ=
-28,-2,ArIfS2dk9Kl92rCFMqq/cxcrra4=,dXRw3M4wUsIqIgUftUiPFJ8KNeQ=
-28,-1,ArIfS2dk9Kl92rCFMqq/cxcrra4=,OEZvUhLPLajqk7024twklVkveo4=
-28,-8,ArIfS2dk9Kl92rCFMqq/cxcrra4=,QzCNyfFGsCoBSB/CVyoduGHPbW4=
-28,-7,ArIfS2dk9Kl92rCFMqq/cxcrra4=,uPbHmOUh/hSpWJCuRA9a2Jp/5Pc=
-28,-6,ArIfS2dk9Kl92rCFMqq/cxcrra4=,dXRw3M4wUsIqIgUftUiPFJ8KNeQ=
-28,-5,ArIfS2dk9Kl92rCFMqq/cxcrra4=,dXRw3M4wUsIqIgUftUiPFJ8KNeQ=
-29,-29,ArIfS2dk9Kl92rCFMqq/cxcrra4=,uUTsx/ZuvV2NVM2zSuJx8e4L8jU=
-29,-30,ArIfS2dk9Kl92rCFMqq/cxcrra4=,uUTsx/ZuvV2NVM2zSuJx8e4L8jU=
-29,-31,ArIfS2dk9Kl92rCFMqq/cxcrra4=,uUTsx/ZuvV2NVM2zSuJx8e4L8jU=
-29,-32,ArIfS2dk9Kl92rCFMqq/cxcrra4=,/EYPAQbabYr7TMyCKWNaJ2kdINs=
-29,-25,ArIfS2dk9Kl92rCFMqq/cxcrra4=,1i67eiMSrNFu9qaLlO4o499mnWw=
-29,-26,ArIfS2dk9Kl92rCFMqq/cxcrra4=,1i67eiMSrNFu9qaLlO4o499mnWw=
-29,-27,ArIfS2dk9Kl92rCFMqq/cxcrra4=,rz6SwQcY5UZKR835l0GlMB5vRHs=
-29,-28,ArIfS2dk9Kl92rCFMqq/cxcrra4=,uUTsx/ZuvV2NVM2zSuJx8e4L8jU=
-29,-21,ArIfS2dk9Kl92rCFMqq/cxcrra4=,U9CrK/5PG0lCKTWgIHK0Uz0Pyjg=
-29,-22,ArIfS2dk9Kl92rCFMqq/cxcrra4=,U9CrK/5PG0lCKTWgIHK0Uz0Pyjg=
-29,-23,ArIfS2dk9Kl92rCFMqq/cxcrra4=,G0gNmvXvgJ0V811G0/T76GKgpM4=
-29,-24,ArIfS2dk9Kl92rCFMqq/cxcrra4=,DE2fRLJOIH2O+pMlNHmgUGXFIBM=
-29,-17,ArIfS2dk9Kl92rCFMqq/cxcrra4=,U9CrK/5PG0lCKTWgIHK0Uz0Pyjg=
-29,-18,ArIfS2dk9Kl92rCFMqq/cxcrra4=,U9CrK/5PG0lCKTWgIHK0Uz0Pyjg=
-29,-19,ArIfS2dk9Kl92rCFMqq/cxcrra4=,U9CrK/5PG0lCKTWgIHK0Uz0Pyjg=
-29,-20,ArIfS2dk9Kl92rCFMqq/cxcrra4=,U9CrK/5PG0lCKTWgIHK0Uz0Pyjg=
-29,-13,ArIfS2dk9Kl92rCFMqq/cxcrra4=,Y4dDij/1h1pUaxnBdYZionoMbdM=
-29,-14,ArIfS2dk9Kl92rCFMqq/cxcrra4=,Y4dDij/1h1pUaxnBdYZionoMbdM=
-29,-15,ArIfS2dk9Kl92rCFMqq/cxcrra4=,E0AyJy9IFQQbquE/PU3dSn90yp0=
-29,-16,ArIfS2dk9Kl92rCFMqq/cxcrra4=,5v3wl3mrqmTkvgfExgWUd7uCP1I=
-29,-9,ArIfS2dk9Kl92rCFMqq/cxcrra4=,E0AyJy9IFQQbquE/PU3dSn90yp0=
-29,-10,ArIfS2dk9Kl92rCFMqq/cxcrra4=,Czv8ijWHrgcSnHFHgDJBTgna2iQ=
-29,-11,ArIfS2dk9Kl92rCFMqq/cxcrra4=,5v3wl3mrqmTkvgfExgWUd7uCP1I=
-29,-12,ArIfS2dk9Kl92rCFMqq/cxcrra4=,Y4dDij/1h1pUaxnBdYZionoMbdM=
-29,-5,ArIfS2dk9Kl92rCFMqq/cxcrra4=,k0kWNcCxH2cKKpADZ1zxCg9fhII=
-29,-6,ArIfS2dk9Kl92rCFMqq/cxcrra4=,/yd130qX8mp0bN/9E7PMgmVUe2w=
-29,-7,ArIfS2dk9Kl92rCFMqq/cxcrra4=,dXRw3M4wUsIqIgUftUiPFJ8KNeQ=
-29,-8,HyxC2WaXen0BcJROAieN3ZS+NbY=,MSMdf1WW611tDWCSa9jagEc3LhI=
-29,-1,HyxC2WaXen0BcJROAieN3ZS+NbY=,lokhycEFH0gSNDNC1sgxKZgUjpI=
-29,-2,HyxC2WaXen0BcJROAieN3ZS+NbY=,BnZFnhSPyAl+LxKQ28s3CdsE5Dc=
-29,-3,HyxC2WaXen0BcJROAieN3ZS+NbY=,k0kWNcCxH2cKKpADZ1zxCg9fhII=
-29,-4,HyxC2WaXen0BcJROAieN3ZS+NbY=,k0kWNcCxH2cKKpADZ1zxCg9fhII=
-30,-30,HyxC2WaXen0BcJROAieN3ZS+NbY=,uUTsx/ZuvV2NVM2zSuJx8e4L8jU=
-30,-29,HyxC2WaXen0BcJROAieN3ZS+NbY=,B8WgIiTLUtsNr8BDXXTYn1coWtU=
-30,-32,HyxC2WaXen0BcJROAieN3ZS+NbY=,/EYPAQbabYr7TMyCKWNaJ2kdINs=
-30,-31,HyxC2WaXen0BcJROAieN3ZS+NbY=,uUTsx/ZuvV2NVM2zSuJx8e4L8jU=
-30,-26,HyxC2WaXen0BcJROAieN3ZS+NbY=,iR30ir4+ZnagXTIuQuN60IwXxEc=
-30,-25,HyxC2WaXen0BcJROAieN3ZS+NbY=,zzLnsL2BZDW6z51k6Mdk19FuyHM=
-30,-28,HyxC2WaXen0BcJROAieN3ZS+NbY=,77aWQS534wx4EErZlYBBsxFa8g4=
-30,-27,HyxC2WaXen0BcJROAieN3ZS+NbY=,NtrJcSUhmMhx1rrjhE5OjRFS2mk=
-30,-22,HyxC2WaXen0BcJROAieN3ZS+NbY=,VJca2Zc38ZJ69d0f/wNnHryoS3Y=
-30,-21,HyxC2WaXen0BcJROAieN3ZS+NbY=,VJca2Zc38ZJ69d0f/wNnHryoS3Y=
-30,-24,HyxC2WaXen0BcJROAieN3ZS+NbY=,Z7iDKK0cOVFK/YvHZI7DhRtoKkI=
-30,-23,HyxC2WaXen0BcJROAieN3ZS+NbY=,Q0lyrN+PT5ZptGFeJzuD55oVYkg=
-30,-18,HyxC2WaXen0BcJROAieN3ZS+NbY=,VJca2Zc38ZJ69d0f/wNnHryoS3Y=
-30,-17,HyxC2WaXen0BcJROAieN3ZS+NbY=,G0gNmvXvgJ0V811G0/T76GKgpM4=
-30,-20,HyxC2WaXen0BcJROAieN3ZS+NbY=,VJca2Zc38ZJ69d0f/wNnHryoS3Y=
-30,-19,HyxC2WaXen0BcJROAieN3ZS+NbY=,VJca2Zc38ZJ69d0f/wNnHryoS3Y=
-30,-14,HyxC2WaXen0BcJROAieN3ZS+NbY=,Y4dDij/1h1pUaxnBdYZionoMbdM=
-30,-13,HyxC2WaXen0BcJROAieN3ZS+NbY=,Y4dDij/1h1pUaxnBdYZionoMbdM=
-30,-16,HyxC2WaXen0BcJROAieN3ZS+NbY=,5v3wl3mrqmTkvgfExgWUd7uCP1I=
-30,-15,HyxC2WaXen0BcJROAieN3ZS+NbY=,E0AyJy9IFQQbquE/PU3dSn90yp0=
-30,-10,HyxC2WaXen0BcJROAieN3ZS+NbY=,Czv8ijWHrgcSnHFHgDJBTgna2iQ=
-30,-9,HyxC2WaXen0BcJROAieN3ZS+NbY=,E0AyJy9IFQQbquE/PU3dSn90yp0=
-30,-12,HyxC2WaXen0BcJROAieN3ZS+NbY=,Y4dDij/1h1pUaxnBdYZionoMbdM=
-30,-11,HyxC2WaXen0BcJROAieN3ZS+NbY=,5v3wl3mrqmTkvgfExgWUd7uCP1I=
-30,-6,HyxC2WaXen0BcJROAieN3ZS+NbY=,66n7XEEUHTcZev6Q94v9GSsIKtA=
-30,-5,HyxC2WaXen0BcJROAieN3ZS+NbY=,u/oyScSszKwH4tFcU1jlNFUSjSU=
-30,-8,HyxC2WaXen0BcJROAieN3ZS+NbY=,MSMdf1WW611tDWCSa9jagEc3LhI=
-30,-7,HyxC2WaXen0BcJROAieN3ZS+NbY=,dXRw3M4wUsIqIgUftUiPFJ8KNeQ=
-30,-2,HyxC2WaXen0BcJROAieN3ZS+NbY=,GYefkBk8u1dBUM1uF+BQc5QlziE=
-30,-1,HyxC2WaXen0BcJROAieN3ZS+NbY=,rTqFQYhGlUsOKnQMSLJk/gM8aGk=
-30,-4,HyxC2WaXen0BcJROAieN3ZS+NbY=,TneUwlmgWkimm/CzbFx3xiErWLk=
-30,-3,HyxC2WaXen0BcJROAieN3ZS+NbY=,jRf5vVAhySBrwjTjCzb0JufCRfw=
-31,-31,HyxC2WaXen0BcJROAieN3ZS+NbY=,77aWQS534wx4EErZlYBBsxFa8g4=
-31,-32,HyxC2WaXen0BcJROAieN3ZS+NbY=,KKY/lPckT6hB5nDuDj1JSBv0na4=
-31,-29,HyxC2WaXen0BcJROAieN3ZS+NbY=,fWp3GGj9Bo71Twi25nmSywl71P4=
-31,-30,HyxC2WaXen0BcJROAieN3ZS+NbY=,77aWQS534wx4EErZlYBBsxFa8g4=
-31,-27,HyxC2WaXen0BcJROAieN3ZS+NbY=,KKY/lPckT6hB5nDuDj1JSBv0na4=
-31,-28,HyxC2WaXen0BcJROAieN3ZS+NbY=,1i67eiMSrNFu9qaLlO4o499mnWw=
-31,-25,HyxC2WaXen0BcJROAieN3ZS+NbY=,fWp3GGj9Bo71Twi25nmSywl71P4=
-31,-26,HyxC2WaXen0BcJROAieN3ZS+NbY=,77aWQS534wx4EErZlYBBsxFa8g4=
-31,-23,HyxC2WaXen0BcJROAieN3ZS+NbY=,63Uv/X53G6XDJilHSxO8p1FvrQU=
-31,-24,HyxC2WaXen0BcJROAieN3ZS+NbY=,RSVdxYGTtf60agvLn/FxjEfixkE=
-31,-21,HyxC2WaXen0BcJROAieN3ZS+NbY=,63Uv/X53G6XDJilHSxO8p1FvrQU=
-31,-22,HyxC2WaXen0BcJROAieN3ZS+NbY=,63Uv/X53G6XDJilHSxO8p1FvrQU=
-31,-19,HyxC2WaXen0BcJROAieN3ZS+NbY=,63Uv/X53G6XDJilHSxO8p1FvrQU=
-31,-20,HyxC2WaXen0BcJROAieN3ZS+NbY=,63Uv/X53G6XDJilHSxO8p1FvrQU=
-31,-17,HyxC2WaXen0BcJROAieN3ZS+NbY=,ayMkCcPpSVaaTuiM1giEdGf7NxA=
-31,-18,HyxC2WaXen0BcJROAieN3ZS+NbY=,HdJCfBojVKNOF0D5NEhwJaPjaMw=
-31,-15,HyxC2WaXen0BcJROAieN3ZS+NbY=,Bc61oAUIZNel8G2rTL7AGad2fNM=
-31,-16,HyxC2WaXen0BcJROAieN3ZS+NbY=,s7mAzJLraSCGgG8wOtIPCaY2Dqk=
-31,-13,HyxC2WaXen0BcJROAieN3ZS+NbY=,EuYJ2HiPu1EsmqNejRSmMt4uffw=
-31,-14,HyxC2WaXen0BcJROAieN3ZS+NbY=,Y4dDij/1h1pUaxnBdYZionoMbdM=
-31,-11,Si3z0jvKI+Uz8mLI3O6CvqYRAWc=,K1CCkKZl2gR+b1p4CNgQc0Y+t+o=
-31,-12,Si3z0jvKI+Uz8mLI3O6CvqYRAWc=,DVgo3cC+WgnbR4d0levA4rXDzAA=
-31,-9,Si3z0jvKI+Uz8mLI3O6CvqYRAWc=,Bc61oAUIZNel8G2rTL7AGad2fNM=
-31,-10,Si3z0jvKI+Uz8mLI3O6CvqYRAWc=,fgErjN0dacI4E6YNw4vh7RF8pVE=
-31,-7,Si3z0jvKI+Uz8mLI3O6CvqYRAWc=,w8biCSb63zbMjj91G7aswpmtFH8=
-31,-8,Si3z0jvKI+Uz8mLI3O6CvqYRAWc=,MSMdf1WW611tDWCSa9jagEc3LhI=
-31,-5,Si3z0jvKI+Uz8mLI3O6CvqYRAWc=,uCSthjK9EBp0C7sqISMAmwdrz98=
-31,-6,Si3z0jvKI+Uz8mLI3O6CvqYRAWc=,uWUndb7SWHOqP3+3Lf380cQGnn0=
-31,-3,Si3z0jvKI+Uz8mLI3O6CvqYRAWc=,CAPiCgRX4znMMkrnOEPs/xlsnJo=
-31,-4,Si3z0jvKI+Uz8mLI3O6CvqYRAWc=,gIu1cXe+V07FBer/DR2aqExApWM=
-31,-1,Si3z0jvKI+Uz8mLI3O6CvqYRAWc=,dfAjWNuXLethJWQFqlKDlryGPZg=
-31,-2,Si3z0jvKI+Uz8mLI3O6CvqYRAWc=,jRf5vVAhySBrwjTjCzb0JufCRfw=
-32,-32,Si3z0jvKI+Uz8mLI3O6CvqYRAWc=,1i67eiMSrNFu9qaLlO4o499mnWw=
-32,-31,Si3z0jvKI+Uz8mLI3O6CvqYRAWc=,1i67eiMSrNFu9qaLlO4o499mnWw=
-32,-30,Si3z0jvKI+Uz8mLI3O6CvqYRAWc=,1i67eiMSrNFu9qaLlO4o499mnWw=
-32,-29,Si3z0jvKI+Uz8mLI3O6CvqYRAWc=,1i67eiMSrNFu9qaLlO4o499mnWw=
-32,-28,Si3z0jvKI+Uz8mLI3O6CvqYRAWc=,1i67eiMSrNFu9qaLlO4o499mnWw=
-32,-27,Si3z0jvKI+Uz8mLI3O6CvqYRAWc=,1i67eiMSrNFu9qaLlO4o499mnWw=
-32,-26,Si3z0jvKI+Uz8mLI3O6CvqYRAWc=,1i67eiMSrNFu9qaLlO4o499mnWw=
-32,-25,Si3z0jvKI+Uz8mLI3O6CvqYRAWc=,1i67eiMSrNFu9qaLlO4o499mnWw=
-32,-24,Si3z0jvKI+Uz8mLI3O6CvqYRAWc=,U9CrK/5PG0lCKTWgIHK0Uz0Pyjg=
-32,-23,Si3z0jvKI+Uz8mLI3O6CvqYRAWc=,U9CrK/5PG0lCKTWgIHK0Uz0Pyjg=
-32,-22,Si3z0jvKI+Uz8mLI3O6CvqYRAWc=,U9CrK/5PG0lCKTWgIHK0Uz0Pyjg=
-32,-21,Si3z0jvKI+Uz8mLI3O6CvqYRAWc=,U9CrK/5PG0lCKTWgIHK0Uz0Pyjg=
-32,-20,Si3z0jvKI+Uz8mLI3O6CvqYRAWc=,U9CrK/5PG0lCKTWgIHK0Uz0Pyjg=
-32,-19,Si3z0jvKI+Uz8mLI3O6CvqYRAWc=,U9CrK/5PG0lCKTWgIHK0Uz0Pyjg=
-32,-18,Si3z0jvKI+Uz8mLI3O6CvqYRAWc=,RSVdxYGTtf60agvLn/FxjEfixkE=
-32,-17,Si3z0jvKI+Uz8mLI3O6CvqYRAWc=,yA2GRH0UbBt5ir90Mcf8/dd3tEQ=
-32,-16,Si3z0jvKI+Uz8mLI3O6CvqYRAWc=,Y4dDij/1h1pUaxnBdYZionoMbdM=
-32,-15,Si3z0jvKI+Uz8mLI3O6CvqYRAWc=,Y4dDij/1h1pUaxnBdYZionoMbdM=
-32,-14,Si3z0jvKI+Uz8mLI3O6CvqYRAWc=,Y4dDij/1h1pUaxnBdYZionoMbdM=
-32,-13,Si3z0jvKI+Uz8mLI3O6CvqYRAWc=,s7mAzJLraSCGgG8wOtIPCaY2Dqk=
-32,-12,Si3z0jvKI+Uz8mLI3O6CvqYRAWc=,JEiwNWjSV1PaPcCNCmaepUVlXok=
-32,-11,Si3z0jvKI+Uz8mLI3O6CvqYRAWc=,JEiwNWjSV1PaPcCNCmaepUVlXok=
-32,-10,Si3z0jvKI+Uz8mLI3O6CvqYRAWc=,Bc61oAUIZNel8G2rTL7AGad2fNM=
-32,-9,Si3z0jvKI+Uz8mLI3O6CvqYRAWc=,Y4dDij/1h1pUaxnBdYZionoMbdM=
-32,-8,Si3z0jvKI+Uz8mLI3O6CvqYRAWc=,j+TpyTBolXkeIV6wPArShcM3m0Q=
-32,-7,Si3z0jvKI+Uz8mLI3O6CvqYRAWc=,iSlkv1s6zVp5vHd2gFbKzmDR87g=
-32,-6,Si3z0jvKI+Uz8mLI3O6CvqYRAWc=,gIu1cXe+V07FBer/DR2aqExApWM=
-32,-5,Si3z0jvKI+Uz8mLI3O6CvqYRAWc=,gIu1cXe+V07FBer/DR2aqExApWM=
-32,-4,Si3z0jvKI+Uz8mLI3O6CvqYRAWc=,gIu1cXe+V07FBer/DR2aqExApWM=
-32,-3,Si3z0jvKI+Uz8mLI3O6CvqYRAWc=,gIu1cXe+V07FBer/DR2aqExApWM=
-32,-2,Si3z0jvKI+Uz8mLI3O6CvqYRAWc=,CAPiCgRX4znMMkrnOEPs/xlsnJo=
-32,-1,Si3z0jvKI+Uz8mLI3O6CvqYRAWc=,u8w62TiZatdRTG1yQVNqj4sjOUs=
