30,-34,pPLx1lVRqkgPojSqVv4ekZStMnQ=,4Bu9gKvxQQF3UKdlrm9q44zs1PY=
30,-33,pPLx1lVRqkgPojSqVv4ekZStMnQ=,4Bu9gKvxQQF3UKdlrm9q44zs1PY=
30,-36,pPLx1lVRqkgPojSqVv4ekZStMnQ=,QurimaQ4t68fDpjHp6v4q2D7RpM=
30,-35,pPLx1lVRqkgPojSqVv4ekZStMnQ=,4Bu9gKvxQQF3UKdlrm9q44zs1PY=
30,-38,pPLx1lVRqkgPojSqVv4ekZStMnQ=,bR+8ZStYrhJO/TNWKHDDqnwczCA=
30,-37,pPLx1lVRqkgPojSqVv4ekZStMnQ=,bR+8ZStYrhJO/TNWKHDDqnwczCA=
30,-40,vceLMC9XkLEqz+RJXVPG6Usa7sA=,1x1ZUkA2xsSmsol8QyugGDm9464=
30,-39,vceLMC9XkLEqz+RJXVPG6Usa7sA=,bR+8ZStYrhJO/TNWKHDDqnwczCA=
30,-42,vceLMC9XkLEqz+RJXVPG6Usa7sA=,a1Nx+8oAwUQb3bxTKXU0oWW366o=
30,-41,vceLMC9XkLEqz+RJXVPG6Usa7sA=,a1Nx+8oAwUQb3bxTKXU0oWW366o=
30,-44,vceLMC9XkLEqz+RJXVPG6Usa7sA=,Q5xLF0wNG3FCS2gim2dWI7134Ac=
30,-43,vceLMC9XkLEqz+RJXVPG6Usa7sA=,a1Nx+8oAwUQb3bxTKXU0oWW366o=
30,-46,vceLMC9XkLEqz+RJXVPG6Usa7sA=,Dv0clsUz0wdMHtbSDj7Q+/BVC8U=
30,-45,vceLMC9XkLEqz+RJXVPG6Usa7sA=,TZJ49aZyffMhzfy4LedPZw5TDO4=
31,-33,vceLMC9XkLEqz+RJXVPG6Usa7sA=,4Bu9gKvxQQF3UKdlrm9q44zs1PY=
31,-34,vceLMC9XkLEqz+RJXVPG6Usa7sA=,4Bu9gKvxQQF3UKdlrm9q44zs1PY=
31,-35,vceLMC9XkLEqz+RJXVPG6Usa7sA=,4Bu9gKvxQQF3UKdlrm9q44zs1PY=
31,-36,vceLMC9XkLEqz+RJXVPG6Usa7sA=,pXJpDR9LFyzFo3yQHsDmHjQAgac=
31,-37,vceLMC9XkLEqz+RJXVPG6Usa7sA=,P7tGAxQsht4XT5yAfM5CZi8cSJA=
31,-38,vceLMC9XkLEqz+RJXVPG6Usa7sA=,P7tGAxQsht4XT5yAfM5CZi8cSJA=
31,-39,vceLMC9XkLEqz+RJXVPG6Usa7sA=,P7tGAxQsht4XT5yAfM5CZi8cSJA=
31,-40,vceLMC9XkLEqz+RJXVPG6Usa7sA=,wtHPdJyZ8vIUT3Ht+xIv4PMKm4I=
31,-41,vceLMC9XkLEqz+RJXVPG6Usa7sA=,a1Nx+8oAwUQb3bxTKXU0oWW366o=
31,-42,vceLMC9XkLEqz+RJXVPG6Usa7sA=,a1Nx+8oAwUQb3bxTKXU0oWW366o=
31,-43,vceLMC9XkLEqz+RJXVPG6Usa7sA=,a1Nx+8oAwUQb3bxTKXU0oWW366o=
31,-44,vceLMC9XkLEqz+RJXVPG6Usa7sA=,a1Nx+8oAwUQb3bxTKXU0oWW366o=
31,-45,vceLMC9XkLEqz+RJXVPG6Usa7sA=,Q5xLF0wNG3FCS2gim2dWI7134Ac=
31,-46,vceLMC9XkLEqz+RJXVPG6Usa7sA=,ysCZM+spFlSyK0WkevV3sQ0ol2M=
28,-36,Cy87/KGyk9j1K3cNrMNLbb+GvgU=,4Bu9gKvxQQF3UKdlrm9q44zs1PY=
28,-35,Cy87/KGyk9j1K3cNrMNLbb+GvgU=,1x1ZUkA2xsSmsol8QyugGDm9464=
28,-34,Cy87/KGyk9j1K3cNrMNLbb+GvgU=,AEwMsbvBEp19jPyJDaQ1mwSJq4Y=
28,-33,Cy87/KGyk9j1K3cNrMNLbb+GvgU=,pXJpDR9LFyzFo3yQHsDmHjQAgac=
28,-40,Cy87/KGyk9j1K3cNrMNLbb+GvgU=,1x1ZUkA2xsSmsol8QyugGDm9464=
28,-39,Cy87/KGyk9j1K3cNrMNLbb+GvgU=,bR+8ZStYrhJO/TNWKHDDqnwczCA=
28,-38,Cy87/KGyk9j1K3cNrMNLbb+GvgU=,bR+8ZStYrhJO/TNWKHDDqnwczCA=
28,-37,Cy87/KGyk9j1K3cNrMNLbb+GvgU=,QurimaQ4t68fDpjHp6v4q2D7RpM=
28,-44,Cy87/KGyk9j1K3cNrMNLbb+GvgU=,wISB6md+hht9YsKRYZYadnl2vzg=
28,-43,Cy87/KGyk9j1K3cNrMNLbb+GvgU=,a1Nx+8oAwUQb3bxTKXU0oWW366o=
28,-42,Cy87/KGyk9j1K3cNrMNLbb+GvgU=,a1Nx+8oAwUQb3bxTKXU0oWW366o=
28,-41,Cy87/KGyk9j1K3cNrMNLbb+GvgU=,a1Nx+8oAwUQb3bxTKXU0oWW366o=
28,-46,Cy87/KGyk9j1K3cNrMNLbb+GvgU=,a1Nx+8oAwUQb3bxTKXU0oWW366o=
28,-45,Cy87/KGyk9j1K3cNrMNLbb+GvgU=,Dv0clsUz0wdMHtbSDj7Q+/BVC8U=
29,-35,Cy87/KGyk9j1K3cNrMNLbb+GvgU=,wtHPdJyZ8vIUT3Ht+xIv4PMKm4I=
29,-36,Cy87/KGyk9j1K3cNrMNLbb+GvgU=,P8E/99ZusfcnFKrb6gDLlqWidjs=
29,-33,Cy87/KGyk9j1K3cNrMNLbb+GvgU=,4Bu9gKvxQQF3UKdlrm9q44zs1PY=
29,-34,Cy87/KGyk9j1K3cNrMNLbb+GvgU=,pXJpDR9LFyzFo3yQHsDmHjQAgac=
29,-39,Cy87/KGyk9j1K3cNrMNLbb+GvgU=,bR+8ZStYrhJO/TNWKHDDqnwczCA=
29,-40,Cy87/KGyk9j1K3cNrMNLbb+GvgU=,1x1ZUkA2xsSmsol8QyugGDm9464=
29,-37,Cy87/KGyk9j1K3cNrMNLbb+GvgU=,WA0FRKlvzlddUsXvZAyOugS4r38=
29,-38,Cy87/KGyk9j1K3cNrMNLbb+GvgU=,bR+8ZStYrhJO/TNWKHDDqnwczCA=
29,-43,a+kGfXLXTFhgHiMA+f0kTpycmoA=,a1Nx+8oAwUQb3bxTKXU0oWW366o=
29,-44,a+kGfXLXTFhgHiMA+f0kTpycmoA=,wISB6md+hht9YsKRYZYadnl2vzg=
29,-41,a+kGfXLXTFhgHiMA+f0kTpycmoA=,a1Nx+8oAwUQb3bxTKXU0oWW366o=
29,-42,a+kGfXLXTFhgHiMA+f0kTpycmoA=,a1Nx+8oAwUQb3bxTKXU0oWW366o=
29,-45,a+kGfXLXTFhgHiMA+f0kTpycmoA=,0wSp+Dc5gfLVEWSfjD1v378xofM=
29,-46,a+kGfXLXTFhgHiMA+f0kTpycmoA=,+zVyNsecDBcdClcT+7gxyuvbs3g=
26,-38,a+kGfXLXTFhgHiMA+f0kTpycmoA=,bR+8ZStYrhJO/TNWKHDDqnwczCA=
26,-37,a+kGfXLXTFhgHiMA+f0kTpycmoA=,bR+8ZStYrhJO/TNWKHDDqnwczCA=
26,-40,a+kGfXLXTFhgHiMA+f0kTpycmoA=,hb2jrApIBFZwiR2tFnuDV8IoRPY=
26,-39,a+kGfXLXTFhgHiMA+f0kTpycmoA=,RptAmeU3qp98O/NdGLLLBV5IaGQ=
26,-34,a+kGfXLXTFhgHiMA+f0kTpycmoA=,bR+8ZStYrhJO/TNWKHDDqnwczCA=
26,-33,a+kGfXLXTFhgHiMA+f0kTpycmoA=,QurimaQ4t68fDpjHp6v4q2D7RpM=
26,-36,a+kGfXLXTFhgHiMA+f0kTpycmoA=,bR+8ZStYrhJO/TNWKHDDqnwczCA=
26,-35,a+kGfXLXTFhgHiMA+f0kTpycmoA=,bR+8ZStYrhJO/TNWKHDDqnwczCA=
26,-46,a+kGfXLXTFhgHiMA+f0kTpycmoA=,a1Nx+8oAwUQb3bxTKXU0oWW366o=
26,-45,a+kGfXLXTFhgHiMA+f0kTpycmoA=,+zVyNsecDBcdClcT+7gxyuvbs3g=
26,-42,a+kGfXLXTFhgHiMA+f0kTpycmoA=,a1Nx+8oAwUQb3bxTKXU0oWW366o=
26,-41,a+kGfXLXTFhgHiMA+f0kTpycmoA=,a1Nx+8oAwUQb3bxTKXU0oWW366o=
26,-44,a+kGfXLXTFhgHiMA+f0kTpycmoA=,KYKzNIOl9NVir9e4bdsWqyZlPs8=
26,-43,a+kGfXLXTFhgHiMA+f0kTpycmoA=,a1Nx+8oAwUQb3bxTKXU0oWW366o=
27,-37,cwcbA7yi6iIZS+fQbrVlt6v7AXo=,AEwMsbvBEp19jPyJDaQ1mwSJq4Y=
27,-38,cwcbA7yi6iIZS+fQbrVlt6v7AXo=,bR+8ZStYrhJO/TNWKHDDqnwczCA=
27,-39,cwcbA7yi6iIZS+fQbrVlt6v7AXo=,bR+8ZStYrhJO/TNWKHDDqnwczCA=
27,-40,cwcbA7yi6iIZS+fQbrVlt6v7AXo=,1x1ZUkA2xsSmsol8QyugGDm9464=
27,-33,cwcbA7yi6iIZS+fQbrVlt6v7AXo=,QurimaQ4t68fDpjHp6v4q2D7RpM=
27,-34,cwcbA7yi6iIZS+fQbrVlt6v7AXo=,bR+8ZStYrhJO/TNWKHDDqnwczCA=
27,-35,cwcbA7yi6iIZS+fQbrVlt6v7AXo=,KqdiR6JCHQ25KDTc/tt8DZVyTOM=
27,-36,cwcbA7yi6iIZS+fQbrVlt6v7AXo=,P7tGAxQsht4XT5yAfM5CZi8cSJA=
27,-45,cwcbA7yi6iIZS+fQbrVlt6v7AXo=,Dv0clsUz0wdMHtbSDj7Q+/BVC8U=
27,-46,cwcbA7yi6iIZS+fQbrVlt6v7AXo=,a1Nx+8oAwUQb3bxTKXU0oWW366o=
27,-41,cwcbA7yi6iIZS+fQbrVlt6v7AXo=,a1Nx+8oAwUQb3bxTKXU0oWW366o=
27,-42,cwcbA7yi6iIZS+fQbrVlt6v7AXo=,a1Nx+8oAwUQb3bxTKXU0oWW366o=
27,-43,cwcbA7yi6iIZS+fQbrVlt6v7AXo=,a1Nx+8oAwUQb3bxTKXU0oWW366o=
27,-44,cwcbA7yi6iIZS+fQbrVlt6v7AXo=,wISB6md+hht9YsKRYZYadnl2vzg=
24,-40,cwcbA7yi6iIZS+fQbrVlt6v7AXo=,4Bu9gKvxQQF3UKdlrm9q44zs1PY=
24,-39,cwcbA7yi6iIZS+fQbrVlt6v7AXo=,4Bu9gKvxQQF3UKdlrm9q44zs1PY=
24,-38,cwcbA7yi6iIZS+fQbrVlt6v7AXo=,4Bu9gKvxQQF3UKdlrm9q44zs1PY=
24,-37,cwcbA7yi6iIZS+fQbrVlt6v7AXo=,4Bu9gKvxQQF3UKdlrm9q44zs1PY=
24,-36,cwcbA7yi6iIZS+fQbrVlt6v7AXo=,4Bu9gKvxQQF3UKdlrm9q44zs1PY=
24,-35,cwcbA7yi6iIZS+fQbrVlt6v7AXo=,4Bu9gKvxQQF3UKdlrm9q44zs1PY=
24,-34,cwcbA7yi6iIZS+fQbrVlt6v7AXo=,4Bu9gKvxQQF3UKdlrm9q44zs1PY=
24,-33,cwcbA7yi6iIZS+fQbrVlt6v7AXo=,4Bu9gKvxQQF3UKdlrm9q44zs1PY=
24,-46,cwcbA7yi6iIZS+fQbrVlt6v7AXo=,a1Nx+8oAwUQb3bxTKXU0oWW366o=
24,-45,cwcbA7yi6iIZS+fQbrVlt6v7AXo=,a1Nx+8oAwUQb3bxTKXU0oWW366o=
24,-44,ALiwTM315J8IfJxyysxp3qobUMM=,a1Nx+8oAwUQb3bxTKXU0oWW366o=
24,-43,ALiwTM315J8IfJxyysxp3qobUMM=,a1Nx+8oAwUQb3bxTKXU0oWW366o=
24,-42,ALiwTM315J8IfJxyysxp3qobUMM=,a1Nx+8oAwUQb3bxTKXU0oWW366o=
24,-41,ALiwTM315J8IfJxyysxp3qobUMM=,a1Nx+8oAwUQb3bxTKXU0oWW366o=
25,-39,ALiwTM315J8IfJxyysxp3qobUMM=,hb2jrApIBFZwiR2tFnuDV8IoRPY=
25,-40,ALiwTM315J8IfJxyysxp3qobUMM=,4Bu9gKvxQQF3UKdlrm9q44zs1PY=
25,-37,ALiwTM315J8IfJxyysxp3qobUMM=,N4bwX18h6GEekRzEEmeLZ+T+CP8=
25,-38,ALiwTM315J8IfJxyysxp3qobUMM=,N4bwX18h6GEekRzEEmeLZ+T+CP8=
25,-35,ALiwTM315J8IfJxyysxp3qobUMM=,N4bwX18h6GEekRzEEmeLZ+T+CP8=
25,-36,ALiwTM315J8IfJxyysxp3qobUMM=,N4bwX18h6GEekRzEEmeLZ+T+CP8=
25,-33,ALiwTM315J8IfJxyysxp3qobUMM=,P8E/99ZusfcnFKrb6gDLlqWidjs=
25,-34,ALiwTM315J8IfJxyysxp3qobUMM=,N4bwX18h6GEekRzEEmeLZ+T+CP8=
25,-45,ALiwTM315J8IfJxyysxp3qobUMM=,a1Nx+8oAwUQb3bxTKXU0oWW366o=
25,-46,ALiwTM315J8IfJxyysxp3qobUMM=,a1Nx+8oAwUQb3bxTKXU0oWW366o=
25,-43,ALiwTM315J8IfJxyysxp3qobUMM=,a1Nx+8oAwUQb3bxTKXU0oWW366o=
25,-44,ALiwTM315J8IfJxyysxp3qobUMM=,a1Nx+8oAwUQb3bxTKXU0oWW366o=
25,-41,ALiwTM315J8IfJxyysxp3qobUMM=,a1Nx+8oAwUQb3bxTKXU0oWW366o=
25,-42,ALiwTM315J8IfJxyysxp3qobUMM=,a1Nx+8oAwUQb3bxTKXU0oWW366o=
22,-42,gdlHtlo6i8A98w65nofVa1NlMEQ=,BAxaKWYjzQ6/kp9/kTMuiEiLC3E=
22,-41,gdlHtlo6i8A98w65nofVa1NlMEQ=,FuRO3VDIn+YPo/czl0BNtjYmQBo=
22,-44,gdlHtlo6i8A98w65nofVa1NlMEQ=,0jAQHIz/0lssiylsSXFYLHUPVtQ=
22,-43,gdlHtlo6i8A98w65nofVa1NlMEQ=,BAxaKWYjzQ6/kp9/kTMuiEiLC3E=
22,-46,gdlHtlo6i8A98w65nofVa1NlMEQ=,7HnaYi8S8RyqJjEkE/eMrMU42Vk=
22,-45,gdlHtlo6i8A98w65nofVa1NlMEQ=,k/KWaFMaNU2JUzG4LVkABHi8514=
22,-34,gdlHtlo6i8A98w65nofVa1NlMEQ=,bDpsZMkU/u/4uUGwLxCb3yHEoJw=
22,-33,gdlHtlo6i8A98w65nofVa1NlMEQ=,bDpsZMkU/u/4uUGwLxCb3yHEoJw=
22,-36,gdlHtlo6i8A98w65nofVa1NlMEQ=,2zlLP1n+2avfLnSfU8xzy+DT5PM=
22,-35,gdlHtlo6i8A98w65nofVa1NlMEQ=,UZnJxHEFGyuYrCDbf11gH1/4b8w=
22,-38,gdlHtlo6i8A98w65nofVa1NlMEQ=,vuyUJSCWK/nceSZwOnmXPa+B4Q8=
22,-37,gdlHtlo6i8A98w65nofVa1NlMEQ=,IxJbiEcF/Jk/kC0ytudOlMFcdM8=
22,-40,gdlHtlo6i8A98w65nofVa1NlMEQ=,UZnJxHEFGyuYrCDbf11gH1/4b8w=
22,-39,gdlHtlo6i8A98w65nofVa1NlMEQ=,bDpsZMkU/u/4uUGwLxCb3yHEoJw=
23,-41,gdlHtlo6i8A98w65nofVa1NlMEQ=,7GQTkLJC+z0s724oFh+l+swnmnA=
23,-42,gdlHtlo6i8A98w65nofVa1NlMEQ=,BAxaKWYjzQ6/kp9/kTMuiEiLC3E=
23,-43,gdlHtlo6i8A98w65nofVa1NlMEQ=,BAxaKWYjzQ6/kp9/kTMuiEiLC3E=
23,-44,gdlHtlo6i8A98w65nofVa1NlMEQ=,hWCKjqlAroWnYo1mAnIMMDWeVuU=
23,-45,gdlHtlo6i8A98w65nofVa1NlMEQ=,j/PUMyrzHHCebzyczpn1YTR3Tx8=
23,-46,gdlHtlo6i8A98w65nofVa1NlMEQ=,j/PUMyrzHHCebzyczpn1YTR3Tx8=
23,-33,gdlHtlo6i8A98w65nofVa1NlMEQ=,2YoI56hfzJPafupzhHh19PK0c7g=
23,-34,gdlHtlo6i8A98w65nofVa1NlMEQ=,2YoI56hfzJPafupzhHh19PK0c7g=
23,-35,gdlHtlo6i8A98w65nofVa1NlMEQ=,grIHDD7BnoNOfufiqgqa0v2nsjo=
23,-36,gdlHtlo6i8A98w65nofVa1NlMEQ=,2zlLP1n+2avfLnSfU8xzy+DT5PM=
23,-37,gdlHtlo6i8A98w65nofVa1NlMEQ=,N7uQpUS197QS+CB+fkraeA+tTZQ=
23,-38,gdlHtlo6i8A98w65nofVa1NlMEQ=,bDpsZMkU/u/4uUGwLxCb3yHEoJw=
23,-39,HhJ57OQ8Q1lT1cdUvrP5MgnBkGk=,bDpsZMkU/u/4uUGwLxCb3yHEoJw=
23,-40,HhJ57OQ8Q1lT1cdUvrP5MgnBkGk=,grIHDD7BnoNOfufiqgqa0v2nsjo=
20,-44,HhJ57OQ8Q1lT1cdUvrP5MgnBkGk=,eViW+PYkf/2/wAq72fn9ZFU2nUI=
20,-43,HhJ57OQ8Q1lT1cdUvrP5MgnBkGk=,eViW+PYkf/2/wAq72fn9ZFU2nUI=
20,-42,HhJ57OQ8Q1lT1cdUvrP5MgnBkGk=,eViW+PYkf/2/wAq72fn9ZFU2nUI=
20,-41,HhJ57OQ8Q1lT1cdUvrP5MgnBkGk=,YyRm7sKnJwGDSpcV1DGjNrexV8Q=
20,-46,HhJ57OQ8Q1lT1cdUvrP5MgnBkGk=,zeYw+I2Crmg0MgZK+eXvZcsONLA=
20,-45,HhJ57OQ8Q1lT1cdUvrP5MgnBkGk=,eViW+PYkf/2/wAq72fn9ZFU2nUI=
20,-36,HhJ57OQ8Q1lT1cdUvrP5MgnBkGk=,8qQRPwdVPhopBLMiL5rxEjS0GNw=
20,-35,HhJ57OQ8Q1lT1cdUvrP5MgnBkGk=,WzDSvypLD17XqIUj6AJVRsGbngo=
20,-34,HhJ57OQ8Q1lT1cdUvrP5MgnBkGk=,bDpsZMkU/u/4uUGwLxCb3yHEoJw=
20,-33,HhJ57OQ8Q1lT1cdUvrP5MgnBkGk=,bDpsZMkU/u/4uUGwLxCb3yHEoJw=
20,-40,HhJ57OQ8Q1lT1cdUvrP5MgnBkGk=,iZ7Fc3LQdgm3gJAbL/ej1MAxCBE=
20,-39,HhJ57OQ8Q1lT1cdUvrP5MgnBkGk=,6/KHKBrTZJfXfgPOJrWFQNst9kk=
20,-38,HhJ57OQ8Q1lT1cdUvrP5MgnBkGk=,WpztGL90luc17IVzvHtm3c+G6U4=
20,-37,HhJ57OQ8Q1lT1cdUvrP5MgnBkGk=,4KnbUHI1ZDbYRJhJxys5AD++KQA=
21,-43,HhJ57OQ8Q1lT1cdUvrP5MgnBkGk=,BAxaKWYjzQ6/kp9/kTMuiEiLC3E=
21,-44,HhJ57OQ8Q1lT1cdUvrP5MgnBkGk=,BAxaKWYjzQ6/kp9/kTMuiEiLC3E=
21,-41,HhJ57OQ8Q1lT1cdUvrP5MgnBkGk=,7GQTkLJC+z0s724oFh+l+swnmnA=
21,-42,HhJ57OQ8Q1lT1cdUvrP5MgnBkGk=,BAxaKWYjzQ6/kp9/kTMuiEiLC3E=
21,-45,HhJ57OQ8Q1lT1cdUvrP5MgnBkGk=,BAxaKWYjzQ6/kp9/kTMuiEiLC3E=
21,-46,k/aZuXmj9RGL84HNvmINUIHfO5A=,hWCKjqlAroWnYo1mAnIMMDWeVuU=
21,-35,k/aZuXmj9RGL84HNvmINUIHfO5A=,UZnJxHEFGyuYrCDbf11gH1/4b8w=
21,-36,k/aZuXmj9RGL84HNvmINUIHfO5A=,2zlLP1n+2avfLnSfU8xzy+DT5PM=
21,-33,k/aZuXmj9RGL84HNvmINUIHfO5A=,bDpsZMkU/u/4uUGwLxCb3yHEoJw=
21,-34,k/aZuXmj9RGL84HNvmINUIHfO5A=,bDpsZMkU/u/4uUGwLxCb3yHEoJw=
21,-39,k/aZuXmj9RGL84HNvmINUIHfO5A=,bDpsZMkU/u/4uUGwLxCb3yHEoJw=
21,-40,k/aZuXmj9RGL84HNvmINUIHfO5A=,UZnJxHEFGyuYrCDbf11gH1/4b8w=
21,-37,k/aZuXmj9RGL84HNvmINUIHfO5A=,2zlLP1n+2avfLnSfU8xzy+DT5PM=
21,-38,k/aZuXmj9RGL84HNvmINUIHfO5A=,N7uQpUS197QS+CB+fkraeA+tTZQ=
18,-46,k/aZuXmj9RGL84HNvmINUIHfO5A=,j/PUMyrzHHCebzyczpn1YTR3Tx8=
18,-45,k/aZuXmj9RGL84HNvmINUIHfO5A=,j/PUMyrzHHCebzyczpn1YTR3Tx8=
18,-42,k/aZuXmj9RGL84HNvmINUIHfO5A=,j/PUMyrzHHCebzyczpn1YTR3Tx8=
18,-41,k/aZuXmj9RGL84HNvmINUIHfO5A=,j/PUMyrzHHCebzyczpn1YTR3Tx8=
18,-44,k/aZuXmj9RGL84HNvmINUIHfO5A=,j/PUMyrzHHCebzyczpn1YTR3Tx8=
18,-43,k/aZuXmj9RGL84HNvmINUIHfO5A=,j/PUMyrzHHCebzyczpn1YTR3Tx8=
18,-38,k/aZuXmj9RGL84HNvmINUIHfO5A=,ov1ur9yyyW46eGX+ytmPMCKf+Qc=
18,-37,k/aZuXmj9RGL84HNvmINUIHfO5A=,2zlLP1n+2avfLnSfU8xzy+DT5PM=
18,-40,k/aZuXmj9RGL84HNvmINUIHfO5A=,U+pU2zj/qKiTXeGqXSo203rWq6w=
18,-39,k/aZuXmj9RGL84HNvmINUIHfO5A=,A0CIT9CMKapsFIrZboS54+w/Hs0=
18,-34,k/aZuXmj9RGL84HNvmINUIHfO5A=,ZWHtPtCG4+uTLK3kj8LWo4tJToQ=
18,-33,k/aZuXmj9RGL84HNvmINUIHfO5A=,LbjELQWdQIEHlTJ1KaHP+5z4m9s=
18,-36,k/aZuXmj9RGL84HNvmINUIHfO5A=,UZnJxHEFGyuYrCDbf11gH1/4b8w=
18,-35,k/aZuXmj9RGL84HNvmINUIHfO5A=,bDpsZMkU/u/4uUGwLxCb3yHEoJw=
19,-45,ajpt9nL2IdOYAYv3vk1yMIsi3u0=,j/PUMyrzHHCebzyczpn1YTR3Tx8=
19,-46,ajpt9nL2IdOYAYv3vk1yMIsi3u0=,j/PUMyrzHHCebzyczpn1YTR3Tx8=
19,-41,ajpt9nL2IdOYAYv3vk1yMIsi3u0=,j/PUMyrzHHCebzyczpn1YTR3Tx8=
19,-42,ajpt9nL2IdOYAYv3vk1yMIsi3u0=,j/PUMyrzHHCebzyczpn1YTR3Tx8=
19,-43,ajpt9nL2IdOYAYv3vk1yMIsi3u0=,j/PUMyrzHHCebzyczpn1YTR3Tx8=
19,-44,ajpt9nL2IdOYAYv3vk1yMIsi3u0=,j/PUMyrzHHCebzyczpn1YTR3Tx8=
19,-37,ajpt9nL2IdOYAYv3vk1yMIsi3u0=,v7I/syX3fR0R2aAhuAij7oh5Bqs=
19,-38,ajpt9nL2IdOYAYv3vk1yMIsi3u0=,SjOwvvnloxz/ncz/xYvjnToOFBA=
19,-39,ajpt9nL2IdOYAYv3vk1yMIsi3u0=,A0CIT9CMKapsFIrZboS54+w/Hs0=
19,-40,ajpt9nL2IdOYAYv3vk1yMIsi3u0=,U+pU2zj/qKiTXeGqXSo203rWq6w=
19,-33,ajpt9nL2IdOYAYv3vk1yMIsi3u0=,bDpsZMkU/u/4uUGwLxCb3yHEoJw=
19,-34,ajpt9nL2IdOYAYv3vk1yMIsi3u0=,bDpsZMkU/u/4uUGwLxCb3yHEoJw=
19,-35,ajpt9nL2IdOYAYv3vk1yMIsi3u0=,bDpsZMkU/u/4uUGwLxCb3yHEoJw=
19,-36,ajpt9nL2IdOYAYv3vk1yMIsi3u0=,d/3R3s9+cv1MQFf79KzViSzhTWU=
16,-44,ajpt9nL2IdOYAYv3vk1yMIsi3u0=,j/PUMyrzHHCebzyczpn1YTR3Tx8=
16,-43,ajpt9nL2IdOYAYv3vk1yMIsi3u0=,j/PUMyrzHHCebzyczpn1YTR3Tx8=
16,-42,ajpt9nL2IdOYAYv3vk1yMIsi3u0=,j/PUMyrzHHCebzyczpn1YTR3Tx8=
16,-41,ajpt9nL2IdOYAYv3vk1yMIsi3u0=,j/PUMyrzHHCebzyczpn1YTR3Tx8=
16,-40,ajpt9nL2IdOYAYv3vk1yMIsi3u0=,B0lbRNYykhnphdDfmibcquJvqG4=
16,-39,ajpt9nL2IdOYAYv3vk1yMIsi3u0=,jsWcWxta1mGlkXDh/RGjzfOt1fU=
16,-38,ajpt9nL2IdOYAYv3vk1yMIsi3u0=,asUBIK21HmfiB8A5rXypwjF37LY=
16,-37,xYvRk5thZpzoYmkp+f2U23qZGz8=,asUBIK21HmfiB8A5rXypwjF37LY=
16,-36,xYvRk5thZpzoYmkp+f2U23qZGz8=,asUBIK21HmfiB8A5rXypwjF37LY=
16,-35,xYvRk5thZpzoYmkp+f2U23qZGz8=,asUBIK21HmfiB8A5rXypwjF37LY=
16,-34,xYvRk5thZpzoYmkp+f2U23qZGz8=,asUBIK21HmfiB8A5rXypwjF37LY=
16,-33,xYvRk5thZpzoYmkp+f2U23qZGz8=,6mMi2N2jYqtaZryWY4wjceEePlo=
17,-45,xYvRk5thZpzoYmkp+f2U23qZGz8=,j/PUMyrzHHCebzyczpn1YTR3Tx8=
17,-46,xYvRk5thZpzoYmkp+f2U23qZGz8=,j/PUMyrzHHCebzyczpn1YTR3Tx8=
17,-43,xYvRk5thZpzoYmkp+f2U23qZGz8=,j/PUMyrzHHCebzyczpn1YTR3Tx8=
17,-44,xYvRk5thZpzoYmkp+f2U23qZGz8=,j/PUMyrzHHCebzyczpn1YTR3Tx8=
17,-41,xYvRk5thZpzoYmkp+f2U23qZGz8=,j/PUMyrzHHCebzyczpn1YTR3Tx8=
17,-42,xYvRk5thZpzoYmkp+f2U23qZGz8=,j/PUMyrzHHCebzyczpn1YTR3Tx8=
17,-39,xYvRk5thZpzoYmkp+f2U23qZGz8=,Q6UhJwCJZJtYyxlFJwqcWPuxzsA=
17,-40,xYvRk5thZpzoYmkp+f2U23qZGz8=,jsWcWxta1mGlkXDh/RGjzfOt1fU=
17,-37,xYvRk5thZpzoYmkp+f2U23qZGz8=,4KnbUHI1ZDbYRJhJxys5AD++KQA=
17,-38,xYvRk5thZpzoYmkp+f2U23qZGz8=,R7GhSiYUioonQ/7U6Vbt08RaIPE=
17,-35,xYvRk5thZpzoYmkp+f2U23qZGz8=,6/KHKBrTZJfXfgPOJrWFQNst9kk=
17,-36,xYvRk5thZpzoYmkp+f2U23qZGz8=,IxrCI6EijjtH2GTr+LH5mUs2HRo=
17,-33,xYvRk5thZpzoYmkp+f2U23qZGz8=,YdL7QsquD/TQZwby3YUpxp72Z10=
17,-34,xYvRk5thZpzoYmkp+f2U23qZGz8=,9b4bOXwvJ+qdVO8BR2UYJnGwHYE=
14,-34,aygMWJOxw6Dy1yq2+AZkY+PeXr4=,ZVgYAVeCeziJXLfW/vocYgUV/W8=
14,-33,aygMWJOxw6Dy1yq2+AZkY+PeXr4=,saOFK7mSFLQZZNfuvW52GOEpGno=
14,-36,aygMWJOxw6Dy1yq2+AZkY+PeXr4=,x3jA44UluM4blJU+0MenxASHF4A=
14,-35,aygMWJOxw6Dy1yq2+AZkY+PeXr4=,ZVgYAVeCeziJXLfW/vocYgUV/W8=
14,-38,aygMWJOxw6Dy1yq2+AZkY+PeXr4=,dn9zIqGntaZwEHYLL9xRf5NHwR4=
14,-37,aygMWJOxw6Dy1yq2+AZkY+PeXr4=,dn9zIqGntaZwEHYLL9xRf5NHwR4=
14,-40,aygMWJOxw6Dy1yq2+AZkY+PeXr4=,dn9zIqGntaZwEHYLL9xRf5NHwR4=
14,-39,aygMWJOxw6Dy1yq2+AZkY+PeXr4=,dn9zIqGntaZwEHYLL9xRf5NHwR4=
14,-42,aygMWJOxw6Dy1yq2+AZkY+PeXr4=,HR8p/FF/Y+SyPLd5fHXM0raS9tU=
14,-41,aygMWJOxw6Dy1yq2+AZkY+PeXr4=,HR8p/FF/Y+SyPLd5fHXM0raS9tU=
14,-44,aygMWJOxw6Dy1yq2+AZkY+PeXr4=,HR8p/FF/Y+SyPLd5fHXM0raS9tU=
14,-43,aygMWJOxw6Dy1yq2+AZkY+PeXr4=,HR8p/FF/Y+SyPLd5fHXM0raS9tU=
15,-33,CQ7xIvx1wGUq9uUisHywjzeCW8o=,WYtKPaTUEUVYnkDI03F6Ze3YUSU=
15,-34,CQ7xIvx1wGUq9uUisHywjzeCW8o=,fZxNHlA2v98BWFGTy9LNPVhqpZY=
15,-35,CQ7xIvx1wGUq9uUisHywjzeCW8o=,fZxNHlA2v98BWFGTy9LNPVhqpZY=
15,-36,CQ7xIvx1wGUq9uUisHywjzeCW8o=,oEl1dAasiKUPu2YTNabaRpCnBnI=
15,-37,CQ7xIvx1wGUq9uUisHywjzeCW8o=,dn9zIqGntaZwEHYLL9xRf5NHwR4=
15,-38,CQ7xIvx1wGUq9uUisHywjzeCW8o=,dn9zIqGntaZwEHYLL9xRf5NHwR4=
15,-39,CQ7xIvx1wGUq9uUisHywjzeCW8o=,dn9zIqGntaZwEHYLL9xRf5NHwR4=
15,-40,CQ7xIvx1wGUq9uUisHywjzeCW8o=,dn9zIqGntaZwEHYLL9xRf5NHwR4=
15,-41,CQ7xIvx1wGUq9uUisHywjzeCW8o=,HR8p/FF/Y+SyPLd5fHXM0raS9tU=
15,-42,CQ7xIvx1wGUq9uUisHywjzeCW8o=,HR8p/FF/Y+SyPLd5fHXM0raS9tU=
15,-43,CQ7xIvx1wGUq9uUisHywjzeCW8o=,HR8p/FF/Y+SyPLd5fHXM0raS9tU=
15,-44,CQ7xIvx1wGUq9uUisHywjzeCW8o=,HR8p/FF/Y+SyPLd5fHXM0raS9tU=
12,-36,CQ7xIvx1wGUq9uUisHywjzeCW8o=,AKn8QoPAo31AqoTWEIQNCJZhzbo=
12,-35,CQ7xIvx1wGUq9uUisHywjzeCW8o=,Cwl4mSL28YRNlw66GVCLgBxfGGA=
12,-34,CQ7xIvx1wGUq9uUisHywjzeCW8o=,vn98tR8BNSot8N+C9wWKGoSuuQA=
12,-33,CQ7xIvx1wGUq9uUisHywjzeCW8o=,dn9zIqGntaZwEHYLL9xRf5NHwR4=
12,-40,CQ7xIvx1wGUq9uUisHywjzeCW8o=,oEl1dAasiKUPu2YTNabaRpCnBnI=
12,-39,CQ7xIvx1wGUq9uUisHywjzeCW8o=,fZxNHlA2v98BWFGTy9LNPVhqpZY=
12,-38,CQ7xIvx1wGUq9uUisHywjzeCW8o=,fZxNHlA2v98BWFGTy9LNPVhqpZY=
12,-37,CQ7xIvx1wGUq9uUisHywjzeCW8o=,buqYL4lJzKoMroSK+4wFb7uZARA=
12,-44,CQ7xIvx1wGUq9uUisHywjzeCW8o=,HR8p/FF/Y+SyPLd5fHXM0raS9tU=
12,-43,CQ7xIvx1wGUq9uUisHywjzeCW8o=,HR8p/FF/Y+SyPLd5fHXM0raS9tU=
12,-42,CQ7xIvx1wGUq9uUisHywjzeCW8o=,HR8p/FF/Y+SyPLd5fHXM0raS9tU=
12,-41,CQ7xIvx1wGUq9uUisHywjzeCW8o=,HR8p/FF/Y+SyPLd5fHXM0raS9tU=
13,-35,ZV6XA4xyAORKnlSsdWsy9jxlSD8=,ZVgYAVeCeziJXLfW/vocYgUV/W8=
13,-36,ZV6XA4xyAORKnlSsdWsy9jxlSD8=,buqYL4lJzKoMroSK+4wFb7uZARA=
13,-33,ZV6XA4xyAORKnlSsdWsy9jxlSD8=,vn98tR8BNSot8N+C9wWKGoSuuQA=
13,-34,ZV6XA4xyAORKnlSsdWsy9jxlSD8=,AKn8QoPAo31AqoTWEIQNCJZhzbo=
13,-39,ZV6XA4xyAORKnlSsdWsy9jxlSD8=,dn9zIqGntaZwEHYLL9xRf5NHwR4=
13,-40,ZV6XA4xyAORKnlSsdWsy9jxlSD8=,dn9zIqGntaZwEHYLL9xRf5NHwR4=
13,-37,ZV6XA4xyAORKnlSsdWsy9jxlSD8=,oEl1dAasiKUPu2YTNabaRpCnBnI=
13,-38,ZV6XA4xyAORKnlSsdWsy9jxlSD8=,dn9zIqGntaZwEHYLL9xRf5NHwR4=
13,-43,ZV6XA4xyAORKnlSsdWsy9jxlSD8=,HR8p/FF/Y+SyPLd5fHXM0raS9tU=
13,-44,ZV6XA4xyAORKnlSsdWsy9jxlSD8=,HR8p/FF/Y+SyPLd5fHXM0raS9tU=
13,-41,ZV6XA4xyAORKnlSsdWsy9jxlSD8=,HR8p/FF/Y+SyPLd5fHXM0raS9tU=
13,-42,ZV6XA4xyAORKnlSsdWsy9jxlSD8=,HR8p/FF/Y+SyPLd5fHXM0raS9tU=
10,-38,ZV6XA4xyAORKnlSsdWsy9jxlSD8=,ZVgYAVeCeziJXLfW/vocYgUV/W8=
10,-37,ZV6XA4xyAORKnlSsdWsy9jxlSD8=,ZVgYAVeCeziJXLfW/vocYgUV/W8=
10,-40,ZV6XA4xyAORKnlSsdWsy9jxlSD8=,x3jA44UluM4blJU+0MenxASHF4A=
10,-39,NYbZiEh0Zw0Knl0mKa6xPI8Qu1Y=,ZVgYAVeCeziJXLfW/vocYgUV/W8=
10,-34,NYbZiEh0Zw0Knl0mKa6xPI8Qu1Y=,fZxNHlA2v98BWFGTy9LNPVhqpZY=
10,-33,NYbZiEh0Zw0Knl0mKa6xPI8Qu1Y=,WYtKPaTUEUVYnkDI03F6Ze3YUSU=
10,-36,NYbZiEh0Zw0Knl0mKa6xPI8Qu1Y=,4Y7ReeUSJi1YXTiHqH24aOwoZSw=
10,-35,NYbZiEh0Zw0Knl0mKa6xPI8Qu1Y=,fZxNHlA2v98BWFGTy9LNPVhqpZY=
10,-42,NYbZiEh0Zw0Knl0mKa6xPI8Qu1Y=,HR8p/FF/Y+SyPLd5fHXM0raS9tU=
10,-41,NYbZiEh0Zw0Knl0mKa6xPI8Qu1Y=,HR8p/FF/Y+SyPLd5fHXM0raS9tU=
10,-44,NYbZiEh0Zw0Knl0mKa6xPI8Qu1Y=,HR8p/FF/Y+SyPLd5fHXM0raS9tU=
10,-43,NYbZiEh0Zw0Knl0mKa6xPI8Qu1Y=,HR8p/FF/Y+SyPLd5fHXM0raS9tU=
11,-37,NYbZiEh0Zw0Knl0mKa6xPI8Qu1Y=,ZVgYAVeCeziJXLfW/vocYgUV/W8=
11,-38,NYbZiEh0Zw0Knl0mKa6xPI8Qu1Y=,ZVgYAVeCeziJXLfW/vocYgUV/W8=
11,-39,NYbZiEh0Zw0Knl0mKa6xPI8Qu1Y=,ZVgYAVeCeziJXLfW/vocYgUV/W8=
11,-40,NYbZiEh0Zw0Knl0mKa6xPI8Qu1Y=,x3jA44UluM4blJU+0MenxASHF4A=
11,-33,NYbZiEh0Zw0Knl0mKa6xPI8Qu1Y=,dn9zIqGntaZwEHYLL9xRf5NHwR4=
11,-34,NYbZiEh0Zw0Knl0mKa6xPI8Qu1Y=,dn9zIqGntaZwEHYLL9xRf5NHwR4=
11,-35,NYbZiEh0Zw0Knl0mKa6xPI8Qu1Y=,dn9zIqGntaZwEHYLL9xRf5NHwR4=
11,-36,NYbZiEh0Zw0Knl0mKa6xPI8Qu1Y=,saOFK7mSFLQZZNfuvW52GOEpGno=
11,-41,NYbZiEh0Zw0Knl0mKa6xPI8Qu1Y=,HR8p/FF/Y+SyPLd5fHXM0raS9tU=
11,-42,NYbZiEh0Zw0Knl0mKa6xPI8Qu1Y=,HR8p/FF/Y+SyPLd5fHXM0raS9tU=
11,-43,NYbZiEh0Zw0Knl0mKa6xPI8Qu1Y=,HR8p/FF/Y+SyPLd5fHXM0raS9tU=
11,-44,NYbZiEh0Zw0Knl0mKa6xPI8Qu1Y=,HR8p/FF/Y+SyPLd5fHXM0raS9tU=
8,-40,8eNvxjlMSW5oyvDbGbmV5ZivuIk=,dhhAIh6KkcmsWrYwUN9z8lG86TU=
8,-39,8eNvxjlMSW5oyvDbGbmV5ZivuIk=,Cwl4mSL28YRNlw66GVCLgBxfGGA=
8,-38,8eNvxjlMSW5oyvDbGbmV5ZivuIk=,Cwl4mSL28YRNlw66GVCLgBxfGGA=
8,-37,8eNvxjlMSW5oyvDbGbmV5ZivuIk=,Cwl4mSL28YRNlw66GVCLgBxfGGA=
8,-36,8eNvxjlMSW5oyvDbGbmV5ZivuIk=,Cwl4mSL28YRNlw66GVCLgBxfGGA=
8,-35,8eNvxjlMSW5oyvDbGbmV5ZivuIk=,vn98tR8BNSot8N+C9wWKGoSuuQA=
8,-34,8eNvxjlMSW5oyvDbGbmV5ZivuIk=,dn9zIqGntaZwEHYLL9xRf5NHwR4=
8,-33,8eNvxjlMSW5oyvDbGbmV5ZivuIk=,dn9zIqGntaZwEHYLL9xRf5NHwR4=
8,-44,8eNvxjlMSW5oyvDbGbmV5ZivuIk=,HR8p/FF/Y+SyPLd5fHXM0raS9tU=
8,-43,8eNvxjlMSW5oyvDbGbmV5ZivuIk=,HR8p/FF/Y+SyPLd5fHXM0raS9tU=
8,-42,8eNvxjlMSW5oyvDbGbmV5ZivuIk=,HR8p/FF/Y+SyPLd5fHXM0raS9tU=
8,-41,8eNvxjlMSW5oyvDbGbmV5ZivuIk=,HR8p/FF/Y+SyPLd5fHXM0raS9tU=
9,-39,8eNvxjlMSW5oyvDbGbmV5ZivuIk=,ZVgYAVeCeziJXLfW/vocYgUV/W8=
9,-40,8eNvxjlMSW5oyvDbGbmV5ZivuIk=,x3jA44UluM4blJU+0MenxASHF4A=
9,-37,8eNvxjlMSW5oyvDbGbmV5ZivuIk=,ZVgYAVeCeziJXLfW/vocYgUV/W8=
9,-38,8eNvxjlMSW5oyvDbGbmV5ZivuIk=,ZVgYAVeCeziJXLfW/vocYgUV/W8=
9,-35,8eNvxjlMSW5oyvDbGbmV5ZivuIk=,AKn8QoPAo31AqoTWEIQNCJZhzbo=
9,-36,8eNvxjlMSW5oyvDbGbmV5ZivuIk=,ZVgYAVeCeziJXLfW/vocYgUV/W8=
9,-33,8eNvxjlMSW5oyvDbGbmV5ZivuIk=,vn98tR8BNSot8N+C9wWKGoSuuQA=
9,-34,8eNvxjlMSW5oyvDbGbmV5ZivuIk=,Cwl4mSL28YRNlw66GVCLgBxfGGA=
9,-43,eWSit5wzjl+IlDMTQPXB1YpsPMQ=,HR8p/FF/Y+SyPLd5fHXM0raS9tU=
9,-44,eWSit5wzjl+IlDMTQPXB1YpsPMQ=,HR8p/FF/Y+SyPLd5fHXM0raS9tU=
9,-41,eWSit5wzjl+IlDMTQPXB1YpsPMQ=,HR8p/FF/Y+SyPLd5fHXM0raS9tU=
9,-42,eWSit5wzjl+IlDMTQPXB1YpsPMQ=,HR8p/FF/Y+SyPLd5fHXM0raS9tU=
6,-42,eWSit5wzjl+IlDMTQPXB1YpsPMQ=,BpRlNwkK2rfdTAiiHUSyZMSyMT8=
6,-41,eWSit5wzjl+IlDMTQPXB1YpsPMQ=,tYhoV5TRBIzImDwJlsLa5gBtIQk=
6,-44,eWSit5wzjl+IlDMTQPXB1YpsPMQ=,fGUH4z41h3zT3+DBFhMs9MU0Occ=
6,-43,eWSit5wzjl+IlDMTQPXB1YpsPMQ=,PKWi5q6J3yE+7HHzxIm5OXHmy3o=
6,-45,eWSit5wzjl+IlDMTQPXB1YpsPMQ=,w4k+T8w8EhKm/7kCnl1k6HO0WwQ=
6,-34,eWSit5wzjl+IlDMTQPXB1YpsPMQ=,Uypl/s+j8FsK5IJbLq5oLR/Ukkc=
6,-33,eWSit5wzjl+IlDMTQPXB1YpsPMQ=,Uypl/s+j8FsK5IJbLq5oLR/Ukkc=
6,-36,eWSit5wzjl+IlDMTQPXB1YpsPMQ=,Uypl/s+j8FsK5IJbLq5oLR/Ukkc=
6,-35,eWSit5wzjl+IlDMTQPXB1YpsPMQ=,Uypl/s+j8FsK5IJbLq5oLR/Ukkc=
6,-38,eWSit5wzjl+IlDMTQPXB1YpsPMQ=,Uypl/s+j8FsK5IJbLq5oLR/Ukkc=
6,-37,eWSit5wzjl+IlDMTQPXB1YpsPMQ=,Uypl/s+j8FsK5IJbLq5oLR/Ukkc=
6,-40,eWSit5wzjl+IlDMTQPXB1YpsPMQ=,9kNbrn+0o47fs/H/KIJh/8aPxO0=
6,-39,AfNyWQykuZG5LgFZLNZgYvWQHqE=,Uypl/s+j8FsK5IJbLq5oLR/Ukkc=
7,-41,AfNyWQykuZG5LgFZLNZgYvWQHqE=,tYhoV5TRBIzImDwJlsLa5gBtIQk=
7,-42,sxgZF+e0JiWfEQcYkDUp56RsMzI=,BpRlNwkK2rfdTAiiHUSyZMSyMT8=
7,-43,sxgZF+e0JiWfEQcYkDUp56RsMzI=,lcQnDbqNthWnRR9ob7C/t9UyUzk=
7,-44,sxgZF+e0JiWfEQcYkDUp56RsMzI=,tYhoV5TRBIzImDwJlsLa5gBtIQk=
7,-33,sxgZF+e0JiWfEQcYkDUp56RsMzI=,+JkI2vgxEE32OnL7lP3v3vZ4q0o=
7,-34,sxgZF+e0JiWfEQcYkDUp56RsMzI=,+JkI2vgxEE32OnL7lP3v3vZ4q0o=
7,-35,jyF96exhirdv9dlYWTMQ8Inqceo=,+JkI2vgxEE32OnL7lP3v3vZ4q0o=
7,-36,jyF96exhirdv9dlYWTMQ8Inqceo=,+JkI2vgxEE32OnL7lP3v3vZ4q0o=
7,-37,jyF96exhirdv9dlYWTMQ8Inqceo=,+JkI2vgxEE32OnL7lP3v3vZ4q0o=
7,-38,jyF96exhirdv9dlYWTMQ8Inqceo=,+JkI2vgxEE32OnL7lP3v3vZ4q0o=
7,-39,jyF96exhirdv9dlYWTMQ8Inqceo=,+JkI2vgxEE32OnL7lP3v3vZ4q0o=
7,-40,jyF96exhirdv9dlYWTMQ8Inqceo=,lHRQzQ1WHPbXNqIXHXjlluKH8TQ=
4,-44,I1sawQGDzHxQMtO5+Sn/nm99dog=,+0kJbGd9Dy+4VRKq+n1CC/+pMQk=
4,-43,S7nCbpELSo5Cda0q6N0EDI4FxAg=,TvhL/BFObOSKD8a1678cY/lo0Nc=
4,-42,S7nCbpELSo5Cda0q6N0EDI4FxAg=,TvhL/BFObOSKD8a1678cY/lo0Nc=
4,-41,S7nCbpELSo5Cda0q6N0EDI4FxAg=,+qZu30LRI+y2KBP0rqn9xuXxiw4=
4,-45,S7nCbpELSo5Cda0q6N0EDI4FxAg=,Z8Vsvmn4hc9QOSBkwaIhUzhdrbE=
4,-36,+SEx9kQqlToOOOYaiGO7nkwryRY=,zoGK6ZO/bLBXiedJOEXamFOQlpI=
4,-35,+SEx9kQqlToOOOYaiGO7nkwryRY=,ed8BzV3BFiLQN/oaXHbm0nHbxcA=
4,-34,+SEx9kQqlToOOOYaiGO7nkwryRY=,ed8BzV3BFiLQN/oaXHbm0nHbxcA=
4,-33,+SEx9kQqlToOOOYaiGO7nkwryRY=,qqjLvnKwNzN7d6XARzlxWTCiAmY=
4,-40,+SEx9kQqlToOOOYaiGO7nkwryRY=,X+Cz1ag7t2iBqj3xRMcyfVn+rGU=
4,-39,+SEx9kQqlToOOOYaiGO7nkwryRY=,oHmHghzNZoO84av7j6AyaM6yucA=
4,-38,+SEx9kQqlToOOOYaiGO7nkwryRY=,dN00AuK5AwwonA99do9hcTgvfQQ=
4,-37,+7pVF+3rWBJT9udHKfxG+85InSE=,dN00AuK5AwwonA99do9hcTgvfQQ=
5,-43,NnQtLqHjBdWWoz5taq3hspq/n1k=,TvhL/BFObOSKD8a1678cY/lo0Nc=
5,-44,NnQtLqHjBdWWoz5taq3hspq/n1k=,TvhL/BFObOSKD8a1678cY/lo0Nc=
5,-41,NnQtLqHjBdWWoz5taq3hspq/n1k=,+qZu30LRI+y2KBP0rqn9xuXxiw4=
5,-42,NnQtLqHjBdWWoz5taq3hspq/n1k=,BpRlNwkK2rfdTAiiHUSyZMSyMT8=
5,-45,NnQtLqHjBdWWoz5taq3hspq/n1k=,lcQnDbqNthWnRR9ob7C/t9UyUzk=
5,-35,9DCac03xuj7LXDgHhtb/gmuUAMk=,Uypl/s+j8FsK5IJbLq5oLR/Ukkc=
5,-36,9DCac03xuj7LXDgHhtb/gmuUAMk=,qqjLvnKwNzN7d6XARzlxWTCiAmY=
5,-33,9DCac03xuj7LXDgHhtb/gmuUAMk=,Uypl/s+j8FsK5IJbLq5oLR/Ukkc=
5,-34,9DCac03xuj7LXDgHhtb/gmuUAMk=,Uypl/s+j8FsK5IJbLq5oLR/Ukkc=
5,-39,9DCac03xuj7LXDgHhtb/gmuUAMk=,ILVBafoUvOSDdi/y9ITFCWoHWi4=
5,-40,9DCac03xuj7LXDgHhtb/gmuUAMk=,9kNbrn+0o47fs/H/KIJh/8aPxO0=
5,-37,9DCac03xuj7LXDgHhtb/gmuUAMk=,ed8BzV3BFiLQN/oaXHbm0nHbxcA=
5,-38,9DCac03xuj7LXDgHhtb/gmuUAMk=,ed8BzV3BFiLQN/oaXHbm0nHbxcA=
2,-42,qTAmfQu4NtjMCTKVt9qtCTLqxrw=,TvhL/BFObOSKD8a1678cY/lo0Nc=
2,-41,qTAmfQu4NtjMCTKVt9qtCTLqxrw=,BpRlNwkK2rfdTAiiHUSyZMSyMT8=
2,-44,qTAmfQu4NtjMCTKVt9qtCTLqxrw=,lcQnDbqNthWnRR9ob7C/t9UyUzk=
2,-43,qTAmfQu4NtjMCTKVt9qtCTLqxrw=,TvhL/BFObOSKD8a1678cY/lo0Nc=
2,-38,qTAmfQu4NtjMCTKVt9qtCTLqxrw=,dN00AuK5AwwonA99do9hcTgvfQQ=
2,-37,dB1dD5eAafgwtK3i6IdT84CIu4I=,dN00AuK5AwwonA99do9hcTgvfQQ=
2,-40,dB1dD5eAafgwtK3i6IdT84CIu4I=,cMdggx1KhDaiKqNd41Bhs2/zGrs=
2,-39,dB1dD5eAafgwtK3i6IdT84CIu4I=,XSzgzYLnRQkimEKEdqT8kfaYDDY=
2,-34,dB1dD5eAafgwtK3i6IdT84CIu4I=,vBCK3tbk0U99zVfQ+eMXVik2Wfw=
2,-33,dB1dD5eAafgwtK3i6IdT84CIu4I=,kljklu5WXIE3otLxIX+6drqyOG8=
2,-36,dB1dD5eAafgwtK3i6IdT84CIu4I=,kljklu5WXIE3otLxIX+6drqyOG8=
2,-35,dB1dD5eAafgwtK3i6IdT84CIu4I=,Uypl/s+j8FsK5IJbLq5oLR/Ukkc=
3,-41,MGKHukRc/nhzOdeUCtcdlnbCe44=,BpRlNwkK2rfdTAiiHUSyZMSyMT8=
3,-42,MGKHukRc/nhzOdeUCtcdlnbCe44=,TvhL/BFObOSKD8a1678cY/lo0Nc=
3,-43,MGKHukRc/nhzOdeUCtcdlnbCe44=,TvhL/BFObOSKD8a1678cY/lo0Nc=
3,-44,MGKHukRc/nhzOdeUCtcdlnbCe44=,lcQnDbqNthWnRR9ob7C/t9UyUzk=
3,-37,MGKHukRc/nhzOdeUCtcdlnbCe44=,dN00AuK5AwwonA99do9hcTgvfQQ=
3,-38,5t+2EDCogadMpwx3o4KrcGBYS5o=,dN00AuK5AwwonA99do9hcTgvfQQ=
3,-39,5t+2EDCogadMpwx3o4KrcGBYS5o=,koMKjxDu/sCmJlwc9nT073q9PYA=
3,-40,5t+2EDCogadMpwx3o4KrcGBYS5o=,bIPyj10p4qaZiXUOVH5BQ5fgelY=
3,-33,5t+2EDCogadMpwx3o4KrcGBYS5o=,kljklu5WXIE3otLxIX+6drqyOG8=
3,-34,5t+2EDCogadMpwx3o4KrcGBYS5o=,dt8diHDUhqoxMjzuPIqKfgQqqz0=
3,-35,5t+2EDCogadMpwx3o4KrcGBYS5o=,6qHGIWS9trRvUjCFOqmIdLAhC/I=
3,-36,5t+2EDCogadMpwx3o4KrcGBYS5o=,FWIUFXtP7a5iuUYfMeeliVp51OY=
0,-44,9WktV+DegE6jQ+/yhHr6Imi7ZII=,Z8Vsvmn4hc9QOSBkwaIhUzhdrbE=
0,-43,9WktV+DegE6jQ+/yhHr6Imi7ZII=,fDjGYnX42JUqK652vudZRv3W+kY=
0,-42,9WktV+DegE6jQ+/yhHr6Imi7ZII=,fDjGYnX42JUqK652vudZRv3W+kY=
0,-41,9WktV+DegE6jQ+/yhHr6Imi7ZII=,7tDuO/2ckhKfasJHazIIyRvukSg=
0,-40,9WktV+DegE6jQ+/yhHr6Imi7ZII=,cMdggx1KhDaiKqNd41Bhs2/zGrs=
0,-39,9WktV+DegE6jQ+/yhHr6Imi7ZII=,bIPyj10p4qaZiXUOVH5BQ5fgelY=
0,-38,GKCAHss0hz6xkMYx2XznDfz8Pyw=,GxMqr11Anb93gFcUMTvomXN0z3M=
0,-37,GKCAHss0hz6xkMYx2XznDfz8Pyw=,cMdggx1KhDaiKqNd41Bhs2/zGrs=
0,-36,GKCAHss0hz6xkMYx2XznDfz8Pyw=,9kNbrn+0o47fs/H/KIJh/8aPxO0=
0,-35,GKCAHss0hz6xkMYx2XznDfz8Pyw=,FU24JGLMdz0iWGfolaKl2vEIJWs=
0,-34,GKCAHss0hz6xkMYx2XznDfz8Pyw=,FU24JGLMdz0iWGfolaKl2vEIJWs=
0,-33,GKCAHss0hz6xkMYx2XznDfz8Pyw=,YgfXwbE00sACUTMmGVfcTWiDzK0=
1,-43,9WNMG0YvvhsMwuoT4qkkmZyqZ3U=,TvhL/BFObOSKD8a1678cY/lo0Nc=
1,-44,9WNMG0YvvhsMwuoT4qkkmZyqZ3U=,lcQnDbqNthWnRR9ob7C/t9UyUzk=
1,-41,9WNMG0YvvhsMwuoT4qkkmZyqZ3U=,BpRlNwkK2rfdTAiiHUSyZMSyMT8=
1,-42,9WNMG0YvvhsMwuoT4qkkmZyqZ3U=,TvhL/BFObOSKD8a1678cY/lo0Nc=
1,-39,9WNMG0YvvhsMwuoT4qkkmZyqZ3U=,XSzgzYLnRQkimEKEdqT8kfaYDDY=
1,-40,9WNMG0YvvhsMwuoT4qkkmZyqZ3U=,cMdggx1KhDaiKqNd41Bhs2/zGrs=
1,-37,9WNMG0YvvhsMwuoT4qkkmZyqZ3U=,eouOLcXSXp3iplhHT7h4VCalhL8=
1,-38,QCc7NLlgZW+qruqHT73QsEy6ivU=,PERCsZGjO2G7dJwqBJB+3zcVrjM=
1,-35,QCc7NLlgZW+qruqHT73QsEy6ivU=,Uypl/s+j8FsK5IJbLq5oLR/Ukkc=
1,-36,QCc7NLlgZW+qruqHT73QsEy6ivU=,VRK5HxPSw/1YfC9ZzoFy6NzaULw=
1,-33,QCc7NLlgZW+qruqHT73QsEy6ivU=,mbMDnzp4BfEYaZVpM78Z55Ap7ok=
1,-34,QCc7NLlgZW+qruqHT73QsEy6ivU=,KITUnc2hcRuWHPPzYETuCBMfPvo=
