32,0,Si3z0jvKI+Uz8mLI3O6CvqYRAWc=,gxJbs7jcNQaYgeDBeV/3+v12zq0=
32,1,Si3z0jvKI+Uz8mLI3O6CvqYRAWc=,gxJbs7jcNQaYgeDBeV/3+v12zq0=
32,2,Si3z0jvKI+Uz8mLI3O6CvqYRAWc=,gxJbs7jcNQaYgeDBeV/3+v12zq0=
32,3,Si3z0jvKI+Uz8mLI3O6CvqYRAWc=,gxJbs7jcNQaYgeDBeV/3+v12zq0=
32,4,Si3z0jvKI+Uz8mLI3O6CvqYRAWc=,gxJbs7jcNQaYgeDBeV/3+v12zq0=
32,5,Si3z0jvKI+Uz8mLI3O6CvqYRAWc=,gxJbs7jcNQaYgeDBeV/3+v12zq0=
32,6,Si3z0jvKI+Uz8mLI3O6CvqYRAWc=,gxJbs7jcNQaYgeDBeV/3+v12zq0=
32,7,Si3z0jvKI+Uz8mLI3O6CvqYRAWc=,gxJbs7jcNQaYgeDBeV/3+v12zq0=
32,8,Si3z0jvKI+Uz8mLI3O6CvqYRAWc=,PKJrNFskr6iGhcpp4YZUqgtBSyo=
32,9,Si3z0jvKI+Uz8mLI3O6CvqYRAWc=,xqF9PYShSsNoU4WQ07/z+pWklT8=
32,10,Si3z0jvKI+Uz8mLI3O6CvqYRAWc=,xqF9PYShSsNoU4WQ07/z+pWklT8=
32,11,Si3z0jvKI+Uz8mLI3O6CvqYRAWc=,xqF9PYShSsNoU4WQ07/z+pWklT8=
32,12,Si3z0jvKI+Uz8mLI3O6CvqYRAWc=,xqF9PYShSsNoU4WQ07/z+pWklT8=
32,13,Si3z0jvKI+Uz8mLI3O6CvqYRAWc=,kz8NJQ5pXWEz9WtSiLRMW2o8QXU=
32,14,Si3z0jvKI+Uz8mLI3O6CvqYRAWc=,CKHeJgRvzZCtQStttEKlFjyMGlI=
32,15,Si3z0jvKI+Uz8mLI3O6CvqYRAWc=,CKHeJgRvzZCtQStttEKlFjyMGlI=
32,16,Si3z0jvKI+Uz8mLI3O6CvqYRAWc=,//eOAwzqa/OJzBM1RQKdAddUnPo=
32,17,Si3z0jvKI+Uz8mLI3O6CvqYRAWc=,//eOAwzqa/OJzBM1RQKdAddUnPo=
32,18,Si3z0jvKI+Uz8mLI3O6CvqYRAWc=,H25NEgXa1WWVoXF9OG5nLC9I/Tk=
32,19,Si3z0jvKI+Uz8mLI3O6CvqYRAWc=,6osA5MGhUr9ev6fMVTc58hkW7Sg=
32,20,Si3z0jvKI+Uz8mLI3O6CvqYRAWc=,R5GCO4VYoO8LRSoB8wxK/9TgDpU=
32,21,Si3z0jvKI+Uz8mLI3O6CvqYRAWc=,//eOAwzqa/OJzBM1RQKdAddUnPo=
32,22,Si3z0jvKI+Uz8mLI3O6CvqYRAWc=,//eOAwzqa/OJzBM1RQKdAddUnPo=
32,23,Si3z0jvKI+Uz8mLI3O6CvqYRAWc=,//eOAwzqa/OJzBM1RQKdAddUnPo=
32,24,Si3z0jvKI+Uz8mLI3O6CvqYRAWc=,Y/fxXdHDdH+kE9zOIOcXZP52ShU=
32,25,Si3z0jvKI+Uz8mLI3O6CvqYRAWc=,GoiiEYoTIXwY5/QtOMmedMN+Izg=
32,26,Si3z0jvKI+Uz8mLI3O6CvqYRAWc=,PxtkLIvlZEcxCVg3+03yKAm4ecQ=
32,27,Si3z0jvKI+Uz8mLI3O6CvqYRAWc=,PxtkLIvlZEcxCVg3+03yKAm4ecQ=
32,28,Si3z0jvKI+Uz8mLI3O6CvqYRAWc=,PxtkLIvlZEcxCVg3+03yKAm4ecQ=
32,29,Si3z0jvKI+Uz8mLI3O6CvqYRAWc=,f2dsZcF4X0BoIDC8e4I91VuKvng=
32,30,Si3z0jvKI+Uz8mLI3O6CvqYRAWc=,Y/fxXdHDdH+kE9zOIOcXZP52ShU=
32,31,Si3z0jvKI+Uz8mLI3O6CvqYRAWc=,Y/fxXdHDdH+kE9zOIOcXZP52ShU=
33,1,Si3z0jvKI+Uz8mLI3O6CvqYRAWc=,gxJbs7jcNQaYgeDBeV/3+v12zq0=
33,0,Si3z0jvKI+Uz8mLI3O6CvqYRAWc=,gxJbs7jcNQaYgeDBeV/3+v12zq0=
33,3,Si3z0jvKI+Uz8mLI3O6CvqYRAWc=,gxJbs7jcNQaYgeDBeV/3+v12zq0=
33,2,qsdwB9aX7t6uEUdJqecQrlr6yAI=,gxJbs7jcNQaYgeDBeV/3+v12zq0=
33,5,qsdwB9aX7t6uEUdJqecQrlr6yAI=,gxJbs7jcNQaYgeDBeV/3+v12zq0=
33,4,qsdwB9aX7t6uEUdJqecQrlr6yAI=,gxJbs7jcNQaYgeDBeV/3+v12zq0=
33,7,qsdwB9aX7t6uEUdJqecQrlr6yAI=,gxJbs7jcNQaYgeDBeV/3+v12zq0=
33,6,qsdwB9aX7t6uEUdJqecQrlr6yAI=,gxJbs7jcNQaYgeDBeV/3+v12zq0=
33,9,qsdwB9aX7t6uEUdJqecQrlr6yAI=,UNdQG1Nubqzl0o0Pf/QB1lZgVYs=
33,8,qsdwB9aX7t6uEUdJqecQrlr6yAI=,g/1+ABnHbdQuRXOP7tnYyTwgtmM=
33,11,qsdwB9aX7t6uEUdJqecQrlr6yAI=,UNdQG1Nubqzl0o0Pf/QB1lZgVYs=
33,10,qsdwB9aX7t6uEUdJqecQrlr6yAI=,UNdQG1Nubqzl0o0Pf/QB1lZgVYs=
33,13,qsdwB9aX7t6uEUdJqecQrlr6yAI=,1Ok3vu3aIDNf0kLkpjkI4wmOXZ0=
33,12,qsdwB9aX7t6uEUdJqecQrlr6yAI=,UNdQG1Nubqzl0o0Pf/QB1lZgVYs=
33,15,qsdwB9aX7t6uEUdJqecQrlr6yAI=,CKHeJgRvzZCtQStttEKlFjyMGlI=
33,14,qsdwB9aX7t6uEUdJqecQrlr6yAI=,kz8NJQ5pXWEz9WtSiLRMW2o8QXU=
33,17,qsdwB9aX7t6uEUdJqecQrlr6yAI=,//eOAwzqa/OJzBM1RQKdAddUnPo=
33,16,qsdwB9aX7t6uEUdJqecQrlr6yAI=,//eOAwzqa/OJzBM1RQKdAddUnPo=
33,19,qsdwB9aX7t6uEUdJqecQrlr6yAI=,uKwTzxy240lmLsLDNHIVApRhZc8=
33,18,qsdwB9aX7t6uEUdJqecQrlr6yAI=,ZLbfkaphixHDsb8QA3dFB9G5pZ4=
33,21,qsdwB9aX7t6uEUdJqecQrlr6yAI=,//eOAwzqa/OJzBM1RQKdAddUnPo=
33,20,qsdwB9aX7t6uEUdJqecQrlr6yAI=,dqczn4EkemiTah0dn6KKrrHsKng=
33,23,qsdwB9aX7t6uEUdJqecQrlr6yAI=,//eOAwzqa/OJzBM1RQKdAddUnPo=
33,22,qsdwB9aX7t6uEUdJqecQrlr6yAI=,//eOAwzqa/OJzBM1RQKdAddUnPo=
33,25,qsdwB9aX7t6uEUdJqecQrlr6yAI=,hq2OuGoiHmE0KDCL17ZeAgp+2tM=
33,24,qsdwB9aX7t6uEUdJqecQrlr6yAI=,Y/fxXdHDdH+kE9zOIOcXZP52ShU=
33,27,qsdwB9aX7t6uEUdJqecQrlr6yAI=,a8OR3MFTXbfVj+XSsJATA2UTWF4=
33,26,qsdwB9aX7t6uEUdJqecQrlr6yAI=,a8OR3MFTXbfVj+XSsJATA2UTWF4=
33,29,qsdwB9aX7t6uEUdJqecQrlr6yAI=,5BJP41hBfBMksxBaFoJgrLgMTvU=
33,28,qsdwB9aX7t6uEUdJqecQrlr6yAI=,Msg9oOVZopR4pEnlndstjXdGxJ8=
33,31,qsdwB9aX7t6uEUdJqecQrlr6yAI=,Y/fxXdHDdH+kE9zOIOcXZP52ShU=
33,30,qsdwB9aX7t6uEUdJqecQrlr6yAI=,Y/fxXdHDdH+kE9zOIOcXZP52ShU=
34,2,qsdwB9aX7t6uEUdJqecQrlr6yAI=,gxJbs7jcNQaYgeDBeV/3+v12zq0=
34,3,qsdwB9aX7t6uEUdJqecQrlr6yAI=,gxJbs7jcNQaYgeDBeV/3+v12zq0=
34,0,qsdwB9aX7t6uEUdJqecQrlr6yAI=,gxJbs7jcNQaYgeDBeV/3+v12zq0=
34,1,qsdwB9aX7t6uEUdJqecQrlr6yAI=,gxJbs7jcNQaYgeDBeV/3+v12zq0=
34,6,qsdwB9aX7t6uEUdJqecQrlr6yAI=,gxJbs7jcNQaYgeDBeV/3+v12zq0=
34,7,qsdwB9aX7t6uEUdJqecQrlr6yAI=,gxJbs7jcNQaYgeDBeV/3+v12zq0=
34,4,qsdwB9aX7t6uEUdJqecQrlr6yAI=,gxJbs7jcNQaYgeDBeV/3+v12zq0=
34,5,qsdwB9aX7t6uEUdJqecQrlr6yAI=,gxJbs7jcNQaYgeDBeV/3+v12zq0=
34,10,qsdwB9aX7t6uEUdJqecQrlr6yAI=,UNdQG1Nubqzl0o0Pf/QB1lZgVYs=
34,11,qsdwB9aX7t6uEUdJqecQrlr6yAI=,UNdQG1Nubqzl0o0Pf/QB1lZgVYs=
34,8,qsdwB9aX7t6uEUdJqecQrlr6yAI=,LplPxhFL9e7DTXH/XxzpZAubKjc=
34,9,qsdwB9aX7t6uEUdJqecQrlr6yAI=,bWkicEh8MwIs+JnQMQ0AfQ1xgIc=
34,14,qsdwB9aX7t6uEUdJqecQrlr6yAI=,1Ok3vu3aIDNf0kLkpjkI4wmOXZ0=
34,15,qsdwB9aX7t6uEUdJqecQrlr6yAI=,UNdQG1Nubqzl0o0Pf/QB1lZgVYs=
34,12,qsdwB9aX7t6uEUdJqecQrlr6yAI=,UNdQG1Nubqzl0o0Pf/QB1lZgVYs=
34,13,qsdwB9aX7t6uEUdJqecQrlr6yAI=,UNdQG1Nubqzl0o0Pf/QB1lZgVYs=
34,18,qsdwB9aX7t6uEUdJqecQrlr6yAI=,//eOAwzqa/OJzBM1RQKdAddUnPo=
34,19,qsdwB9aX7t6uEUdJqecQrlr6yAI=,iQzCCf7S5z4mSOZRX9S35iTuUwc=
34,16,qsdwB9aX7t6uEUdJqecQrlr6yAI=,//eOAwzqa/OJzBM1RQKdAddUnPo=
34,17,qsdwB9aX7t6uEUdJqecQrlr6yAI=,//eOAwzqa/OJzBM1RQKdAddUnPo=
34,22,qsdwB9aX7t6uEUdJqecQrlr6yAI=,//eOAwzqa/OJzBM1RQKdAddUnPo=
34,23,qsdwB9aX7t6uEUdJqecQrlr6yAI=,//eOAwzqa/OJzBM1RQKdAddUnPo=
34,20,qsdwB9aX7t6uEUdJqecQrlr6yAI=,dqczn4EkemiTah0dn6KKrrHsKng=
34,21,Evxh0mafGkqR6Tcvty4cMuE+bM0=,//eOAwzqa/OJzBM1RQKdAddUnPo=
34,26,Evxh0mafGkqR6Tcvty4cMuE+bM0=,Y/fxXdHDdH+kE9zOIOcXZP52ShU=
34,27,Evxh0mafGkqR6Tcvty4cMuE+bM0=,Y/fxXdHDdH+kE9zOIOcXZP52ShU=
34,24,Evxh0mafGkqR6Tcvty4cMuE+bM0=,Y/fxXdHDdH+kE9zOIOcXZP52ShU=
34,25,Evxh0mafGkqR6Tcvty4cMuE+bM0=,Y/fxXdHDdH+kE9zOIOcXZP52ShU=
34,30,Evxh0mafGkqR6Tcvty4cMuE+bM0=,Y/fxXdHDdH+kE9zOIOcXZP52ShU=
34,31,Evxh0mafGkqR6Tcvty4cMuE+bM0=,Y/fxXdHDdH+kE9zOIOcXZP52ShU=
34,28,Evxh0mafGkqR6Tcvty4cMuE+bM0=,Me6hDBPzG8s0RxqWCEtwDMEMlRQ=
34,29,Evxh0mafGkqR6Tcvty4cMuE+bM0=,5BJP41hBfBMksxBaFoJgrLgMTvU=
35,3,Evxh0mafGkqR6Tcvty4cMuE+bM0=,w2wnlvNCXj/hrXcmmBxDpcJBGqw=
35,2,Evxh0mafGkqR6Tcvty4cMuE+bM0=,gxJbs7jcNQaYgeDBeV/3+v12zq0=
35,1,Evxh0mafGkqR6Tcvty4cMuE+bM0=,gxJbs7jcNQaYgeDBeV/3+v12zq0=
35,0,Evxh0mafGkqR6Tcvty4cMuE+bM0=,gxJbs7jcNQaYgeDBeV/3+v12zq0=
35,7,Evxh0mafGkqR6Tcvty4cMuE+bM0=,gxJbs7jcNQaYgeDBeV/3+v12zq0=
35,6,Evxh0mafGkqR6Tcvty4cMuE+bM0=,HC9J27Ss+uCsRPNfYl4I13SYcsg=
35,5,Evxh0mafGkqR6Tcvty4cMuE+bM0=,dULZSIHs19tueFriysLpX2/s/CU=
35,4,Evxh0mafGkqR6Tcvty4cMuE+bM0=,dULZSIHs19tueFriysLpX2/s/CU=
35,11,Evxh0mafGkqR6Tcvty4cMuE+bM0=,JDsc89QFxoaj3ydAcDYHmfdw/wc=
35,10,Evxh0mafGkqR6Tcvty4cMuE+bM0=,Pv9unO2CQZk5xn3AAhKuGu+Fzis=
35,9,Evxh0mafGkqR6Tcvty4cMuE+bM0=,Y0DY5baDcuZ+ehxn9qwjxuLSS1w=
35,8,Evxh0mafGkqR6Tcvty4cMuE+bM0=,CKHeJgRvzZCtQStttEKlFjyMGlI=
35,15,Evxh0mafGkqR6Tcvty4cMuE+bM0=,NPKnd9qdJOTPTe5r+mqvYeoU1DA=
35,14,Evxh0mafGkqR6Tcvty4cMuE+bM0=,UNdQG1Nubqzl0o0Pf/QB1lZgVYs=
35,13,Evxh0mafGkqR6Tcvty4cMuE+bM0=,UNdQG1Nubqzl0o0Pf/QB1lZgVYs=
35,12,Evxh0mafGkqR6Tcvty4cMuE+bM0=,UNdQG1Nubqzl0o0Pf/QB1lZgVYs=
35,19,Evxh0mafGkqR6Tcvty4cMuE+bM0=,ZLbfkaphixHDsb8QA3dFB9G5pZ4=
35,18,Evxh0mafGkqR6Tcvty4cMuE+bM0=,//eOAwzqa/OJzBM1RQKdAddUnPo=
35,17,Evxh0mafGkqR6Tcvty4cMuE+bM0=,//eOAwzqa/OJzBM1RQKdAddUnPo=
35,16,Evxh0mafGkqR6Tcvty4cMuE+bM0=,//eOAwzqa/OJzBM1RQKdAddUnPo=
35,23,Evxh0mafGkqR6Tcvty4cMuE+bM0=,R5GCO4VYoO8LRSoB8wxK/9TgDpU=
35,22,Evxh0mafGkqR6Tcvty4cMuE+bM0=,6osA5MGhUr9ev6fMVTc58hkW7Sg=
35,21,Evxh0mafGkqR6Tcvty4cMuE+bM0=,6osA5MGhUr9ev6fMVTc58hkW7Sg=
35,20,Evxh0mafGkqR6Tcvty4cMuE+bM0=,gI7oJyTttjLABl4pPI55YTC5nBk=
35,27,Evxh0mafGkqR6Tcvty4cMuE+bM0=,Y/fxXdHDdH+kE9zOIOcXZP52ShU=
35,26,Evxh0mafGkqR6Tcvty4cMuE+bM0=,Y/fxXdHDdH+kE9zOIOcXZP52ShU=
35,25,Evxh0mafGkqR6Tcvty4cMuE+bM0=,Y/fxXdHDdH+kE9zOIOcXZP52ShU=
35,24,Evxh0mafGkqR6Tcvty4cMuE+bM0=,Y/fxXdHDdH+kE9zOIOcXZP52ShU=
35,31,Evxh0mafGkqR6Tcvty4cMuE+bM0=,Y/fxXdHDdH+kE9zOIOcXZP52ShU=
35,30,Evxh0mafGkqR6Tcvty4cMuE+bM0=,Y/fxXdHDdH+kE9zOIOcXZP52ShU=
35,29,Evxh0mafGkqR6Tcvty4cMuE+bM0=,5BJP41hBfBMksxBaFoJgrLgMTvU=
35,28,Evxh0mafGkqR6Tcvty4cMuE+bM0=,Me6hDBPzG8s0RxqWCEtwDMEMlRQ=
36,4,Evxh0mafGkqR6Tcvty4cMuE+bM0=,W9XpJo3F82CGJ48WdI2a+EBipio=
36,5,Evxh0mafGkqR6Tcvty4cMuE+bM0=,W9XpJo3F82CGJ48WdI2a+EBipio=
36,6,Evxh0mafGkqR6Tcvty4cMuE+bM0=,asRUBTblrw0ZIrYCSr1bG0wfUuc=
36,7,Evxh0mafGkqR6Tcvty4cMuE+bM0=,gxJbs7jcNQaYgeDBeV/3+v12zq0=
36,0,Evxh0mafGkqR6Tcvty4cMuE+bM0=,gxJbs7jcNQaYgeDBeV/3+v12zq0=
36,1,Evxh0mafGkqR6Tcvty4cMuE+bM0=,gxJbs7jcNQaYgeDBeV/3+v12zq0=
36,2,Evxh0mafGkqR6Tcvty4cMuE+bM0=,gxJbs7jcNQaYgeDBeV/3+v12zq0=
36,3,Evxh0mafGkqR6Tcvty4cMuE+bM0=,qmxWJ0NctloWITUgwEHksDNqKRA=
36,12,6h+aX6dPOZeoi6ujVL3AqHeLJuU=,UNdQG1Nubqzl0o0Pf/QB1lZgVYs=
36,13,6h+aX6dPOZeoi6ujVL3AqHeLJuU=,UNdQG1Nubqzl0o0Pf/QB1lZgVYs=
36,14,6h+aX6dPOZeoi6ujVL3AqHeLJuU=,UNdQG1Nubqzl0o0Pf/QB1lZgVYs=
36,15,6h+aX6dPOZeoi6ujVL3AqHeLJuU=,kMASuXE1s73zFxowHLaJFpLvxpQ=
36,8,6h+aX6dPOZeoi6ujVL3AqHeLJuU=,CKHeJgRvzZCtQStttEKlFjyMGlI=
36,9,6h+aX6dPOZeoi6ujVL3AqHeLJuU=,GoeSfIVmsM/z4qiZzBV6jC6OyOU=
36,10,6h+aX6dPOZeoi6ujVL3AqHeLJuU=,Eaes803xmFvjfwl/tRTdF7N+CFk=
36,11,6h+aX6dPOZeoi6ujVL3AqHeLJuU=,v21wRbtuP2Z1QzFk4uVycm+ggrA=
36,20,6h+aX6dPOZeoi6ujVL3AqHeLJuU=,iQzCCf7S5z4mSOZRX9S35iTuUwc=
36,21,6h+aX6dPOZeoi6ujVL3AqHeLJuU=,CKHeJgRvzZCtQStttEKlFjyMGlI=
36,22,6h+aX6dPOZeoi6ujVL3AqHeLJuU=,CKHeJgRvzZCtQStttEKlFjyMGlI=
36,23,6h+aX6dPOZeoi6ujVL3AqHeLJuU=,dqczn4EkemiTah0dn6KKrrHsKng=
36,16,6h+aX6dPOZeoi6ujVL3AqHeLJuU=,//eOAwzqa/OJzBM1RQKdAddUnPo=
36,17,6h+aX6dPOZeoi6ujVL3AqHeLJuU=,//eOAwzqa/OJzBM1RQKdAddUnPo=
36,18,6h+aX6dPOZeoi6ujVL3AqHeLJuU=,//eOAwzqa/OJzBM1RQKdAddUnPo=
36,19,6h+aX6dPOZeoi6ujVL3AqHeLJuU=,//eOAwzqa/OJzBM1RQKdAddUnPo=
36,28,6h+aX6dPOZeoi6ujVL3AqHeLJuU=,Me6hDBPzG8s0RxqWCEtwDMEMlRQ=
36,29,6h+aX6dPOZeoi6ujVL3AqHeLJuU=,5BJP41hBfBMksxBaFoJgrLgMTvU=
36,30,6h+aX6dPOZeoi6ujVL3AqHeLJuU=,Y/fxXdHDdH+kE9zOIOcXZP52ShU=
36,31,6h+aX6dPOZeoi6ujVL3AqHeLJuU=,Y/fxXdHDdH+kE9zOIOcXZP52ShU=
36,24,6h+aX6dPOZeoi6ujVL3AqHeLJuU=,Y/fxXdHDdH+kE9zOIOcXZP52ShU=
36,25,6h+aX6dPOZeoi6ujVL3AqHeLJuU=,Y/fxXdHDdH+kE9zOIOcXZP52ShU=
36,26,6h+aX6dPOZeoi6ujVL3AqHeLJuU=,Y/fxXdHDdH+kE9zOIOcXZP52ShU=
36,27,6h+aX6dPOZeoi6ujVL3AqHeLJuU=,Y/fxXdHDdH+kE9zOIOcXZP52ShU=
37,5,6h+aX6dPOZeoi6ujVL3AqHeLJuU=,bmUZQYjrS2AFMI9w3z6CxidPwzA=
37,4,6h+aX6dPOZeoi6ujVL3AqHeLJuU=,UDjkbsYHfQbAatJTjCvCIT6LO3o=
37,7,6h+aX6dPOZeoi6ujVL3AqHeLJuU=,gxJbs7jcNQaYgeDBeV/3+v12zq0=
37,6,6h+aX6dPOZeoi6ujVL3AqHeLJuU=,UwFGQYxWjvLQU/+968dlwfzY3fc=
37,1,6h+aX6dPOZeoi6ujVL3AqHeLJuU=,w2wnlvNCXj/hrXcmmBxDpcJBGqw=
37,0,6h+aX6dPOZeoi6ujVL3AqHeLJuU=,gxJbs7jcNQaYgeDBeV/3+v12zq0=
37,3,6h+aX6dPOZeoi6ujVL3AqHeLJuU=,PqbdacTpEd4JLCrMMd3OYWSLnXc=
37,2,6h+aX6dPOZeoi6ujVL3AqHeLJuU=,dULZSIHs19tueFriysLpX2/s/CU=
37,13,6h+aX6dPOZeoi6ujVL3AqHeLJuU=,UNdQG1Nubqzl0o0Pf/QB1lZgVYs=
37,12,6h+aX6dPOZeoi6ujVL3AqHeLJuU=,UNdQG1Nubqzl0o0Pf/QB1lZgVYs=
37,15,6h+aX6dPOZeoi6ujVL3AqHeLJuU=,kMASuXE1s73zFxowHLaJFpLvxpQ=
37,14,6h+aX6dPOZeoi6ujVL3AqHeLJuU=,UNdQG1Nubqzl0o0Pf/QB1lZgVYs=
37,9,6h+aX6dPOZeoi6ujVL3AqHeLJuU=,5a74O26/PB/g5ACmNmFVF/EbhmI=
37,8,6h+aX6dPOZeoi6ujVL3AqHeLJuU=,PKJrNFskr6iGhcpp4YZUqgtBSyo=
37,11,6h+aX6dPOZeoi6ujVL3AqHeLJuU=,UNdQG1Nubqzl0o0Pf/QB1lZgVYs=
37,10,6h+aX6dPOZeoi6ujVL3AqHeLJuU=,UNdQG1Nubqzl0o0Pf/QB1lZgVYs=
37,21,6h+aX6dPOZeoi6ujVL3AqHeLJuU=,CKHeJgRvzZCtQStttEKlFjyMGlI=
37,20,6h+aX6dPOZeoi6ujVL3AqHeLJuU=,iQzCCf7S5z4mSOZRX9S35iTuUwc=
37,23,6h+aX6dPOZeoi6ujVL3AqHeLJuU=,dqczn4EkemiTah0dn6KKrrHsKng=
37,22,6h+aX6dPOZeoi6ujVL3AqHeLJuU=,CKHeJgRvzZCtQStttEKlFjyMGlI=
37,17,6h+aX6dPOZeoi6ujVL3AqHeLJuU=,//eOAwzqa/OJzBM1RQKdAddUnPo=
37,16,6h+aX6dPOZeoi6ujVL3AqHeLJuU=,//eOAwzqa/OJzBM1RQKdAddUnPo=
37,19,6h+aX6dPOZeoi6ujVL3AqHeLJuU=,//eOAwzqa/OJzBM1RQKdAddUnPo=
37,18,6h+aX6dPOZeoi6ujVL3AqHeLJuU=,//eOAwzqa/OJzBM1RQKdAddUnPo=
37,29,6h+aX6dPOZeoi6ujVL3AqHeLJuU=,5BJP41hBfBMksxBaFoJgrLgMTvU=
37,28,6h+aX6dPOZeoi6ujVL3AqHeLJuU=,hNpC4AleprXbkMQFia3Y8P4bV0w=
37,31,6h+aX6dPOZeoi6ujVL3AqHeLJuU=,Y/fxXdHDdH+kE9zOIOcXZP52ShU=
37,30,6h+aX6dPOZeoi6ujVL3AqHeLJuU=,Y/fxXdHDdH+kE9zOIOcXZP52ShU=
37,25,6h+aX6dPOZeoi6ujVL3AqHeLJuU=,Y/fxXdHDdH+kE9zOIOcXZP52ShU=
37,24,6h+aX6dPOZeoi6ujVL3AqHeLJuU=,Y/fxXdHDdH+kE9zOIOcXZP52ShU=
37,27,6h+aX6dPOZeoi6ujVL3AqHeLJuU=,PxtkLIvlZEcxCVg3+03yKAm4ecQ=
37,26,6h+aX6dPOZeoi6ujVL3AqHeLJuU=,GoiiEYoTIXwY5/QtOMmedMN+Izg=
38,6,6h+aX6dPOZeoi6ujVL3AqHeLJuU=,gxJbs7jcNQaYgeDBeV/3+v12zq0=
38,7,p8SpL2kupF0Kbg88RKcVNWP3Sh8=,gxJbs7jcNQaYgeDBeV/3+v12zq0=
38,4,p8SpL2kupF0Kbg88RKcVNWP3Sh8=,UwFGQYxWjvLQU/+968dlwfzY3fc=
38,5,p8SpL2kupF0Kbg88RKcVNWP3Sh8=,gxJbs7jcNQaYgeDBeV/3+v12zq0=
38,2,p8SpL2kupF0Kbg88RKcVNWP3Sh8=,W9XpJo3F82CGJ48WdI2a+EBipio=
38,3,p8SpL2kupF0Kbg88RKcVNWP3Sh8=,UDjkbsYHfQbAatJTjCvCIT6LO3o=
38,0,p8SpL2kupF0Kbg88RKcVNWP3Sh8=,w2wnlvNCXj/hrXcmmBxDpcJBGqw=
38,1,p8SpL2kupF0Kbg88RKcVNWP3Sh8=,PqbdacTpEd4JLCrMMd3OYWSLnXc=
38,14,p8SpL2kupF0Kbg88RKcVNWP3Sh8=,UNdQG1Nubqzl0o0Pf/QB1lZgVYs=
38,15,p8SpL2kupF0Kbg88RKcVNWP3Sh8=,kMASuXE1s73zFxowHLaJFpLvxpQ=
38,12,p8SpL2kupF0Kbg88RKcVNWP3Sh8=,UNdQG1Nubqzl0o0Pf/QB1lZgVYs=
38,13,p8SpL2kupF0Kbg88RKcVNWP3Sh8=,UNdQG1Nubqzl0o0Pf/QB1lZgVYs=
38,10,p8SpL2kupF0Kbg88RKcVNWP3Sh8=,UNdQG1Nubqzl0o0Pf/QB1lZgVYs=
38,11,p8SpL2kupF0Kbg88RKcVNWP3Sh8=,UNdQG1Nubqzl0o0Pf/QB1lZgVYs=
38,8,p8SpL2kupF0Kbg88RKcVNWP3Sh8=,g/1+ABnHbdQuRXOP7tnYyTwgtmM=
38,9,p8SpL2kupF0Kbg88RKcVNWP3Sh8=,UNdQG1Nubqzl0o0Pf/QB1lZgVYs=
38,22,p8SpL2kupF0Kbg88RKcVNWP3Sh8=,CKHeJgRvzZCtQStttEKlFjyMGlI=
38,23,p8SpL2kupF0Kbg88RKcVNWP3Sh8=,dqczn4EkemiTah0dn6KKrrHsKng=
38,20,p8SpL2kupF0Kbg88RKcVNWP3Sh8=,AUGq+0clTi0iMmTaykhrkms50/s=
38,21,p8SpL2kupF0Kbg88RKcVNWP3Sh8=,CKHeJgRvzZCtQStttEKlFjyMGlI=
38,18,p8SpL2kupF0Kbg88RKcVNWP3Sh8=,6osA5MGhUr9ev6fMVTc58hkW7Sg=
38,19,p8SpL2kupF0Kbg88RKcVNWP3Sh8=,6osA5MGhUr9ev6fMVTc58hkW7Sg=
38,16,p8SpL2kupF0Kbg88RKcVNWP3Sh8=,H25NEgXa1WWVoXF9OG5nLC9I/Tk=
38,17,p8SpL2kupF0Kbg88RKcVNWP3Sh8=,6osA5MGhUr9ev6fMVTc58hkW7Sg=
38,30,p8SpL2kupF0Kbg88RKcVNWP3Sh8=,Y/fxXdHDdH+kE9zOIOcXZP52ShU=
38,31,p8SpL2kupF0Kbg88RKcVNWP3Sh8=,Y/fxXdHDdH+kE9zOIOcXZP52ShU=
38,28,p8SpL2kupF0Kbg88RKcVNWP3Sh8=,a8OR3MFTXbfVj+XSsJATA2UTWF4=
38,29,p8SpL2kupF0Kbg88RKcVNWP3Sh8=,Z1UHIa1FFfi7ojpUfDIny2OlxLs=
38,26,p8SpL2kupF0Kbg88RKcVNWP3Sh8=,hq2OuGoiHmE0KDCL17ZeAgp+2tM=
38,27,p8SpL2kupF0Kbg88RKcVNWP3Sh8=,a8OR3MFTXbfVj+XSsJATA2UTWF4=
38,24,p8SpL2kupF0Kbg88RKcVNWP3Sh8=,Y/fxXdHDdH+kE9zOIOcXZP52ShU=
38,25,p8SpL2kupF0Kbg88RKcVNWP3Sh8=,Y/fxXdHDdH+kE9zOIOcXZP52ShU=
39,7,p8SpL2kupF0Kbg88RKcVNWP3Sh8=,gxJbs7jcNQaYgeDBeV/3+v12zq0=
39,6,p8SpL2kupF0Kbg88RKcVNWP3Sh8=,gxJbs7jcNQaYgeDBeV/3+v12zq0=
39,5,p8SpL2kupF0Kbg88RKcVNWP3Sh8=,gxJbs7jcNQaYgeDBeV/3+v12zq0=
39,4,p8SpL2kupF0Kbg88RKcVNWP3Sh8=,gxJbs7jcNQaYgeDBeV/3+v12zq0=
39,3,p8SpL2kupF0Kbg88RKcVNWP3Sh8=,UwFGQYxWjvLQU/+968dlwfzY3fc=
39,2,p8SpL2kupF0Kbg88RKcVNWP3Sh8=,bmUZQYjrS2AFMI9w3z6CxidPwzA=
39,1,p8SpL2kupF0Kbg88RKcVNWP3Sh8=,bmUZQYjrS2AFMI9w3z6CxidPwzA=
39,0,p8SpL2kupF0Kbg88RKcVNWP3Sh8=,bTk0eLWrwq5bhH4gATHdfik7xnU=
39,15,p8SpL2kupF0Kbg88RKcVNWP3Sh8=,3HU9AhCepQpCdG+teU9uwHSaVhM=
39,14,p8SpL2kupF0Kbg88RKcVNWP3Sh8=,lITkIVHcQ8duQuQPgssyHNlt/HE=
39,13,p8SpL2kupF0Kbg88RKcVNWP3Sh8=,lITkIVHcQ8duQuQPgssyHNlt/HE=
39,12,p8SpL2kupF0Kbg88RKcVNWP3Sh8=,lITkIVHcQ8duQuQPgssyHNlt/HE=
39,11,p8SpL2kupF0Kbg88RKcVNWP3Sh8=,lITkIVHcQ8duQuQPgssyHNlt/HE=
39,10,p8SpL2kupF0Kbg88RKcVNWP3Sh8=,lITkIVHcQ8duQuQPgssyHNlt/HE=
39,9,p8SpL2kupF0Kbg88RKcVNWP3Sh8=,lITkIVHcQ8duQuQPgssyHNlt/HE=
39,8,p8SpL2kupF0Kbg88RKcVNWP3Sh8=,LplPxhFL9e7DTXH/XxzpZAubKjc=
39,23,47irkxah+aKy9G2vCFbeUr4vkLo=,MKldmr+O8IE8rFjiqc8y4BjI8vQ=
39,22,47irkxah+aKy9G2vCFbeUr4vkLo=,uUEMlyLjB6z9zie749FrXGnfCFM=
39,21,47irkxah+aKy9G2vCFbeUr4vkLo=,uUEMlyLjB6z9zie749FrXGnfCFM=
39,20,47irkxah+aKy9G2vCFbeUr4vkLo=,uUEMlyLjB6z9zie749FrXGnfCFM=
39,19,47irkxah+aKy9G2vCFbeUr4vkLo=,uUEMlyLjB6z9zie749FrXGnfCFM=
39,18,47irkxah+aKy9G2vCFbeUr4vkLo=,uUEMlyLjB6z9zie749FrXGnfCFM=
39,17,47irkxah+aKy9G2vCFbeUr4vkLo=,uUEMlyLjB6z9zie749FrXGnfCFM=
39,16,47irkxah+aKy9G2vCFbeUr4vkLo=,ZLbfkaphixHDsb8QA3dFB9G5pZ4=
39,31,47irkxah+aKy9G2vCFbeUr4vkLo=,Y/fxXdHDdH+kE9zOIOcXZP52ShU=
39,30,47irkxah+aKy9G2vCFbeUr4vkLo=,Y/fxXdHDdH+kE9zOIOcXZP52ShU=
39,29,47irkxah+aKy9G2vCFbeUr4vkLo=,Y/fxXdHDdH+kE9zOIOcXZP52ShU=
39,28,47irkxah+aKy9G2vCFbeUr4vkLo=,Y/fxXdHDdH+kE9zOIOcXZP52ShU=
39,27,47irkxah+aKy9G2vCFbeUr4vkLo=,Y/fxXdHDdH+kE9zOIOcXZP52ShU=
39,26,47irkxah+aKy9G2vCFbeUr4vkLo=,Y/fxXdHDdH+kE9zOIOcXZP52ShU=
39,25,47irkxah+aKy9G2vCFbeUr4vkLo=,Y/fxXdHDdH+kE9zOIOcXZP52ShU=
39,24,47irkxah+aKy9G2vCFbeUr4vkLo=,Y/fxXdHDdH+kE9zOIOcXZP52ShU=
40,8,47irkxah+aKy9G2vCFbeUr4vkLo=,WXvTHZ6G3wwNOFNaObXg5rDE9qQ=
40,9,47irkxah+aKy9G2vCFbeUr4vkLo=,VMT+FX3w3PwtSIWl+rLEr8B+5tg=
40,10,47irkxah+aKy9G2vCFbeUr4vkLo=,gpXSkwabL7P/NFpypXGTq9Sdlnw=
40,11,47irkxah+aKy9G2vCFbeUr4vkLo=,gpXSkwabL7P/NFpypXGTq9Sdlnw=
40,12,47irkxah+aKy9G2vCFbeUr4vkLo=,gpXSkwabL7P/NFpypXGTq9Sdlnw=
40,13,47irkxah+aKy9G2vCFbeUr4vkLo=,gpXSkwabL7P/NFpypXGTq9Sdlnw=
40,14,47irkxah+aKy9G2vCFbeUr4vkLo=,gpXSkwabL7P/NFpypXGTq9Sdlnw=
40,15,47irkxah+aKy9G2vCFbeUr4vkLo=,VBZaAMwiG+6I5XvZ8z9vmo+jv9c=
40,0,47irkxah+aKy9G2vCFbeUr4vkLo=,1ir29mcCYPDFSsKl1PuXop6QLws=
40,1,47irkxah+aKy9G2vCFbeUr4vkLo=,o1VKMbZsbwbXwDitcE3Nbl2NQ4I=
40,2,47irkxah+aKy9G2vCFbeUr4vkLo=,WXvTHZ6G3wwNOFNaObXg5rDE9qQ=
40,3,47irkxah+aKy9G2vCFbeUr4vkLo=,WdZVhkspNpvVSmiZsrXmPAuxiaE=
40,4,47irkxah+aKy9G2vCFbeUr4vkLo=,1ir29mcCYPDFSsKl1PuXop6QLws=
40,5,47irkxah+aKy9G2vCFbeUr4vkLo=,1ir29mcCYPDFSsKl1PuXop6QLws=
40,6,47irkxah+aKy9G2vCFbeUr4vkLo=,k7SB9oly9HuwmJO2XN01h3fn1F0=
40,7,47irkxah+aKy9G2vCFbeUr4vkLo=,R/EL8fH3CjHI7h6rngN7vbLa5oo=
40,24,47irkxah+aKy9G2vCFbeUr4vkLo=,Y9erKOPLUU/dWCDz3+4SIMKg0Fk=
40,25,47irkxah+aKy9G2vCFbeUr4vkLo=,7OaZQKTqOwd80B+bQEGllnM23uw=
40,26,47irkxah+aKy9G2vCFbeUr4vkLo=,Ta4p7Gs7sSi6vM06UEfXJureY/c=
40,27,47irkxah+aKy9G2vCFbeUr4vkLo=,HzPwV8sL9R98j85DcPH8b3LkqGc=
40,28,47irkxah+aKy9G2vCFbeUr4vkLo=,HzPwV8sL9R98j85DcPH8b3LkqGc=
40,29,47irkxah+aKy9G2vCFbeUr4vkLo=,HzPwV8sL9R98j85DcPH8b3LkqGc=
40,30,47irkxah+aKy9G2vCFbeUr4vkLo=,Y9erKOPLUU/dWCDz3+4SIMKg0Fk=
40,31,47irkxah+aKy9G2vCFbeUr4vkLo=,Ta4p7Gs7sSi6vM06UEfXJureY/c=
40,16,47irkxah+aKy9G2vCFbeUr4vkLo=,xn1AhezMrmcyfc4nwifTumWapFI=
40,17,47irkxah+aKy9G2vCFbeUr4vkLo=,HyDcYV+UyoDsZr24tpSROSSz8aA=
40,18,47irkxah+aKy9G2vCFbeUr4vkLo=,yLxxhRrCrdpYcl0+n+Fuv9S1+yc=
40,19,47irkxah+aKy9G2vCFbeUr4vkLo=,hLtgYABMRYk9R8o0ZBvBZI3yf1M=
40,20,47irkxah+aKy9G2vCFbeUr4vkLo=,YDQBk08iQsBEPf9qlI+qw5ibuGI=
40,21,47irkxah+aKy9G2vCFbeUr4vkLo=,YDQBk08iQsBEPf9qlI+qw5ibuGI=
40,22,47irkxah+aKy9G2vCFbeUr4vkLo=,hurfK6+J2yb1PifL1G2RPcLqbhg=
40,23,47irkxah+aKy9G2vCFbeUr4vkLo=,hLhM9JT0lh0xuiMdpRQpC4q39xo=
41,9,47irkxah+aKy9G2vCFbeUr4vkLo=,guUcGY90nV3okOeRltu6CmV2pPk=
41,8,47irkxah+aKy9G2vCFbeUr4vkLo=,VMT+FX3w3PwtSIWl+rLEr8B+5tg=
41,11,47irkxah+aKy9G2vCFbeUr4vkLo=,88symgVRRGKIlboD4kYBoJKr3Og=
41,10,47irkxah+aKy9G2vCFbeUr4vkLo=,88symgVRRGKIlboD4kYBoJKr3Og=
41,13,47irkxah+aKy9G2vCFbeUr4vkLo=,88symgVRRGKIlboD4kYBoJKr3Og=
41,12,yh0q5TIweuiGFc/1UkZd6WlNN/k=,88symgVRRGKIlboD4kYBoJKr3Og=
41,15,yh0q5TIweuiGFc/1UkZd6WlNN/k=,JHtreAEWqtbSnKJMuFwm4lAfEOU=
41,14,yh0q5TIweuiGFc/1UkZd6WlNN/k=,88symgVRRGKIlboD4kYBoJKr3Og=
41,1,yh0q5TIweuiGFc/1UkZd6WlNN/k=,o1VKMbZsbwbXwDitcE3Nbl2NQ4I=
41,0,yh0q5TIweuiGFc/1UkZd6WlNN/k=,1ir29mcCYPDFSsKl1PuXop6QLws=
41,3,yh0q5TIweuiGFc/1UkZd6WlNN/k=,Iqi15wCt5aycNM4CYAFhBR4MQd0=
41,2,yh0q5TIweuiGFc/1UkZd6WlNN/k=,vvtIAr7BetDRhh8E5d4ZMWKDiNM=
41,5,yh0q5TIweuiGFc/1UkZd6WlNN/k=,evymqBBIj/GbMRWSlKotjAHsMHs=
41,4,yh0q5TIweuiGFc/1UkZd6WlNN/k=,k7SB9oly9HuwmJO2XN01h3fn1F0=
41,7,yh0q5TIweuiGFc/1UkZd6WlNN/k=,dZTlMjFfvqCdfqhYB16T80W7FkA=
41,6,yh0q5TIweuiGFc/1UkZd6WlNN/k=,lpKDNUloLW6hOJ07UaJCX+Xa1yI=
41,25,yh0q5TIweuiGFc/1UkZd6WlNN/k=,Z02F20qT4+UTN5ZIoBJN2llGJ+o=
41,24,yh0q5TIweuiGFc/1UkZd6WlNN/k=,PV8f4TXO2fi/EeEhLk0SdZGH1Hk=
41,27,yh0q5TIweuiGFc/1UkZd6WlNN/k=,7OaZQKTqOwd80B+bQEGllnM23uw=
41,26,yh0q5TIweuiGFc/1UkZd6WlNN/k=,JqelTgJHv4Q1sZwuiI5mqMp9Tbw=
41,29,yh0q5TIweuiGFc/1UkZd6WlNN/k=,7OaZQKTqOwd80B+bQEGllnM23uw=
41,28,yh0q5TIweuiGFc/1UkZd6WlNN/k=,7OaZQKTqOwd80B+bQEGllnM23uw=
41,31,yh0q5TIweuiGFc/1UkZd6WlNN/k=,7U36Ls/rBicqAz7NcBdPfjXGb4I=
41,30,yh0q5TIweuiGFc/1UkZd6WlNN/k=,t/lQpk61CDj1tUU091gb25iwXdw=
41,17,yh0q5TIweuiGFc/1UkZd6WlNN/k=,TbDvp9tvGNKOO6sTNYgtzhQqiS8=
41,16,yh0q5TIweuiGFc/1UkZd6WlNN/k=,xn1AhezMrmcyfc4nwifTumWapFI=
41,19,yh0q5TIweuiGFc/1UkZd6WlNN/k=,B9lcks47UgcekCUF44BlcGfE7Ms=
41,18,yh0q5TIweuiGFc/1UkZd6WlNN/k=,GHFXuyFOZJFi2gyplu+sUMrVj9c=
41,21,yh0q5TIweuiGFc/1UkZd6WlNN/k=,YDQBk08iQsBEPf9qlI+qw5ibuGI=
41,20,yh0q5TIweuiGFc/1UkZd6WlNN/k=,YDQBk08iQsBEPf9qlI+qw5ibuGI=
41,23,yh0q5TIweuiGFc/1UkZd6WlNN/k=,hurfK6+J2yb1PifL1G2RPcLqbhg=
41,22,yh0q5TIweuiGFc/1UkZd6WlNN/k=,YDQBk08iQsBEPf9qlI+qw5ibuGI=
42,10,yh0q5TIweuiGFc/1UkZd6WlNN/k=,88symgVRRGKIlboD4kYBoJKr3Og=
42,11,yh0q5TIweuiGFc/1UkZd6WlNN/k=,sfXSA8PZdzXUe+f6Qw+7SXqWRBc=
42,8,yh0q5TIweuiGFc/1UkZd6WlNN/k=,39kzGZR1O8MS+mWpdmZkyIhriEA=
42,9,yh0q5TIweuiGFc/1UkZd6WlNN/k=,63dAa472LMy050RpNss1tg2c7r0=
42,14,yh0q5TIweuiGFc/1UkZd6WlNN/k=,63dAa472LMy050RpNss1tg2c7r0=
42,15,yh0q5TIweuiGFc/1UkZd6WlNN/k=,JHtreAEWqtbSnKJMuFwm4lAfEOU=
42,12,yh0q5TIweuiGFc/1UkZd6WlNN/k=,0IV/UXY2NdF1npUkYP300tlIGPw=
42,13,yh0q5TIweuiGFc/1UkZd6WlNN/k=,0IV/UXY2NdF1npUkYP300tlIGPw=
42,2,yh0q5TIweuiGFc/1UkZd6WlNN/k=,dZTlMjFfvqCdfqhYB16T80W7FkA=
42,3,yh0q5TIweuiGFc/1UkZd6WlNN/k=,1ir29mcCYPDFSsKl1PuXop6QLws=
42,0,yh0q5TIweuiGFc/1UkZd6WlNN/k=,1ir29mcCYPDFSsKl1PuXop6QLws=
42,1,yh0q5TIweuiGFc/1UkZd6WlNN/k=,o1VKMbZsbwbXwDitcE3Nbl2NQ4I=
42,6,yh0q5TIweuiGFc/1UkZd6WlNN/k=,lTrgiWT2a8PDAuJtMhqxvB57dAc=
42,7,g1oB81SJosuK92p1I1T6WWaGsqA=,Iqi15wCt5aycNM4CYAFhBR4MQd0=
42,4,g1oB81SJosuK92p1I1T6WWaGsqA=,stWTGndARqxpcM6vELUDm35GW2A=
42,5,g1oB81SJosuK92p1I1T6WWaGsqA=,lTrgiWT2a8PDAuJtMhqxvB57dAc=
42,26,g1oB81SJosuK92p1I1T6WWaGsqA=,Z02F20qT4+UTN5ZIoBJN2llGJ+o=
42,27,g1oB81SJosuK92p1I1T6WWaGsqA=,BesdYn2mo2AAd10k92wnj3mK+rs=
42,24,g1oB81SJosuK92p1I1T6WWaGsqA=,HzPwV8sL9R98j85DcPH8b3LkqGc=
42,25,g1oB81SJosuK92p1I1T6WWaGsqA=,PV8f4TXO2fi/EeEhLk0SdZGH1Hk=
42,30,g1oB81SJosuK92p1I1T6WWaGsqA=,BesdYn2mo2AAd10k92wnj3mK+rs=
42,31,g1oB81SJosuK92p1I1T6WWaGsqA=,7U36Ls/rBicqAz7NcBdPfjXGb4I=
42,28,g1oB81SJosuK92p1I1T6WWaGsqA=,BesdYn2mo2AAd10k92wnj3mK+rs=
42,29,g1oB81SJosuK92p1I1T6WWaGsqA=,BesdYn2mo2AAd10k92wnj3mK+rs=
42,18,g1oB81SJosuK92p1I1T6WWaGsqA=,IR+I3fJsCe7+3esx3KhsQy3paF4=
42,19,g1oB81SJosuK92p1I1T6WWaGsqA=,YDQBk08iQsBEPf9qlI+qw5ibuGI=
42,16,g1oB81SJosuK92p1I1T6WWaGsqA=,xn1AhezMrmcyfc4nwifTumWapFI=
42,17,g1oB81SJosuK92p1I1T6WWaGsqA=,TbDvp9tvGNKOO6sTNYgtzhQqiS8=
42,22,g1oB81SJosuK92p1I1T6WWaGsqA=,YDQBk08iQsBEPf9qlI+qw5ibuGI=
42,23,g1oB81SJosuK92p1I1T6WWaGsqA=,YDQBk08iQsBEPf9qlI+qw5ibuGI=
42,20,g1oB81SJosuK92p1I1T6WWaGsqA=,YDQBk08iQsBEPf9qlI+qw5ibuGI=
42,21,g1oB81SJosuK92p1I1T6WWaGsqA=,YDQBk08iQsBEPf9qlI+qw5ibuGI=
43,11,g1oB81SJosuK92p1I1T6WWaGsqA=,JHtreAEWqtbSnKJMuFwm4lAfEOU=
43,10,g1oB81SJosuK92p1I1T6WWaGsqA=,88symgVRRGKIlboD4kYBoJKr3Og=
43,9,g1oB81SJosuK92p1I1T6WWaGsqA=,tGNkw3j6GFi44GHlKRpMHXTwS/c=
43,8,g1oB81SJosuK92p1I1T6WWaGsqA=,WXvTHZ6G3wwNOFNaObXg5rDE9qQ=
43,15,g1oB81SJosuK92p1I1T6WWaGsqA=,JHtreAEWqtbSnKJMuFwm4lAfEOU=
43,14,g1oB81SJosuK92p1I1T6WWaGsqA=,tGNkw3j6GFi44GHlKRpMHXTwS/c=
43,13,g1oB81SJosuK92p1I1T6WWaGsqA=,WXvTHZ6G3wwNOFNaObXg5rDE9qQ=
43,12,g1oB81SJosuK92p1I1T6WWaGsqA=,WXvTHZ6G3wwNOFNaObXg5rDE9qQ=
43,3,g1oB81SJosuK92p1I1T6WWaGsqA=,1ir29mcCYPDFSsKl1PuXop6QLws=
43,2,g1oB81SJosuK92p1I1T6WWaGsqA=,Iqi15wCt5aycNM4CYAFhBR4MQd0=
43,1,g1oB81SJosuK92p1I1T6WWaGsqA=,stWTGndARqxpcM6vELUDm35GW2A=
43,0,g1oB81SJosuK92p1I1T6WWaGsqA=,1ir29mcCYPDFSsKl1PuXop6QLws=
43,7,g1oB81SJosuK92p1I1T6WWaGsqA=,1ir29mcCYPDFSsKl1PuXop6QLws=
43,6,g1oB81SJosuK92p1I1T6WWaGsqA=,1ir29mcCYPDFSsKl1PuXop6QLws=
43,5,g1oB81SJosuK92p1I1T6WWaGsqA=,1ir29mcCYPDFSsKl1PuXop6QLws=
43,4,g1oB81SJosuK92p1I1T6WWaGsqA=,1ir29mcCYPDFSsKl1PuXop6QLws=
43,27,g1oB81SJosuK92p1I1T6WWaGsqA=,BesdYn2mo2AAd10k92wnj3mK+rs=
43,26,g1oB81SJosuK92p1I1T6WWaGsqA=,m+ymcgrA7k8s19+1b4pVj1LHaZs=
43,25,g1oB81SJosuK92p1I1T6WWaGsqA=,HzPwV8sL9R98j85DcPH8b3LkqGc=
43,24,g1oB81SJosuK92p1I1T6WWaGsqA=,HzPwV8sL9R98j85DcPH8b3LkqGc=
43,31,g1oB81SJosuK92p1I1T6WWaGsqA=,7U36Ls/rBicqAz7NcBdPfjXGb4I=
43,30,g1oB81SJosuK92p1I1T6WWaGsqA=,BesdYn2mo2AAd10k92wnj3mK+rs=
43,29,g1oB81SJosuK92p1I1T6WWaGsqA=,BesdYn2mo2AAd10k92wnj3mK+rs=
43,28,g1oB81SJosuK92p1I1T6WWaGsqA=,BesdYn2mo2AAd10k92wnj3mK+rs=
43,19,g1oB81SJosuK92p1I1T6WWaGsqA=,YDQBk08iQsBEPf9qlI+qw5ibuGI=
43,18,g1oB81SJosuK92p1I1T6WWaGsqA=,B9lcks47UgcekCUF44BlcGfE7Ms=
43,17,g1oB81SJosuK92p1I1T6WWaGsqA=,oHI1NAG7j+L8zTtZfJeKJnONNX0=
43,16,g1oB81SJosuK92p1I1T6WWaGsqA=,v55clq4imW2N2XRIsdHJHEZxFkY=
43,23,g1oB81SJosuK92p1I1T6WWaGsqA=,mzV6NIRTUYzP5/0vMn2NSOQEXMc=
43,22,g1oB81SJosuK92p1I1T6WWaGsqA=,YDQBk08iQsBEPf9qlI+qw5ibuGI=
43,21,UMXGIoJOrJ7xL2bUaM0cq5uWXeE=,YDQBk08iQsBEPf9qlI+qw5ibuGI=
43,20,UMXGIoJOrJ7xL2bUaM0cq5uWXeE=,YDQBk08iQsBEPf9qlI+qw5ibuGI=
44,12,UMXGIoJOrJ7xL2bUaM0cq5uWXeE=,WXvTHZ6G3wwNOFNaObXg5rDE9qQ=
44,13,UMXGIoJOrJ7xL2bUaM0cq5uWXeE=,VMT+FX3w3PwtSIWl+rLEr8B+5tg=
44,14,UMXGIoJOrJ7xL2bUaM0cq5uWXeE=,guUcGY90nV3okOeRltu6CmV2pPk=
44,15,UMXGIoJOrJ7xL2bUaM0cq5uWXeE=,JHtreAEWqtbSnKJMuFwm4lAfEOU=
44,8,UMXGIoJOrJ7xL2bUaM0cq5uWXeE=,WXvTHZ6G3wwNOFNaObXg5rDE9qQ=
44,9,UMXGIoJOrJ7xL2bUaM0cq5uWXeE=,tGNkw3j6GFi44GHlKRpMHXTwS/c=
44,10,UMXGIoJOrJ7xL2bUaM0cq5uWXeE=,88symgVRRGKIlboD4kYBoJKr3Og=
44,11,UMXGIoJOrJ7xL2bUaM0cq5uWXeE=,JHtreAEWqtbSnKJMuFwm4lAfEOU=
44,4,UMXGIoJOrJ7xL2bUaM0cq5uWXeE=,1ir29mcCYPDFSsKl1PuXop6QLws=
44,5,UMXGIoJOrJ7xL2bUaM0cq5uWXeE=,1ir29mcCYPDFSsKl1PuXop6QLws=
44,6,UMXGIoJOrJ7xL2bUaM0cq5uWXeE=,1ir29mcCYPDFSsKl1PuXop6QLws=
44,7,UMXGIoJOrJ7xL2bUaM0cq5uWXeE=,1ir29mcCYPDFSsKl1PuXop6QLws=
44,0,UMXGIoJOrJ7xL2bUaM0cq5uWXeE=,1ir29mcCYPDFSsKl1PuXop6QLws=
44,1,UMXGIoJOrJ7xL2bUaM0cq5uWXeE=,1ir29mcCYPDFSsKl1PuXop6QLws=
44,2,UMXGIoJOrJ7xL2bUaM0cq5uWXeE=,1ir29mcCYPDFSsKl1PuXop6QLws=
44,3,UMXGIoJOrJ7xL2bUaM0cq5uWXeE=,1ir29mcCYPDFSsKl1PuXop6QLws=
44,28,UMXGIoJOrJ7xL2bUaM0cq5uWXeE=,BesdYn2mo2AAd10k92wnj3mK+rs=
44,29,UMXGIoJOrJ7xL2bUaM0cq5uWXeE=,BesdYn2mo2AAd10k92wnj3mK+rs=
44,30,UMXGIoJOrJ7xL2bUaM0cq5uWXeE=,BesdYn2mo2AAd10k92wnj3mK+rs=
44,31,UMXGIoJOrJ7xL2bUaM0cq5uWXeE=,7U36Ls/rBicqAz7NcBdPfjXGb4I=
44,24,UMXGIoJOrJ7xL2bUaM0cq5uWXeE=,HzPwV8sL9R98j85DcPH8b3LkqGc=
44,25,UMXGIoJOrJ7xL2bUaM0cq5uWXeE=,HzPwV8sL9R98j85DcPH8b3LkqGc=
44,26,UMXGIoJOrJ7xL2bUaM0cq5uWXeE=,m+ymcgrA7k8s19+1b4pVj1LHaZs=
44,27,UMXGIoJOrJ7xL2bUaM0cq5uWXeE=,BesdYn2mo2AAd10k92wnj3mK+rs=
44,20,UMXGIoJOrJ7xL2bUaM0cq5uWXeE=,YDQBk08iQsBEPf9qlI+qw5ibuGI=
44,21,UMXGIoJOrJ7xL2bUaM0cq5uWXeE=,YDQBk08iQsBEPf9qlI+qw5ibuGI=
44,22,UMXGIoJOrJ7xL2bUaM0cq5uWXeE=,P/VRNP1N4YNjdtA6vm82Z8FfY4E=
44,23,UMXGIoJOrJ7xL2bUaM0cq5uWXeE=,t4mqqjK/Q3QEczF5N+fd+SKlD0g=
44,16,UMXGIoJOrJ7xL2bUaM0cq5uWXeE=,nP2IWzfeLLXTslzEdZ7oxEGzk+E=
44,17,UMXGIoJOrJ7xL2bUaM0cq5uWXeE=,YDQBk08iQsBEPf9qlI+qw5ibuGI=
44,18,UMXGIoJOrJ7xL2bUaM0cq5uWXeE=,YDQBk08iQsBEPf9qlI+qw5ibuGI=
44,19,UMXGIoJOrJ7xL2bUaM0cq5uWXeE=,YDQBk08iQsBEPf9qlI+qw5ibuGI=
45,13,UMXGIoJOrJ7xL2bUaM0cq5uWXeE=,39kzGZR1O8MS+mWpdmZkyIhriEA=
45,12,UMXGIoJOrJ7xL2bUaM0cq5uWXeE=,VBZaAMwiG+6I5XvZ8z9vmo+jv9c=
45,15,UMXGIoJOrJ7xL2bUaM0cq5uWXeE=,0KxTcN2Cqxgvwq3gIGAtXjBYMcE=
45,14,UMXGIoJOrJ7xL2bUaM0cq5uWXeE=,0IV/UXY2NdF1npUkYP300tlIGPw=
45,9,UMXGIoJOrJ7xL2bUaM0cq5uWXeE=,39kzGZR1O8MS+mWpdmZkyIhriEA=
45,8,UMXGIoJOrJ7xL2bUaM0cq5uWXeE=,WXvTHZ6G3wwNOFNaObXg5rDE9qQ=
45,11,UMXGIoJOrJ7xL2bUaM0cq5uWXeE=,ppRFeY73KIuaGFzs0UHrgv2ilRs=
45,10,UMXGIoJOrJ7xL2bUaM0cq5uWXeE=,88symgVRRGKIlboD4kYBoJKr3Og=
45,5,UMXGIoJOrJ7xL2bUaM0cq5uWXeE=,1ir29mcCYPDFSsKl1PuXop6QLws=
45,4,UMXGIoJOrJ7xL2bUaM0cq5uWXeE=,1ir29mcCYPDFSsKl1PuXop6QLws=
45,7,UMXGIoJOrJ7xL2bUaM0cq5uWXeE=,1ir29mcCYPDFSsKl1PuXop6QLws=
45,6,UMXGIoJOrJ7xL2bUaM0cq5uWXeE=,1ir29mcCYPDFSsKl1PuXop6QLws=
45,1,UMXGIoJOrJ7xL2bUaM0cq5uWXeE=,1ir29mcCYPDFSsKl1PuXop6QLws=
45,0,UMXGIoJOrJ7xL2bUaM0cq5uWXeE=,1ir29mcCYPDFSsKl1PuXop6QLws=
45,3,UMXGIoJOrJ7xL2bUaM0cq5uWXeE=,1ir29mcCYPDFSsKl1PuXop6QLws=
45,2,UMXGIoJOrJ7xL2bUaM0cq5uWXeE=,1ir29mcCYPDFSsKl1PuXop6QLws=
45,29,UMXGIoJOrJ7xL2bUaM0cq5uWXeE=,NJLywWM5KDXZNNCWyAncSFb2u/c=
45,28,UMXGIoJOrJ7xL2bUaM0cq5uWXeE=,NJLywWM5KDXZNNCWyAncSFb2u/c=
45,31,UMXGIoJOrJ7xL2bUaM0cq5uWXeE=,KMhGfp0rAiF3N+6DuGSuCA5MixU=
45,30,UMXGIoJOrJ7xL2bUaM0cq5uWXeE=,NJLywWM5KDXZNNCWyAncSFb2u/c=
45,25,UMXGIoJOrJ7xL2bUaM0cq5uWXeE=,HzPwV8sL9R98j85DcPH8b3LkqGc=
45,24,UMXGIoJOrJ7xL2bUaM0cq5uWXeE=,HzPwV8sL9R98j85DcPH8b3LkqGc=
45,27,UMXGIoJOrJ7xL2bUaM0cq5uWXeE=,NJLywWM5KDXZNNCWyAncSFb2u/c=
45,26,UMXGIoJOrJ7xL2bUaM0cq5uWXeE=,PV8f4TXO2fi/EeEhLk0SdZGH1Hk=
45,21,UMXGIoJOrJ7xL2bUaM0cq5uWXeE=,YDQBk08iQsBEPf9qlI+qw5ibuGI=
45,20,bQtBIz6vvVHMKNBNQvqNG13vTZc=,YDQBk08iQsBEPf9qlI+qw5ibuGI=
45,23,bQtBIz6vvVHMKNBNQvqNG13vTZc=,xn1AhezMrmcyfc4nwifTumWapFI=
45,22,bQtBIz6vvVHMKNBNQvqNG13vTZc=,Keg2PSMAfAClOoBqm0AMpNiKeVA=
45,17,bQtBIz6vvVHMKNBNQvqNG13vTZc=,V8tcAkXKRnTVIjBUd3vU5clQK88=
45,16,bQtBIz6vvVHMKNBNQvqNG13vTZc=,t4mqqjK/Q3QEczF5N+fd+SKlD0g=
45,19,bQtBIz6vvVHMKNBNQvqNG13vTZc=,YDQBk08iQsBEPf9qlI+qw5ibuGI=
45,18,bQtBIz6vvVHMKNBNQvqNG13vTZc=,mzV6NIRTUYzP5/0vMn2NSOQEXMc=
